customerID,gender,SeniorCitizen,Partner,Dependents,tenure,PhoneService,MultipleLines,InternetService,OnlineSecurity,OnlineBackup,DeviceProtection,TechSupport,StreamingTV,StreamingMovies,Contract,PaperlessBilling,PaymentMethod,MonthlyCharges,TotalCharges,Churn
8162-CNZKI,Male,0,No,No,61,No,No phone service,No,No internet service,No internet service,No internet service,No internet service,No internet service,No internet service,One year,Yes,Bank transfer (automatic),18.57,1105.76,No
7341-EPPKT,Female,0,No,Yes,33,No,No phone service,Fiber optic,No,No,No,No,Yes,No,Two year,No,Bank transfer (automatic),73.92,2453.5,No
3429-SNGZO,Female,1,Yes,Yes,50,Yes,Yes,DSL,No,Yes,No,Yes,No,No,Month-to-month,No,Electronic check,73.25,3636.06,No
7402-RXVEM,Male,0,Yes,No,70,Yes,No,No,No internet service,No internet service,No internet service,No internet service,No internet service,No internet service,Month-to-month,Yes,Mailed check,41.46,2911.81,No
7162-AHKEP,Male,0,No,No,3,Yes,No,Fiber optic,No,Yes,No,No,Yes,Yes,One year,Yes,Electronic check,111.26,325.56,No
3710-DMYDE,Female,0,No,Yes,8,Yes,Yes,DSL,No,Yes,No,Yes,No,Yes,Month-to-month,No,Bank transfer (automatic),90.72,737.73,No
2018-DLADG,Male,1,No,No,67,Yes,Yes,No,No internet service,No internet service,No internet service,No internet service,No internet service,No internet service,One year,No,Mailed check,37.68,2535.59,No
1001-VHSRD,Female,1,No,No,41,Yes,No,Fiber optic,Yes,No,No,Yes,No,No,One year,Yes,Electronic check,92.45,3794.35,No
2294-YMQSN,Male,0,No,No,45,Yes,Yes,Fiber optic,No,Yes,No,No,Yes,No,Two year,No,Mailed check,107.2,4803.62,No
6857-DXXTP,Male,0,No,No,24,Yes,No,DSL,Yes,Yes,No,No,No,No,Month-to-month,No,Bank transfer (automatic),73.13,1743.14,Yes
4856-DJMUA,Female,0,No,Yes,60,Yes,Yes,DSL,No,No,No,No,No,Yes,Month-to-month,Yes,Mailed check,73.44,4417.08,No
4899-BQENL,Female,0,No,Yes,47,Yes,No,No,No internet service,No internet service,No internet service,No internet service,No internet service,No internet service,Two year,No,Credit card (automatic),44.05,2074.4,No
5762-VERJR,Female,0,Yes,Yes,18,Yes,No,DSL,No,No,Yes,Yes,Yes,No,Month-to-month,No,Bank transfer (automatic),82.64,1524.39,No
3716-BIFNL,Female,0,No,No,47,Yes,No,No,No internet service,No internet service,No internet service,No internet service,No internet service,No internet service,Month-to-month,No,Electronic check,37.74,1776.99,No
8873-YEQDF,Female,0,No,No,0,Yes,No,Fiber optic,No,Yes,No,No,Yes,No,Month-to-month,Yes,Credit card (automatic),94.74, ,Yes
3175-ALBJE,Female,0,No,No,17,Yes,Yes,Fiber optic,No,No,Yes,No,No,Yes,Month-to-month,No,Bank transfer (automatic),100.3,1697.5,Yes
9910-QBDWB,Female,0,No,No,14,Yes,No,No,No internet service,No internet service,No internet service,No internet service,No internet service,No internet service,Month-to-month,Yes,Electronic check,47.63,650.1,No
6096-OSEZF,Male,0,No,No,57,Yes,No,No,No internet service,No internet service,No internet service,No internet service,No internet service,No internet service,Month-to-month,Yes,Electronic check,38.53,2219.5,No
1866-ZUVXV,Female,0,Yes,Yes,53,Yes,Yes,No,No internet service,No internet service,No internet service,No internet service,No internet service,No internet service,One year,Yes,Mailed check,40.58,2136.7,No
9778-AGZMM,Male,0,Yes,Yes,6,Yes,Yes,Fiber optic,No,Yes,No,No,Yes,No,One year,Yes,Electronic check,91.64,521.57,Yes
5196-COIIC,Female,0,Yes,No,66,No,No phone service,Fiber optic,No,No,Yes,No,No,No,Two year,No,Credit card (automatic),71.82,4713.59,No
7974-INDCG,Male,0,Yes,No,59,Yes,No,DSL,No,Yes,No,No,No,No,Two year,Yes,Electronic check,75.77,4477.83,No
2579-BQGPI,Male,0,Yes,No,31,Yes,No,DSL,No,No,Yes,No,No,No,Month-to-month,No,Electronic check,65.68,2022.73,No
7775-XYEQV,Female,0,Yes,Yes,15,Yes,No,No,No internet service,No internet service,No internet service,No internet service,No internet service,No internet service,Month-to-month,No,Mailed check,44.65,639.55,No
7015-VEOAL,Female,1,Yes,No,30,Yes,Yes,No,No internet service,No internet service,No internet service,No internet service,No internet service,No internet service,Two year,Yes,Credit card (automatic),39.33,1218.38,No
1994-KRXFY,Female,0,Yes,Yes,43,Yes,Yes,DSL,No,No,No,Yes,No,No,Month-to-month,No,Credit card (automatic),66.28,2806.37,No
1865-SXWJU,Male,1,No,No,45,Yes,No,Fiber optic,No,Yes,No,No,No,No,Month-to-month,No,Electronic check,90.23,4052.15,Yes
7056-STGJK,Female,1,No,Yes,25,Yes,Yes,No,No internet service,No internet service,No internet service,No internet service,No internet service,No internet service,Month-to-month,Yes,Electronic check,39.44,1018.44,Yes
6651-GDTJH,Female,0,Yes,No,7,Yes,No,Fiber optic,No,No,No,No,No,No,One year,No,Bank transfer (automatic),84.44,592.27,No
9962-SSIDB,Male,0,Yes,Yes,44,Yes,No,DSL,No,No,Yes,No,Yes,No,Month-to-month,No,Electronic check,77.34,3452.21,Yes
7963-XVKJF,Male,0,Yes,Yes,51,Yes,No,DSL,Yes,No,No,No,Yes,No,Month-to-month,Yes,Electronic check,74.3,3804.96,No
8845-NCDBA,Male,0,Yes,No,19,Yes,Yes,Fiber optic,No,No,Yes,Yes,No,Yes,Month-to-month,Yes,Electronic check,107.0,2009.42,No
7349-ATZVU,Male,0,Yes,No,46,Yes,No,No,No internet service,No internet service,No internet service,No internet service,No internet service,No internet service,One year,Yes,Credit card (automatic),41.92,1943.32,No
8052-VBMIN,Female,0,Yes,No,41,Yes,No,DSL,No,No,No,No,No,Yes,Month-to-month,Yes,Bank transfer (automatic),76.39,3120.67,No
4412-EPMFP,Female,1,Yes,No,36,Yes,No,Fiber optic,No,Yes,Yes,No,No,No,One year,No,Mailed check,97.93,3520.4,No
2341-VPWMV,Male,0,No,No,0,Yes,No,No,No internet service,No internet service,No internet service,No internet service,No internet service,No internet service,Month-to-month,Yes,Bank transfer (automatic),39.77, ,No
3171-YZXTH,Female,0,No,Yes,22,Yes,No,No,No internet service,No internet service,No internet service,No internet service,No internet service,No internet service,Month-to-month,Yes,Credit card (automatic),40.67,881.67,No
6639-FJJDC,Female,0,No,No,27,Yes,Yes,No,No internet service,No internet service,No internet service,No internet service,No internet service,No internet service,Month-to-month,Yes,Credit card (automatic),39.34,1076.68,No
2987-VOMYD,Male,0,Yes,No,60,Yes,No,No,No internet service,No internet service,No internet service,No internet service,No internet service,No internet service,Month-to-month,No,Mailed check,44.59,2657.26,No
2278-LSOWJ,Female,0,Yes,No,60,Yes,Yes,Fiber optic,No,No,No,No,No,Yes,Month-to-month,Yes,Credit card (automatic),89.16,5310.9,No
7251-IGLPG,Male,0,No,No,63,Yes,No,No,No internet service,No internet service,No internet service,No internet service,No internet service,No internet service,Two year,Yes,Bank transfer (automatic),35.0,2213.2,No
9624-JMSIX,Female,0,Yes,No,33,Yes,Yes,Fiber optic,No,No,Yes,Yes,No,No,Month-to-month,No,Mailed check,97.97,3228.11,No
7836-BKZTK,Female,0,No,Yes,23,Yes,No,Fiber optic,No,No,No,No,No,Yes,Two year,Yes,Mailed check,90.72,2104.95,No
9614-VNRSV,Male,0,No,No,36,Yes,No,DSL,No,No,No,No,Yes,No,Month-to-month,No,Credit card (automatic),72.26,2586.02,No
2449-EJDFB,Male,0,No,No,57,Yes,No,Fiber optic,No,Yes,No,No,Yes,Yes,Month-to-month,No,Electronic check,102.61,5869.21,Yes
9385-FGQIN,Female,0,Yes,No,45,No,No phone service,DSL,Yes,No,Yes,No,No,No,One year,Yes,Mailed check,56.98,2578.39,No
1134-RYZXE,Male,1,No,No,43,Yes,Yes,No,No internet service,No internet service,No internet service,No internet service,No internet service,No internet service,Two year,No,Electronic check,41.19,1781.49,No
3131-FUFSS,Female,0,Yes,Yes,31,Yes,Yes,DSL,No,Yes,No,Yes,No,Yes,Month-to-month,Yes,Electronic check,89.29,2740.99,Yes
9475-ADITO,Female,0,Yes,Yes,50,Yes,Yes,DSL,No,No,Yes,No,Yes,No,Month-to-month,No,Electronic check,80.88,4042.81,No
3886-AAYZZ,Female,0,Yes,No,63,Yes,No,No,No internet service,No internet service,No internet service,No internet service,No internet service,No internet service,One year,No,Electronic check,38.36,2434.74,No
7623-VNMZP,Female,0,No,No,48,Yes,Yes,No,No internet service,No internet service,No internet service,No internet service,No internet service,No internet service,Month-to-month,Yes,Credit card (automatic),44.11,2106.21,Yes
7911-AFULA,Male,0,No,No,29,No,No phone service,Fiber optic,Yes,No,No,Yes,No,No,One year,Yes,Electronic check,73.81,2098.53,Yes
6545-QHCKU,Male,0,Yes,No,61,Yes,No,Fiber optic,No,No,Yes,Yes,No,No,Two year,No,Credit card (automatic),96.08,5847.34,No
1067-NOELB,Male,1,Yes,No,68,Yes,Yes,DSL,No,No,No,No,Yes,Yes,Month-to-month,Yes,Credit card (automatic),73.66,4989.92,No
4185-GNZFD,Male,0,No,No,58,Yes,No,DSL,No,No,No,No,Yes,No,Two year,Yes,Mailed check,72.42,4188.22,No
6000-LAHQR,Male,0,No,No,64,No,No phone service,No,No internet service,No internet service,No internet service,No internet service,No internet service,No internet service,Month-to-month,No,Bank transfer (automatic),18.0,1123.1,No
8378-TKYKM,Female,0,Yes,Yes,19,Yes,No,No,No internet service,No internet service,No internet service,No internet service,No internet service,No internet service,Two year,Yes,Bank transfer (automatic),41.58,805.51,No
2275-MYHZT,Male,0,Yes,No,30,Yes,No,Fiber optic,Yes,No,Yes,No,Yes,Yes,Two year,Yes,Mailed check,120.0,3612.16,No
2923-ZVJXS,Female,0,No,No,18,Yes,No,DSL,No,No,No,Yes,No,No,One year,Yes,Electronic check,68.21,1209.62,No
1125-UWVLP,Female,0,No,Yes,26,Yes,No,DSL,Yes,No,No,No,Yes,No,Two year,No,Bank transfer (automatic),84.56,2189.9,No
7793-KKPAC,Female,0,No,Yes,53,Yes,No,Fiber optic,Yes,Yes,No,No,Yes,No,Two year,No,Electronic check,100.5,5309.04,No
8743-ZLEDF,Female,0,Yes,No,49,No,No phone service,DSL,No,Yes,No,No,Yes,No,Month-to-month,No,Mailed check,53.51,2631.72,No
4500-PHORB,Male,0,Yes,No,0,Yes,Yes,DSL,No,Yes,Yes,No,No,No,Month-to-month,Yes,Electronic check,71.3, ,Yes
6056-OSRZM,Female,0,Yes,No,55,Yes,No,Fiber optic,No,No,No,No,No,No,Month-to-month,Yes,Bank transfer (automatic),87.86,4815.18,Yes
3154-PEDRX,Male,0,Yes,No,14,Yes,No,Fiber optic,No,No,No,No,No,Yes,Month-to-month,No,Electronic check,97.27,1363.78,No
6082-ZOPQO,Male,0,No,Yes,13,Yes,Yes,Fiber optic,No,Yes,Yes,No,Yes,Yes,One year,No,Credit card (automatic),118.79,1527.32,No
3392-SNXDE,Female,0,Yes,No,39,Yes,Yes,Fiber optic,No,Yes,No,Yes,No,No,Month-to-month,Yes,Mailed check,92.15,3627.38,No
6718-MKKRE,Male,0,No,No,17,Yes,No,DSL,No,Yes,No,No,No,No,One year,Yes,Bank transfer (automatic),74.95,1259.75,No
5335-KOWBC,Male,0,No,No,70,No,No phone service,DSL,Yes,No,Yes,No,Yes,No,Month-to-month,Yes,Mailed check,62.14,4364.45,No
5301-EOQZF,Male,1,No,No,10,Yes,No,Fiber optic,No,Yes,Yes,No,No,No,Month-to-month,Yes,Bank transfer (automatic),103.28,1050.45,Yes
2530-ETYIL,Female,0,No,No,11,Yes,No,DSL,No,No,No,No,No,No,Month-to-month,No,Credit card (automatic),66.75,706.18,No
9885-FBNOB,Male,0,No,No,55,Yes,Yes,No,No internet service,No internet service,No internet service,No internet service,No internet service,No internet service,Two year,Yes,Mailed check,38.47,2110.59,No
6191-GDOWE,Male,0,Yes,No,20,Yes,No,DSL,Yes,No,No,No,Yes,No,Month-to-month,No,Mailed check,76.59,1514.38,No
2324-YUGHH,Male,0,Yes,Yes,52,Yes,Yes,No,No internet service,No internet service,No internet service,No internet service,No internet service,No internet service,Month-to-month,Yes,Bank transfer (automatic),41.87,2195.34,No
4929-SUWZC,Female,0,Yes,No,49,Yes,Yes,DSL,No,No,No,No,No,No,Month-to-month,Yes,Credit card (automatic),72.08,3530.38,No
6914-OXTVW,Male,0,No,No,13,Yes,No,Fiber optic,Yes,No,No,No,No,Yes,Two year,Yes,Electronic check,94.99,1252.68,No
8260-CQZMC,Male,0,No,No,42,Yes,Yes,Fiber optic,Yes,Yes,No,No,No,Yes,Month-to-month,Yes,Bank transfer (automatic),96.32,4078.08,Yes
1424-UWDYQ,Male,1,Yes,No,39,Yes,Yes,DSL,No,Yes,Yes,No,Yes,Yes,One year,No,Electronic check,96.44,3795.68,No
3937-IGICJ,Female,0,Yes,Yes,6,Yes,Yes,Fiber optic,Yes,Yes,No,Yes,No,Yes,Month-to-month,Yes,Credit card (automatic),102.09,591.08,Yes
2394-SSKZY,Female,1,Yes,No,55,Yes,Yes,DSL,Yes,No,No,No,No,No,Month-to-month,Yes,Credit card (automatic),67.66,3697.71,No
7888-FMABE,Female,0,Yes,Yes,62,Yes,Yes,Fiber optic,No,Yes,No,No,Yes,No,One year,No,Credit card (automatic),100.87,6230.32,No
7212-YAQLP,Male,0,No,Yes,69,Yes,Yes,No,No internet service,No internet service,No internet service,No internet service,No internet service,No internet service,One year,Yes,Electronic check,41.97,2918.63,No
4819-ZGLSI,Male,0,Yes,No,6,Yes,No,Fiber optic,No,Yes,Yes,No,No,No,One year,No,Electronic check,99.61,612.7,No
9878-AQHCM,Female,0,No,No,13,Yes,No,Fiber optic,No,Yes,No,No,No,Yes,Month-to-month,Yes,Mailed check,101.66,1335.17,Yes
6368-AQWAO,Female,0,No,No,60,Yes,Yes,DSL,Yes,No,Yes,Yes,Yes,No,Two year,No,Electronic check,87.03,5232.78,No
9675-WMSIQ,Female,0,Yes,No,22,Yes,No,Fiber optic,No,Yes,No,Yes,No,No,One year,No,Electronic check,96.28,2109.97,Yes
2253-SMTVK,Male,0,Yes,Yes,45,Yes,No,Fiber optic,No,No,No,Yes,No,Yes,Two year,Yes,Electronic check,109.58,4932.89,No
3641-SKWMT,Male,0,No,No,25,No,No phone service,DSL,Yes,Yes,Yes,No,No,Yes,Month-to-month,No,Electronic check,70.92,1779.72,No
9522-RPVVF,Female,0,No,No,15,Yes,Yes,DSL,Yes,No,No,Yes,No,No,Month-to-month,No,Electronic check,81.88,1230.46,No
4568-IVODF,Female,0,Yes,No,45,Yes,Yes,DSL,No,Yes,No,No,Yes,Yes,Month-to-month,No,Mailed check,90.99,4081.6,No
3651-SPTLA,Male,0,Yes,No,15,Yes,Yes,DSL,No,No,Yes,No,No,No,One year,No,Mailed check,65.57,1015.74,No
3790-RIAUB,Female,1,No,No,9,Yes,No,No,No internet service,No internet service,No internet service,No internet service,No internet service,No internet service,One year,Yes,Electronic check,37.55,313.95,No
7432-DUFOW,Female,0,No,No,38,Yes,No,DSL,Yes,No,Yes,No,No,No,Month-to-month,Yes,Bank transfer (automatic),75.55,2862.53,No
2710-OVBLY,Male,0,No,No,14,Yes,Yes,DSL,Yes,No,No,No,No,Yes,Month-to-month,No,Bank transfer (automatic),86.45,1239.53,No
8352-MAOBS,Female,0,No,No,14,Yes,Yes,DSL,No,Yes,No,No,No,Yes,Month-to-month,Yes,Electronic check,78.98,1124.31,No
3860-VLPEQ,Male,1,No,No,56,Yes,Yes,DSL,No,No,Yes,No,Yes,No,Month-to-month,Yes,Electronic check,71.34,3969.65,Yes
5417-CRBXG,Male,0,Yes,No,38,Yes,No,Fiber optic,No,No,Yes,No,No,Yes,Two year,Yes,Credit card (automatic),101.02,3794.93,No
5137-OQXME,Female,0,No,No,39,Yes,Yes,DSL,No,No,Yes,No,No,No,Month-to-month,Yes,Electronic check,74.82,2897.38,No
9500-YKGSV,Female,1,Yes,No,10,Yes,No,DSL,Yes,Yes,No,Yes,Yes,Yes,Month-to-month,Yes,Credit card (automatic),101.37,1016.08,Yes
1965-HHKPS,Male,1,No,No,11,Yes,No,DSL,No,No,No,No,No,Yes,Month-to-month,Yes,Electronic check,76.57,843.49,Yes
8532-WKGBU,Female,0,No,No,28,Yes,No,No,No internet service,No internet service,No internet service,No internet service,No internet service,No internet service,Month-to-month,Yes,Electronic check,39.48,1104.77,No
3141-ZIKSC,Male,0,No,No,28,Yes,Yes,Fiber optic,No,No,No,No,Yes,No,Two year,Yes,Credit card (automatic),94.53,2658.35,Yes
3243-OMGIC,Female,0,No,No,32,Yes,No,Fiber optic,No,No,Yes,Yes,No,No,Month-to-month,No,Bank transfer (automatic),94.28,3017.5,Yes
8861-PXJUH,Male,0,No,Yes,9,Yes,No,DSL,No,Yes,No,Yes,Yes,Yes,Two year,No,Bank transfer (automatic),97.09,892.88,No
4234-XJCQL,Female,0,No,Yes,65,Yes,No,DSL,No,No,No,No,No,Yes,One year,No,Bank transfer (automatic),70.36,4588.55,No
8837-SVQDQ,Female,0,No,No,26,Yes,No,No,No internet service,No internet service,No internet service,No internet service,No internet service,No internet service,One year,Yes,Credit card (automatic),35.91,890.5,No
6272-UAIEL,Female,0,No,No,59,Yes,Yes,DSL,No,Yes,Yes,No,Yes,Yes,Month-to-month,No,Electronic check,91.36,5392.0,No
9993-IAGTJ,Female,0,Yes,No,29,No,No phone service,Fiber optic,No,No,No,No,No,Yes,One year,Yes,Electronic check,73.09,2115.32,No
2801-ISLHW,Male,0,Yes,No,34,Yes,Yes,DSL,No,Yes,No,Yes,Yes,Yes,One year,Yes,Electronic check,97.39,3316.74,No
5538-JWLFL,Female,0,No,No,8,Yes,No,DSL,Yes,Yes,No,No,Yes,No,Month-to-month,Yes,Bank transfer (automatic),87.68,696.62,No
8068-HEMXW,Male,1,No,No,49,Yes,No,Fiber optic,No,No,No,Yes,Yes,No,Two year,No,Electronic check,102.11,4971.16,No
8925-HWMIM,Female,0,No,Yes,4,Yes,No,Fiber optic,No,No,Yes,No,Yes,No,Month-to-month,Yes,Bank transfer (automatic),103.16,421.8,Yes
7457-SUNEF,Female,0,No,Yes,54,Yes,No,DSL,No,Yes,No,Yes,No,No,Month-to-month,Yes,Electronic check,74.2,4020.7,No
2901-JDEQC,Male,0,Yes,No,64,Yes,No,Fiber optic,Yes,No,No,No,No,No,Month-to-month,Yes,Electronic check,90.03,5725.01,No
6186-EGCOC,Female,0,Yes,Yes,26,Yes,No,Fiber optic,No,No,Yes,No,No,No,One year,Yes,Electronic check,90.72,2393.27,No
9426-DJJDD,Female,0,No,No,64,Yes,Yes,Fiber optic,No,No,No,No,No,No,Month-to-month,Yes,Credit card (automatic),87.75,5634.79,No
5468-MLGZV,Male,0,Yes,No,51,Yes,Yes,No,No internet service,No internet service,No internet service,No internet service,No internet service,No internet service,Month-to-month,Yes,Bank transfer (automatic),39.4,1991.42,Yes
4081-DKSVB,Male,1,No,No,0,Yes,No,Fiber optic,No,No,Yes,No,No,No,Month-to-month,Yes,Electronic check,84.39, ,Yes
3001-ZJSUW,Male,0,No,Yes,14,Yes,No,DSL,No,No,No,No,No,No,Month-to-month,Yes,Bank transfer (automatic),68.78,966.96,No
9837-CIPDA,Male,1,No,No,46,Yes,No,DSL,Yes,No,No,Yes,No,Yes,Month-to-month,No,Mailed check,84.7,3898.79,No
5828-JEZMJ,Male,1,Yes,No,51,Yes,No,Fiber optic,No,No,No,Yes,No,No,Two year,No,Credit card (automatic),87.35,4467.25,No
9482-OGNUI,Female,1,No,No,6,Yes,No,DSL,No,No,No,No,Yes,No,Month-to-month,No,Electronic check,70.77,434.45,No
3331-BOWBR,Female,0,Yes,No,49,Yes,Yes,No,No internet service,No internet service,No internet service,No internet service,No internet service,No internet service,Two year,Yes,Electronic check,43.51,2143.72,No
1982-ZEQZC,Male,1,Yes,No,59,No,No phone service,No,No internet service,No internet service,No internet service,No internet service,No internet service,No internet service,One year,Yes,Electronic check,21.29,1233.89,No
5727-LAGRY,Female,0,Yes,No,6,Yes,No,DSL,Yes,Yes,Yes,Yes,Yes,No,One year,No,Credit card (automatic),94.95,566.9,No
7497-FPLIY,Female,0,Yes,No,64,Yes,No,No,No internet service,No internet service,No internet service,No internet service,No internet service,No internet service,Two year,Yes,Credit card (automatic),41.74,2678.23,No
2414-CGTJQ,Male,0,No,No,38,Yes,Yes,DSL,No,Yes,Yes,No,No,Yes,Month-to-month,Yes,Electronic check,83.47,3167.12,No
4828-LGCGV,Female,0,No,Yes,45,Yes,Yes,DSL,No,No,No,No,No,Yes,One year,Yes,Mailed check,72.35,3268.69,No
9819-AOURP,Female,0,Yes,Yes,3,Yes,Yes,No,No internet service,No internet service,No internet service,No internet service,No internet service,No internet service,Month-to-month,No,Bank transfer (automatic),37.45,133.89,No
4766-FEOQS,Female,0,No,No,44,Yes,Yes,Fiber optic,No,No,No,No,Yes,No,Month-to-month,No,Electronic check,99.81,4375.06,Yes
5219-KVUDY,Female,0,No,No,33,Yes,No,Fiber optic,No,No,Yes,Yes,No,No,Month-to-month,Yes,Electronic check,90.24,2977.22,No
1711-TTAMI,Female,0,No,No,27,No,No phone service,No,No internet service,No internet service,No internet service,No internet service,No internet service,No internet service,One year,Yes,Electronic check,20.67,547.51,Yes
1102-XOICE,Male,1,No,No,56,Yes,No,DSL,No,Yes,No,No,Yes,No,Two year,No,Bank transfer (automatic),82.44,4608.15,No
4896-DCUAG,Female,0,No,No,18,Yes,No,Fiber optic,Yes,No,Yes,No,No,Yes,Month-to-month,Yes,Credit card (automatic),106.23,1879.28,Yes
3293-LTNCZ,Female,0,Yes,Yes,4,Yes,No,No,No internet service,No internet service,No internet service,No internet service,No internet service,No internet service,One year,No,Electronic check,40.2,169.06,No
8153-QSYUF,Male,0,Yes,No,36,Yes,No,No,No internet service,No internet service,No internet service,No internet service,No internet service,No internet service,Month-to-month,Yes,Electronic check,48.95,1819.53,No
6024-WQFKH,Female,0,No,Yes,54,Yes,No,Fiber optic,No,No,No,No,Yes,Yes,Month-to-month,Yes,Mailed check,99.55,5384.06,Yes
5321-ZIMYJ,Male,0,No,No,9,Yes,Yes,Fiber optic,Yes,Yes,No,No,No,No,Month-to-month,No,Mailed check,95.33,903.75,Yes
9994-QAUIL,Male,0,No,No,71,Yes,Yes,No,No internet service,No internet service,No internet service,No internet service,No internet service,No internet service,One year,No,Electronic check,43.09,3085.21,No
2136-VHQBW,Male,0,Yes,No,49,Yes,No,DSL,No,No,No,No,Yes,Yes,Month-to-month,No,Electronic check,84.15,4108.3,No
7490-YQQTS,Female,0,Yes,No,68,Yes,No,No,No internet service,No internet service,No internet service,No internet service,No internet service,No internet service,Month-to-month,Yes,Electronic check,36.54,2493.21,No
9800-CMUEZ,Male,0,No,No,34,Yes,No,DSL,Yes,No,No,No,Yes,No,Month-to-month,No,Electronic check,82.75,2829.21,No
6493-MCKYS,Male,0,Yes,No,8,Yes,No,DSL,No,No,Yes,No,Yes,Yes,One year,No,Credit card (automatic),90.14,735.78,Yes
7523-FKDTY,Male,1,No,Yes,12,Yes,Yes,DSL,Yes,Yes,Yes,No,Yes,Yes,Two year,Yes,Mailed check,92.86,1099.9,No
4627-BXSMH,Female,0,No,No,36,Yes,Yes,Fiber optic,No,No,No,Yes,Yes,Yes,Month-to-month,No,Credit card (automatic),114.19,4115.05,No
3680-ARGEV,Female,1,Yes,No,42,Yes,No,DSL,No,No,No,No,Yes,Yes,One year,No,Credit card (automatic),82.71,3507.26,Yes
3091-AMFST,Male,0,Yes,Yes,53,Yes,No,Fiber optic,Yes,No,Yes,No,No,No,One year,No,Mailed check,98.07,5166.62,No
4748-ZURJN,Male,0,Yes,No,58,Yes,Yes,No,No internet service,No internet service,No internet service,No internet service,No internet service,No internet service,Month-to-month,Yes,Credit card (automatic),44.92,2626.04,No
3842-KQTOF,Female,0,Yes,Yes,55,No,No phone service,DSL,No,Yes,Yes,Yes,No,Yes,Month-to-month,No,Electronic check,67.13,3715.78,No
5842-CHSAX,Male,1,No,No,42,Yes,No,Fiber optic,No,No,Yes,Yes,No,No,Two year,No,Bank transfer (automatic),94.15,3920.03,No
7716-WJJAY,Female,1,No,Yes,1,Yes,Yes,Fiber optic,No,No,Yes,No,Yes,No,Month-to-month,Yes,Credit card (automatic),98.27,85.71,No
3354-CDBBO,Male,0,Yes,No,38,Yes,No,Fiber optic,No,No,No,No,Yes,No,Month-to-month,No,Bank transfer (automatic),93.25,3537.97,Yes
3814-RDHNP,Female,0,No,Yes,59,Yes,No,Fiber optic,No,Yes,No,No,No,No,Two year,Yes,Mailed check,89.39,5291.53,No
9879-BLXRO,Male,0,Yes,No,61,Yes,No,No,No internet service,No internet service,No internet service,No internet service,No internet service,No internet service,Two year,No,Bank transfer (automatic),39.75,2424.9,No
9724-YOPYW,Male,0,Yes,Yes,60,Yes,No,Fiber optic,No,No,Yes,Yes,Yes,Yes,One year,Yes,Electronic check,114.04,6831.38,No
5845-YBMUI,Female,1,No,No,0,Yes,No,Fiber optic,No,No,Yes,No,No,No,Two year,Yes,Electronic check,84.64, ,Yes
8722-IUJTG,Male,0,No,Yes,31,Yes,No,DSL,No,No,No,Yes,Yes,No,Month-to-month,No,Electronic check,76.06,2366.54,Yes
4058-YUNCP,Female,0,No,No,45,Yes,No,Fiber optic,No,Yes,No,No,Yes,No,Two year,No,Electronic check,95.43,4291.13,No
4676-BGWSC,Female,0,Yes,No,18,Yes,No,DSL,No,No,No,No,No,No,Month-to-month,No,Bank transfer (automatic),60.4,1119.71,Yes
7812-NVWSC,Female,0,No,Yes,29,Yes,No,Fiber optic,No,Yes,Yes,Yes,No,No,Two year,Yes,Bank transfer (automatic),96.8,2807.88,No
2690-VHSNO,Female,1,Yes,No,7,No,No phone service,Fiber optic,Yes,No,Yes,No,No,Yes,Month-to-month,No,Credit card (automatic),81.91,588.19,Yes
6876-IMSUY,Female,0,No,No,14,Yes,No,No,No internet service,No internet service,No internet service,No internet service,No internet service,No internet service,Month-to-month,No,Bank transfer (automatic),36.1,484.25,Yes
2690-EWAUA,Male,0,No,No,0,Yes,No,Fiber optic,No,No,No,Yes,No,No,Month-to-month,Yes,Credit card (automatic),98.3, ,Yes
5335-ZPOQN,Male,0,No,No,71,Yes,No,Fiber optic,No,Yes,No,No,No,No,One year,Yes,Electronic check,91.91,6515.47,No
1237-ERHJP,Male,0,Yes,Yes,62,Yes,Yes,DSL,No,No,No,No,No,Yes,Month-to-month,No,Electronic check,64.94,4016.17,No
1409-DPNRA,Female,0,Yes,No,29,Yes,Yes,Fiber optic,No,No,No,No,Yes,Yes,Two year,Yes,Mailed check,102.77,3011.16,No
6703-TZFUZ,Male,1,No,Yes,0,Yes,Yes,No,No internet service,No internet service,No internet service,No internet service,No internet service,No internet service,Month-to-month,Yes,Electronic check,37.34, ,No
3991-ZOCTM,Male,0,Yes,No,24,Yes,No,Fiber optic,No,No,No,No,Yes,Yes,Month-to-month,No,Bank transfer (automatic),109.22,2611.01,Yes
1675-HNOMO,Male,0,No,No,31,Yes,Yes,DSL,Yes,No,No,No,No,No,One year,Yes,Mailed check,62.86,1914.08,No
7463-TNQVE,Male,0,No,No,12,Yes,No,Fiber optic,Yes,No,Yes,No,Yes,No,Month-to-month,No,Credit card (automatic),102.52,1212.54,Yes
4403-NGYOA,Male,0,No,Yes,48,Yes,Yes,DSL,No,No,Yes,No,Yes,Yes,One year,Yes,Electronic check,87.18,4150.7,No
2166-BGGDT,Male,0,Yes,No,72,Yes,Yes,Fiber optic,No,No,Yes,No,Yes,No,Two year,No,Credit card (automatic),97.03,7009.73,No
3696-ZCEQH,Female,0,No,Yes,61,Yes,No,DSL,No,Yes,No,Yes,No,Yes,One year,Yes,Bank transfer (automatic),78.42,4790.98,No
8605-WJQLI,Female,0,Yes,No,62,No,No phone service,Fiber optic,Yes,Yes,Yes,No,No,No,Month-to-month,Yes,Credit card (automatic),78.61,4889.94,No
1519-SHEDS,Female,0,Yes,No,60,Yes,No,No,No internet service,No internet service,No internet service,No internet service,No internet service,No internet service,Month-to-month,Yes,Mailed check,40.76,2454.9,No
4420-COOVM,Male,0,No,Yes,5,Yes,Yes,DSL,No,No,No,No,Yes,No,Two year,No,Mailed check,74.27,352.16,No
2755-LSOHZ,Female,0,Yes,Yes,40,Yes,No,Fiber optic,No,Yes,No,No,Yes,No,One year,Yes,Bank transfer (automatic),95.21,3824.74,No
8808-NUDTE,Male,0,No,No,41,Yes,Yes,DSL,Yes,No,No,No,No,Yes,Two year,No,Credit card (automatic),84.48,3459.82,No
8372-GOTAE,Female,0,No,Yes,7,Yes,No,DSL,No,No,No,No,No,No,Month-to-month,Yes,Electronic check,63.62,456.95,Yes
2981-FUZKT,Female,0,No,No,10,Yes,Yes,Fiber optic,No,Yes,No,Yes,No,Yes,One year,No,Bank transfer (automatic),103.22,977.58,Yes
3027-JEPHM,Female,0,No,No,41,Yes,Yes,Fiber optic,No,Yes,Yes,No,No,Yes,Month-to-month,Yes,Electronic check,105.03,4282.35,No
7060-QLYXU,Male,1,No,No,52,Yes,Yes,No,No internet service,No internet service,No internet service,No internet service,No internet service,No internet service,One year,Yes,Mailed check,42.61,2201.62,No
1302-NZDOB,Male,0,Yes,Yes,15,Yes,Yes,DSL,No,Yes,Yes,No,Yes,No,Two year,No,Bank transfer (automatic),87.14,1313.22,No
7433-MGBCZ,Female,0,No,Yes,35,Yes,No,DSL,No,Yes,Yes,Yes,No,Yes,Two year,Yes,Electronic check,90.58,3138.8,No
8671-NYEBG,Male,0,Yes,Yes,5,Yes,No,Fiber optic,No,Yes,No,Yes,No,No,Month-to-month,Yes,Electronic check,92.29,506.93,No
4970-FYNGL,Male,0,No,No,8,Yes,Yes,Fiber optic,Yes,Yes,No,Yes,No,No,Two year,No,Electronic check,96.29,795.57,No
9901-QCKXR,Male,0,No,No,42,Yes,No,Fiber optic,No,No,No,No,No,Yes,Month-to-month,Yes,Electronic check,93.6,3957.23,No
6607-JXHEB,Male,0,No,Yes,40,Yes,No,Fiber optic,Yes,Yes,Yes,No,No,No,Month-to-month,Yes,Electronic check,89.18,3595.95,Yes
7766-UBNGF,Male,0,Yes,Yes,54,No,No phone service,No,No internet service,No internet service,No internet service,No internet service,No internet service,No internet service,One year,No,Electronic check,19.02,1037.98,No
9082-LRIRF,Male,0,Yes,No,66,Yes,Yes,DSL,No,Yes,Yes,No,Yes,Yes,Month-to-month,Yes,Mailed check,94.87,6238.86,No
4853-REMNL,Female,1,Yes,No,13,Yes,Yes,No,No internet service,No internet service,No internet service,No internet service,No internet service,No internet service,Month-to-month,Yes,Mailed check,41.25,545.42,No
3325-MGQHU,Female,0,Yes,No,24,Yes,Yes,No,No internet service,No internet service,No internet service,No internet service,No internet service,No internet service,One year,Yes,Electronic check,40.14,953.51,No
3744-MNODQ,Female,1,Yes,No,62,Yes,No,DSL,No,No,No,No,Yes,Yes,One year,Yes,Electronic check,84.64,5243.04,No
5727-EQUMA,Male,1,Yes,Yes,3,Yes,No,DSL,No,No,Yes,No,Yes,Yes,One year,No,Electronic check,88.54,282.73,No
7107-GPZIQ,Female,1,Yes,No,60,Yes,Yes,Fiber optic,No,Yes,No,Yes,Yes,Yes,Month-to-month,Yes,Electronic check,115.48,6917.54,Yes
8681-KKTZK,Male,0,No,No,69,Yes,Yes,Fiber optic,No,No,No,No,No,No,One year,No,Electronic check,82.75,5697.44,No
5631-JFTAM,Male,0,Yes,No,7,Yes,Yes,DSL,Yes,No,No,No,Yes,Yes,Month-to-month,Yes,Electronic check,92.99,670.15,No
7384-MCCJV,Male,0,No,No,10,Yes,Yes,Fiber optic,No,No,No,No,No,Yes,Month-to-month,Yes,Electronic check,92.0,903.62,No
3512-IXOXK,Male,0,Yes,No,49,Yes,No,Fiber optic,No,No,No,Yes,No,No,Month-to-month,Yes,Bank transfer (automatic),90.11,4409.2,No
5699-PUNKY,Female,1,No,No,34,Yes,No,No,No internet service,No internet service,No internet service,No internet service,No internet service,No internet service,One year,Yes,Electronic check,44.38,1507.24,Yes
3833-YSERX,Male,0,Yes,No,72,Yes,Yes,No,No internet service,No internet service,No internet service,No internet service,No internet service,No internet service,Month-to-month,Yes,Mailed check,37.41,2705.14,No
2195-LXMOT,Female,0,No,No,39,Yes,Yes,No,No internet service,No internet service,No internet service,No internet service,No internet service,No internet service,Month-to-month,Yes,Credit card (automatic),31.93,1259.9,No
1604-NASNK,Male,0,No,No,47,Yes,Yes,Fiber optic,No,No,Yes,No,No,Yes,Two year,Yes,Electronic check,100.48,4709.27,No
4692-SUMVC,Female,0,No,No,17,Yes,Yes,No,No internet service,No internet service,No internet service,No internet service,No internet service,No internet service,Two year,Yes,Electronic check,36.95,594.69,No
8252-PFRSG,Male,0,Yes,No,23,Yes,No,DSL,Yes,No,No,No,No,Yes,One year,Yes,Bank transfer (automatic),83.59,1948.16,No
9701-RDZVM,Male,0,No,No,12,Yes,No,Fiber optic,No,No,No,No,Yes,No,Two year,No,Electronic check,95.72,1103.63,No
9037-IFESF,Female,1,Yes,Yes,10,Yes,No,No,No internet service,No internet service,No internet service,No internet service,No internet service,No internet service,Two year,No,Mailed check,32.82,336.33,No
3006-FQJLA,Female,0,Yes,Yes,8,Yes,Yes,No,No internet service,No internet service,No internet service,No internet service,No internet service,No internet service,One year,Yes,Bank transfer (automatic),47.78,381.3,No
4950-MDXYM,Male,0,Yes,No,65,No,No phone service,Fiber optic,Yes,No,No,No,Yes,No,Month-to-month,No,Credit card (automatic),78.02,5076.53,No
1248-NBOFZ,Female,0,No,Yes,5,Yes,No,DSL,No,Yes,Yes,No,No,No,One year,Yes,Credit card (automatic),72.4,368.17,No
5539-HQYFT,Male,1,Yes,No,37,Yes,No,DSL,Yes,No,No,No,Yes,Yes,Two year,Yes,Electronic check,93.69,3461.77,No
9262-LYVNY,Female,0,No,Yes,37,No,No phone service,Fiber optic,No,No,No,No,No,No,One year,No,Credit card (automatic),63.46,2346.35,No
2593-YHLHX,Female,0,Yes,No,4,Yes,Yes,DSL,No,Yes,Yes,No,Yes,No,Month-to-month,Yes,Electronic check,80.8,329.87,No
3586-SNCTA,Male,0,Yes,No,61,Yes,No,DSL,No,Yes,No,Yes,No,Yes,Two year,Yes,Mailed check,79.87,4877.41,No
2622-KLQBX,Female,1,Yes,Yes,36,Yes,No,No,No internet service,No internet service,No internet service,No internet service,No internet service,No internet service,One year,Yes,Mailed check,34.19,1175.24,No
1428-ATHGT,Male,0,Yes,Yes,9,Yes,No,DSL,No,No,Yes,No,Yes,Yes,Month-to-month,Yes,Electronic check,91.31,820.41,No
6435-JIPWK,Male,0,No,No,9,Yes,No,Fiber optic,Yes,No,No,No,No,No,Two year,No,Electronic check,92.64,849.76,No
4874-FNBVN,Male,1,No,No,51,Yes,Yes,DSL,No,No,No,Yes,No,No,One year,No,Bank transfer (automatic),76.95,3910.01,No
3602-EGBYI,Male,0,No,No,45,Yes,No,DSL,No,No,Yes,No,Yes,Yes,Two year,Yes,Electronic check,84.6,3816.25,No
9313-YAOUG,Female,0,Yes,Yes,30,Yes,No,DSL,No,Yes,No,No,No,No,Two year,Yes,Bank transfer (automatic),65.44,1983.62,No
9811-QUUDW,Male,0,Yes,Yes,29,Yes,No,DSL,No,No,Yes,No,No,Yes,Month-to-month,Yes,Credit card (automatic),82.65,2398.72,No
2079-ZQQYL,Male,0,No,Yes,2,Yes,Yes,Fiber optic,No,No,No,No,Yes,No,Two year,No,Electronic check,89.8,182.08,No
5492-RFCZT,Female,0,Yes,Yes,2,Yes,Yes,Fiber optic,No,Yes,Yes,No,No,No,Month-to-month,No,Electronic check,96.32,165.51,No
6139-HURLM,Male,0,Yes,No,39,Yes,No,Fiber optic,No,Yes,No,Yes,No,Yes,Two year,Yes,Electronic check,107.79,4201.95,No
9516-GBUFW,Female,0,No,Yes,26,Yes,No,No,No internet service,No internet service,No internet service,No internet service,No internet service,No internet service,Two year,Yes,Electronic check,38.43,1009.13,No
6363-OGVTV,Male,0,Yes,Yes,18,No,No phone service,Fiber optic,No,No,No,No,Yes,No,Two year,Yes,Electronic check,68.38,1222.1,No
5818-GOPFZ,Female,0,Yes,No,27,Yes,No,Fiber optic,Yes,No,No,No,Yes,Yes,Two year,No,Mailed check,110.61,2978.75,No
4723-CTQBJ,Female,0,Yes,No,44,Yes,No,Fiber optic,No,No,No,Yes,No,No,Two year,No,Bank transfer (automatic),85.37,3766.66,No
1907-KBBVH,Female,0,No,No,21,Yes,No,Fiber optic,No,No,No,Yes,No,No,Month-to-month,Yes,Bank transfer (automatic),96.61,2035.93,No
7605-WRBVH,Male,1,Yes,No,25,Yes,No,DSL,No,No,No,Yes,No,Yes,Month-to-month,Yes,Electronic check,73.49,1846.57,No
7069-ZBDVT,Male,0,No,No,20,No,No phone service,No,No internet service,No internet service,No internet service,No internet service,No internet service,No internet service,Month-to-month,Yes,Bank transfer (automatic),18.0,328.61,No
9476-ZBXFW,Female,0,Yes,Yes,48,Yes,Yes,Fiber optic,No,Yes,No,No,Yes,No,Two year,Yes,Bank transfer (automatic),98.53,4737.9,No
6680-ZZHNY,Male,0,Yes,Yes,3,Yes,No,Fiber optic,No,Yes,No,No,No,No,One year,Yes,Bank transfer (automatic),92.35,245.01,Yes
7984-OSCSW,Female,0,Yes,No,67,Yes,No,Fiber optic,No,No,No,No,Yes,No,One year,No,Mailed check,99.08,6632.98,No
4924-DCEPA,Male,0,No,No,40,Yes,No,No,No internet service,No internet service,No internet service,No internet service,No internet service,No internet service,Month-to-month,No,Mailed check,37.67,1545.58,No
9989-JMKRG,Female,0,Yes,No,17,Yes,No,Fiber optic,No,No,No,No,Yes,No,One year,Yes,Bank transfer (automatic),93.81,1606.11,Yes
8780-VTWTH,Female,0,No,No,55,Yes,No,Fiber optic,No,No,No,No,Yes,No,Month-to-month,No,Electronic check,92.56,5097.33,Yes
7068-NRYBE,Male,0,Yes,No,68,Yes,Yes,Fiber optic,No,No,No,No,Yes,No,Two year,Yes,Electronic check,96.68,6557.5,No
9517-FMJVG,Male,0,Yes,No,4,Yes,Yes,Fiber optic,Yes,No,Yes,No,No,Yes,Two year,No,Electronic check,96.8,418.05,Yes
2391-AIXWB,Female,0,Yes,No,14,No,No phone service,DSL,Yes,No,Yes,No,No,No,Month-to-month,Yes,Mailed check,49.01,692.35,Yes
9790-JDCHJ,Male,0,No,No,10,Yes,Yes,No,No internet service,No internet service,No internet service,No internet service,No internet service,No internet service,Two year,Yes,Bank transfer (automatic),44.73,400.9,No
6736-CNCQQ,Female,1,Yes,Yes,5,Yes,No,No,No internet service,No internet service,No internet service,No internet service,No internet service,No internet service,Month-to-month,Yes,Mailed check,47.27,222.76,Yes
7179-LKHYY,Male,0,No,Yes,53,Yes,No,DSL,No,No,No,No,No,No,Month-to-month,No,Electronic check,58.91,3127.7,No
1935-ZOPRF,Female,0,No,No,14,Yes,No,DSL,No,No,No,No,Yes,No,One year,Yes,Credit card (automatic),82.89,1155.95,No
9475-YKJXM,Female,0,No,No,27,Yes,No,No,No internet service,No internet service,No internet service,No internet service,No internet service,No internet service,One year,No,Mailed check,39.62,1091.4,No
3444-TATRL,Male,0,No,Yes,59,Yes,No,DSL,Yes,No,Yes,No,Yes,Yes,Month-to-month,Yes,Electronic check,97.93,5755.29,No
5963-OGZNM,Female,0,No,No,44,Yes,No,DSL,No,Yes,Yes,Yes,No,No,Month-to-month,No,Bank transfer (automatic),83.42,3673.96,No
6485-SMFKQ,Male,0,No,No,49,No,No phone service,DSL,No,No,No,No,No,Yes,Month-to-month,Yes,Electronic check,49.7,2422.74,No
3214-EDJUL,Female,0,Yes,No,7,Yes,No,DSL,No,No,Yes,No,Yes,No,Month-to-month,No,Credit card (automatic),76.05,535.5,No
3770-RUCYC,Male,0,No,No,70,No,No phone service,Fiber optic,No,No,No,No,No,No,Month-to-month,Yes,Bank transfer (automatic),64.81,4525.7,No
7509-BHJFF,Male,0,No,No,6,No,No phone service,Fiber optic,No,No,Yes,No,No,No,Month-to-month,Yes,Electronic check,70.91,426.65,Yes
4268-UMVVG,Male,0,Yes,Yes,51,Yes,No,Fiber optic,No,Yes,Yes,No,Yes,No,Two year,Yes,Electronic check,102.82,5274.01,No
5025-PHMHF,Male,0,No,No,46,Yes,Yes,DSL,No,Yes,Yes,Yes,No,Yes,Month-to-month,Yes,Electronic check,91.34,4170.04,Yes
1661-QMTBV,Male,0,No,Yes,30,Yes,No,Fiber optic,No,Yes,Yes,No,Yes,No,Month-to-month,Yes,Mailed check,101.08,3073.58,No
9607-HZENY,Female,1,Yes,No,61,Yes,No,DSL,Yes,No,No,No,No,No,Month-to-month,No,Mailed check,72.18,4472.55,No
4874-YFHQB,Male,0,No,No,65,Yes,No,Fiber optic,No,Yes,Yes,Yes,No,Yes,Month-to-month,No,Electronic check,108.15,7019.7,Yes
3142-SDJOT,Female,1,Yes,Yes,5,Yes,Yes,Fiber optic,Yes,No,No,No,Yes,No,One year,Yes,Bank transfer (automatic),100.32,529.57,No
5696-BPLKI,Male,0,Yes,Yes,69,Yes,No,No,No internet service,No internet service,No internet service,No internet service,No internet service,No internet service,Month-to-month,Yes,Electronic check,37.16,2581.98,No
8352-QASHY,Male,0,Yes,No,17,Yes,No,No,No internet service,No internet service,No internet service,No internet service,No internet service,No internet service,Month-to-month,Yes,Electronic check,36.99,644.22,Yes
5061-JDDTY,Female,0,No,No,57,Yes,Yes,Fiber optic,Yes,Yes,Yes,Yes,No,No,Two year,No,Electronic check,102.57,5831.26,No
4564-OYYRV,Female,0,Yes,No,59,Yes,No,Fiber optic,No,No,No,Yes,Yes,No,Two year,Yes,Electronic check,106.63,6272.26,No
5651-MLCPH,Male,1,No,No,40,Yes,No,Fiber optic,No,No,Yes,No,No,No,Month-to-month,Yes,Credit card (automatic),95.89,3826.04,Yes
7453-SITEG,Male,0,Yes,No,63,Yes,No,Fiber optic,No,Yes,Yes,No,Yes,Yes,Month-to-month,Yes,Mailed check,117.77,7411.0,Yes
7148-QWCSF,Female,0,Yes,No,60,No,No phone service,No,No internet service,No internet service,No internet service,No internet service,No internet service,No internet service,Two year,Yes,Credit card (automatic),18.0,1055.41,No
4084-DIFNE,Female,0,No,No,38,Yes,Yes,No,No internet service,No internet service,No internet service,No internet service,No internet service,No internet service,One year,Yes,Bank transfer (automatic),36.57,1373.91,No
6205-SKXDZ,Female,1,Yes,Yes,13,Yes,Yes,No,No internet service,No internet service,No internet service,No internet service,No internet service,No internet service,Two year,Yes,Electronic check,36.21,490.86,No
6384-KAWYC,Male,0,No,Yes,31,No,No phone service,Fiber optic,No,No,No,No,No,Yes,Month-to-month,No,Electronic check,76.81,2412.0,Yes
3382-OIPPK,Male,0,Yes,No,65,Yes,Yes,Fiber optic,Yes,Yes,No,No,Yes,Yes,Two year,No,Mailed check,111.68,7241.05,No
7559-AQIFA,Female,1,No,No,14,Yes,Yes,Fiber optic,No,Yes,No,Yes,No,Yes,Month-to-month,No,Electronic check,110.22,1591.9,Yes
1254-VVZWF,Female,1,No,Yes,72,Yes,No,DSL,No,No,Yes,Yes,No,No,Month-to-month,Yes,Bank transfer (automatic),76.34,5467.77,No
2862-UMXBH,Male,0,Yes,No,13,No,No phone service,Fiber optic,No,No,No,Yes,Yes,No,One year,No,Credit card (automatic),79.11,1004.73,No
2825-QTGVB,Male,0,Yes,Yes,48,Yes,No,No,No internet service,No internet service,No internet service,No internet service,No internet service,No internet service,One year,Yes,Electronic check,42.26,1990.73,No
1080-PYHPW,Male,1,Yes,No,46,Yes,Yes,No,No internet service,No internet service,No internet service,No internet service,No internet service,No internet service,Month-to-month,Yes,Credit card (automatic),42.75,1930.37,Yes
1908-YQEND,Female,0,No,Yes,14,Yes,No,No,No internet service,No internet service,No internet service,No internet service,No internet service,No internet service,Month-to-month,No,Credit card (automatic),35.56,520.66,No
1270-FWMII,Male,0,No,No,34,Yes,No,Fiber optic,No,Yes,No,No,No,Yes,Two year,Yes,Electronic check,88.52,3000.06,No
9346-QZMTA,Male,0,Yes,Yes,10,Yes,Yes,Fiber optic,No,No,No,No,Yes,No,Month-to-month,Yes,Mailed check,96.66,965.66,Yes
7122-TWJOR,Male,0,Yes,No,26,Yes,No,Fiber optic,Yes,No,No,No,Yes,No,Month-to-month,No,Electronic check,98.74,2559.96,No
7607-VICYP,Female,0,No,Yes,70,Yes,No,Fiber optic,Yes,No,Yes,No,Yes,Yes,Month-to-month,Yes,Electronic check,120.0,8373.12,No
2493-YZDXP,Male,0,Yes,No,3,No,No phone service,DSL,No,No,Yes,Yes,No,No,Month-to-month,Yes,Electronic check,57.26,136.09,Yes
2600-FFLUS,Male,0,No,No,63,Yes,No,Fiber optic,No,No,Yes,No,Yes,No,Two year,Yes,Electronic check,103.21,6456.53,No
4956-VZYGU,Male,0,No,Yes,49,Yes,Yes,DSL,Yes,No,Yes,No,No,No,Month-to-month,No,Credit card (automatic),76.93,3762.08,No
2581-WHCAS,Male,0,Yes,No,54,No,No phone service,Fiber optic,No,No,No,No,No,Yes,Month-to-month,Yes,Credit card (automatic),72.5,3921.33,No
3337-SICJI,Female,0,No,No,20,Yes,No,No,No internet service,No internet service,No internet service,No internet service,No internet service,No internet service,One year,Yes,Electronic check,36.71,712.8,No
4867-JKQKO,Male,0,Yes,No,69,Yes,Yes,Fiber optic,No,Yes,No,No,Yes,No,Month-to-month,Yes,Electronic check,97.31,6666.36,No
3114-YZDWP,Male,0,Yes,No,18,Yes,No,DSL,No,No,Yes,No,Yes,No,One year,Yes,Bank transfer (automatic),73.8,1344.08,No
8246-DSWJJ,Female,0,No,No,36,Yes,No,Fiber optic,No,No,Yes,No,No,No,Month-to-month,Yes,Bank transfer (automatic),90.29,3268.81,Yes
9793-HUHMD,Male,0,No,No,2,Yes,Yes,Fiber optic,No,No,No,No,Yes,Yes,Two year,No,Electronic check,109.09,186.95,No
9072-FSJEA,Female,0,No,No,64,Yes,No,Fiber optic,No,No,No,No,Yes,Yes,Two year,No,Credit card (automatic),104.79,6679.39,No
2208-NEEYO,Female,1,No,No,51,Yes,No,DSL,No,No,No,No,Yes,Yes,Two year,No,Bank transfer (automatic),77.96,3988.33,No
1595-DNGFU,Male,0,Yes,Yes,11,Yes,No,Fiber optic,No,Yes,No,Yes,Yes,No,Month-to-month,Yes,Electronic check,108.89,1155.79,Yes
5195-ZRJVM,Female,0,No,No,48,Yes,No,No,No internet service,No internet service,No internet service,No internet service,No internet service,No internet service,Two year,No,Mailed check,43.42,2053.41,No
7685-LAJFG,Male,0,No,Yes,13,No,No phone service,DSL,No,No,No,No,No,No,One year,No,Electronic check,44.62,606.06,No
4522-QVGPL,Female,0,Yes,No,32,Yes,No,Fiber optic,No,No,Yes,Yes,Yes,Yes,Month-to-month,Yes,Electronic check,116.53,3715.16,No
1528-KSTUV,Male,1,Yes,Yes,37,Yes,Yes,No,No internet service,No internet service,No internet service,No internet service,No internet service,No internet service,Month-to-month,Yes,Mailed check,34.91,1289.3,No
5702-AJOGC,Female,1,No,Yes,67,Yes,No,No,No internet service,No internet service,No internet service,No internet service,No internet service,No internet service,Month-to-month,No,Electronic check,40.05,2656.54,No
4328-CUIPB,Female,0,No,No,24,Yes,Yes,No,No internet service,No internet service,No internet service,No internet service,No internet service,No internet service,Month-to-month,Yes,Credit card (automatic),40.7,996.59,Yes
5242-YGSJQ,Female,0,Yes,No,0,Yes,Yes,No,No internet service,No internet service,No internet service,No internet service,No internet service,No internet service,Month-to-month,Yes,Mailed check,34.95, ,Yes
9841-EDWNG,Male,0,No,Yes,31,Yes,No,Fiber optic,No,Yes,No,Yes,No,No,Two year,No,Credit card (automatic),90.27,2815.48,No
6194-GLXJQ,Male,0,Yes,No,67,Yes,No,Fiber optic,Yes,Yes,No,Yes,No,No,Two year,Yes,Mailed check,94.76,6335.07,No
9293-RKZLK,Male,0,Yes,No,58,Yes,No,DSL,No,No,No,No,No,No,Month-to-month,No,Bank transfer (automatic),61.74,3554.66,No
6668-HMGBF,Male,1,Yes,No,4,Yes,Yes,DSL,No,Yes,No,Yes,No,No,Two year,No,Mailed check,67.71,265.06,No
7182-VFHED,Female,0,No,No,3,Yes,No,Fiber optic,No,Yes,No,No,Yes,No,One year,Yes,Electronic check,96.39,268.81,Yes
2739-UTZAT,Male,0,Yes,Yes,55,Yes,Yes,DSL,No,No,Yes,No,Yes,No,Month-to-month,Yes,Electronic check,82.97,4549.49,No
6266-IEENU,Female,0,No,Yes,52,Yes,No,DSL,No,No,No,No,Yes,Yes,Two year,No,Electronic check,84.12,4353.74,No
2191-REFAY,Female,0,Yes,No,40,Yes,Yes,No,No internet service,No internet service,No internet service,No internet service,No internet service,No internet service,One year,Yes,Bank transfer (automatic),33.4,1307.09,No
3742-PDPSK,Male,0,No,Yes,6,Yes,No,DSL,No,No,Yes,No,No,Yes,One year,Yes,Credit card (automatic),76.67,472.05,No
6201-FLPCK,Male,0,No,No,20,Yes,No,DSL,Yes,No,Yes,Yes,No,Yes,Month-to-month,Yes,Electronic check,87.34,1752.78,Yes
4444-ECAJW,Female,0,Yes,No,61,Yes,Yes,Fiber optic,No,No,No,No,Yes,No,Month-to-month,No,Electronic check,90.96,5524.93,Yes
7477-YNCMH,Male,0,No,No,10,Yes,No,DSL,No,No,Yes,No,No,No,Two year,Yes,Credit card (automatic),75.02,782.34,Yes
6562-SYQPK,Male,0,Yes,Yes,14,No,No phone service,Fiber optic,Yes,No,No,Yes,Yes,Yes,Month-to-month,No,Mailed check,93.74,1294.0,No
2763-IOZPC,Female,0,Yes,No,33,No,No phone service,DSL,Yes,No,No,No,No,No,Month-to-month,No,Electronic check,48.73,1621.4,No
2032-VVKHA,Female,1,No,No,53,Yes,Yes,Fiber optic,No,No,No,Yes,Yes,Yes,Month-to-month,Yes,Electronic check,111.73,5865.71,No
8234-UQZEV,Male,0,No,Yes,60,Yes,No,Fiber optic,No,Yes,Yes,Yes,Yes,No,Month-to-month,Yes,Electronic check,105.15,6299.6,No
9725-QRTJH,Male,0,Yes,Yes,43,Yes,No,Fiber optic,No,Yes,No,No,No,Yes,Month-to-month,Yes,Electronic check,99.51,4238.21,No
6903-HTWNP,Male,0,No,Yes,35,Yes,No,DSL,No,No,Yes,No,No,No,Two year,Yes,Bank transfer (automatic),72.53,2517.64,No
1837-LZQCJ,Female,0,Yes,No,28,Yes,Yes,Fiber optic,No,Yes,No,No,No,No,Month-to-month,Yes,Electronic check,85.87,2409.04,Yes
7322-XTHGE,Female,0,No,No,3,Yes,Yes,DSL,Yes,Yes,Yes,Yes,Yes,Yes,Two year,Yes,Bank transfer (automatic),101.58,307.11,No
7317-EQYRI,Female,0,No,No,19,Yes,Yes,Fiber optic,No,No,No,No,No,No,One year,Yes,Bank transfer (automatic),86.4,1622.74,No
3063-ZDBNB,Female,0,No,Yes,15,No,No phone service,DSL,Yes,Yes,Yes,No,No,No,Month-to-month,Yes,Electronic check,60.13,899.3,Yes
8348-VDKYS,Female,1,Yes,No,4,Yes,Yes,DSL,No,Yes,No,Yes,Yes,No,Month-to-month,Yes,Credit card (automatic),82.77,333.64,No
2110-PORXN,Male,0,No,Yes,54,Yes,No,DSL,No,No,No,No,No,Yes,Month-to-month,Yes,Credit card (automatic),75.09,4038.57,No
9546-SBOKK,Male,0,No,Yes,25,No,No phone service,DSL,Yes,Yes,No,No,Yes,No,Two year,No,Credit card (automatic),62.26,1566.51,No
7294-SKDCG,Female,0,Yes,Yes,37,Yes,Yes,DSL,No,No,No,No,No,Yes,Two year,Yes,Electronic check,74.2,2744.64,Yes
7731-EWVNQ,Female,1,Yes,No,14,Yes,Yes,DSL,No,No,Yes,No,Yes,No,Month-to-month,No,Bank transfer (automatic),79.3,1095.85,Yes
7577-AMVYH,Female,1,No,No,43,Yes,Yes,No,No internet service,No internet service,No internet service,No internet service,No internet service,No internet service,Two year,Yes,Mailed check,38.55,1690.7,No
5458-ADCIO,Male,0,Yes,No,9,Yes,No,Fiber optic,Yes,No,Yes,No,No,No,Two year,Yes,Electronic check,96.88,860.42,No
3868-EWQUW,Male,0,No,No,49,Yes,No,Fiber optic,No,Yes,No,Yes,Yes,Yes,Month-to-month,Yes,Mailed check,115.06,5612.97,Yes
8813-KSWTF,Male,0,Yes,Yes,53,Yes,No,DSL,No,Yes,No,No,Yes,No,One year,No,Bank transfer (automatic),79.74,4242.44,No
9283-QDXUO,Male,0,No,No,22,Yes,No,DSL,No,No,Yes,No,Yes,Yes,Two year,No,Electronic check,84.3,1863.6,No
4197-UPPBE,Female,0,Yes,Yes,15,Yes,Yes,No,No internet service,No internet service,No internet service,No internet service,No internet service,No internet service,Two year,Yes,Mailed check,43.25,604.63,No
3949-XRFWU,Female,0,No,No,56,No,No phone service,DSL,No,No,No,No,No,No,Month-to-month,Yes,Credit card (automatic),35.99,1972.37,No
1713-CJMTP,Male,0,No,No,16,Yes,No,No,No internet service,No internet service,No internet service,No internet service,No internet service,No internet service,Month-to-month,Yes,Bank transfer (automatic),35.32,571.15,No
4071-RRSPB,Male,0,Yes,Yes,13,No,No phone service,Fiber optic,Yes,No,Yes,Yes,No,No,Month-to-month,No,Credit card (automatic),84.71,1083.6,Yes
9336-IVRQJ,Female,0,No,Yes,24,Yes,Yes,Fiber optic,No,Yes,No,No,Yes,No,Month-to-month,No,Electronic check,101.21,2431.6,Yes
7966-LGCCP,Male,0,No,Yes,70,Yes,No,Fiber optic,No,Yes,Yes,Yes,Yes,No,Month-to-month,Yes,Mailed check,108.21,7563.23,Yes
4900-INCXN,Female,0,Yes,Yes,33,Yes,Yes,Fiber optic,No,Yes,No,No,No,Yes,One year,Yes,Bank transfer (automatic),101.03,3341.06,No
9295-KHQAF,Female,0,Yes,No,19,Yes,No,No,No internet service,No internet service,No internet service,No internet service,No internet service,No internet service,Month-to-month,Yes,Electronic check,42.15,812.46,Yes
5559-DZISX,Male,0,No,Yes,37,No,No phone service,Fiber optic,No,No,No,No,Yes,No,Month-to-month,No,Electronic check,77.64,2831.59,Yes
1578-FBHOU,Male,0,No,No,25,No,No phone service,DSL,No,Yes,No,Yes,Yes,No,One year,Yes,Electronic check,64.94,1599.85,Yes
4810-TVKIV,Female,0,Yes,No,48,Yes,No,Fiber optic,Yes,Yes,Yes,No,Yes,No,Month-to-month,Yes,Mailed check,116.08,5600.25,No
3144-TRHFQ,Female,0,No,No,32,Yes,No,DSL,Yes,No,No,Yes,Yes,No,Month-to-month,Yes,Electronic check,86.23,2764.66,Yes
7186-GQNAL,Male,0,Yes,No,42,Yes,No,Fiber optic,No,Yes,Yes,Yes,No,No,Two year,No,Electronic check,96.61,4068.03,No
3277-MDYBU,Female,0,Yes,No,31,Yes,Yes,Fiber optic,Yes,Yes,Yes,No,No,No,Two year,Yes,Credit card (automatic),97.13,3053.99,No
3126-QDBYD,Female,0,No,Yes,35,Yes,Yes,DSL,No,Yes,Yes,No,Yes,No,Month-to-month,Yes,Credit card (automatic),90.47,3186.73,Yes
6224-QFXUB,Female,0,Yes,Yes,32,Yes,No,No,No internet service,No internet service,No internet service,No internet service,No internet service,No internet service,Two year,Yes,Bank transfer (automatic),43.88,1403.05,No
1254-ZCMTJ,Male,0,Yes,No,28,Yes,No,No,No internet service,No internet service,No internet service,No internet service,No internet service,No internet service,Two year,No,Mailed check,40.14,1097.95,No
9608-RTZDF,Female,0,No,No,70,Yes,Yes,DSL,Yes,No,No,No,Yes,No,One year,Yes,Mailed check,83.15,5844.48,No
1926-ZODHV,Female,0,Yes,No,19,No,No phone service,DSL,No,No,Yes,Yes,Yes,No,Two year,No,Mailed check,59.54,1155.78,No
5737-SMMWO,Male,0,Yes,Yes,58,Yes,Yes,Fiber optic,No,No,No,No,No,Yes,Month-to-month,No,Bank transfer (automatic),92.47,5365.91,No
7697-ZLTXZ,Male,0,No,No,51,Yes,Yes,DSL,Yes,No,Yes,Yes,No,No,Month-to-month,Yes,Bank transfer (automatic),84.97,4370.6,No
4733-CXKBG,Female,0,No,No,38,Yes,No,DSL,No,No,No,Yes,No,No,Two year,No,Electronic check,59.72,2275.02,No
8764-IPZRO,Male,0,No,No,23,Yes,No,No,No internet service,No internet service,No internet service,No internet service,No internet service,No internet service,Month-to-month,Yes,Mailed check,36.19,833.68,No
4202-VTALN,Male,0,No,Yes,35,Yes,No,DSL,No,Yes,Yes,No,No,No,Month-to-month,No,Bank transfer (automatic),71.52,2527.21,No
4123-YZIAM,Male,0,No,Yes,62,Yes,Yes,DSL,No,Yes,Yes,No,No,Yes,Month-to-month,Yes,Mailed check,84.52,5250.13,No
6945-HRSAA,Female,0,Yes,No,13,Yes,No,Fiber optic,No,No,No,Yes,No,Yes,Month-to-month,Yes,Credit card (automatic),99.25,1305.51,Yes
6099-OVCKL,Female,1,No,No,42,No,No phone service,DSL,Yes,No,No,Yes,Yes,No,Month-to-month,Yes,Electronic check,61.48,2539.15,Yes
6944-NRKCB,Male,0,Yes,Yes,55,Yes,Yes,No,No internet service,No internet service,No internet service,No internet service,No internet service,No internet service,Month-to-month,Yes,Bank transfer (automatic),43.0,2372.18,No
1488-OLGPL,Female,0,Yes,Yes,46,Yes,Yes,No,No internet service,No internet service,No internet service,No internet service,No internet service,No internet service,Two year,Yes,Bank transfer (automatic),36.18,1654.28,No
3780-CDEEQ,Male,0,No,No,10,Yes,No,Fiber optic,No,No,Yes,No,Yes,No,Month-to-month,No,Bank transfer (automatic),97.44,963.08,Yes
6545-ZCZSC,Female,0,No,No,37,Yes,No,DSL,No,No,No,Yes,No,No,Two year,Yes,Bank transfer (automatic),71.65,2646.3,No
6122-PCXSK,Female,0,No,No,13,Yes,No,No,No internet service,No internet service,No internet service,No internet service,No internet service,No internet service,Month-to-month,No,Credit card (automatic),43.87,556.37,No
4763-UPDPZ,Female,0,Yes,No,67,Yes,No,Fiber optic,No,No,No,Yes,Yes,Yes,Month-to-month,Yes,Bank transfer (automatic),105.03,7051.35,Yes
8862-QOQHP,Male,0,Yes,Yes,25,Yes,Yes,Fiber optic,No,No,No,No,No,Yes,Two year,Yes,Credit card (automatic),97.3,2408.27,No
8538-XPIFF,Female,0,No,Yes,30,Yes,Yes,Fiber optic,No,Yes,Yes,Yes,No,No,Month-to-month,Yes,Mailed check,97.28,2882.11,No
3092-NLZQZ,Male,0,No,No,62,Yes,Yes,Fiber optic,No,No,No,No,No,No,Month-to-month,No,Electronic check,83.2,5155.33,Yes
9265-CGBQV,Female,0,Yes,No,31,Yes,Yes,DSL,Yes,No,Yes,No,No,Yes,Two year,Yes,Mailed check,84.9,2658.48,No
9228-QGQGS,Male,0,Yes,Yes,14,No,No phone service,Fiber optic,No,Yes,No,No,No,Yes,Month-to-month,Yes,Mailed check,80.1,1110.76,Yes
1338-APKDM,Male,0,Yes,No,65,Yes,No,Fiber optic,No,Yes,No,No,No,No,Month-to-month,No,Credit card (automatic),92.32,5995.36,No
6604-RAPCT,Male,1,No,Yes,47,Yes,No,Fiber optic,No,No,No,No,No,Yes,Two year,Yes,Bank transfer (automatic),92.28,4331.25,No
7504-OVQPA,Female,0,No,Yes,44,No,No phone service,Fiber optic,No,Yes,No,Yes,Yes,No,Month-to-month,No,Credit card (automatic),88.88,3960.95,No
2711-QYNZK,Male,0,Yes,No,5,Yes,No,Fiber optic,No,Yes,Yes,Yes,No,No,One year,No,Bank transfer (automatic),103.12,534.36,No
2204-SSAWT,Female,0,Yes,Yes,32,Yes,No,Fiber optic,No,Yes,Yes,No,Yes,No,Month-to-month,Yes,Bank transfer (automatic),98.53,3140.89,Yes
6304-XSCRJ,Male,0,Yes,Yes,33,Yes,Yes,Fiber optic,Yes,No,No,Yes,No,Yes,Month-to-month,Yes,Credit card (automatic),103.01,3395.11,Yes
9868-WSBXF,Male,0,Yes,No,19,Yes,Yes,DSL,No,No,No,No,Yes,No,Month-to-month,Yes,Electronic check,73.01,1371.37,No
8105-UMJFI,Female,0,No,No,41,Yes,Yes,Fiber optic,Yes,Yes,No,No,No,No,One year,No,Credit card (automatic),91.94,3806.73,No
1675-KKZLB,Male,0,Yes,No,17,Yes,No,No,No internet service,No internet service,No internet service,No internet service,No internet service,No internet service,Month-to-month,No,Credit card (automatic),39.9,647.47,No
2305-JHJLZ,Female,0,No,No,34,Yes,No,DSL,No,Yes,No,No,No,No,Two year,Yes,Credit card (automatic),73.99,2496.01,No
1423-HIYQK,Female,0,No,Yes,58,No,No phone service,No,No internet service,No internet service,No internet service,No internet service,No internet service,No internet service,Two year,Yes,Electronic check,22.22,1306.45,No
1311-LWRYM,Male,0,No,No,53,Yes,No,No,No internet service,No internet service,No internet service,No internet service,No internet service,No internet service,One year,Yes,Credit card (automatic),41.33,2224.46,No
3539-FPVPH,Male,0,No,No,20,Yes,No,Fiber optic,No,No,No,No,Yes,No,Month-to-month,Yes,Electronic check,92.84,1856.4,Yes
6553-WPZGN,Male,0,Yes,Yes,15,No,No phone service,DSL,Yes,No,No,No,No,No,One year,Yes,Electronic check,51.37,764.98,No
3152-EDEIW,Female,0,Yes,No,0,Yes,No,Fiber optic,Yes,Yes,Yes,No,No,Yes,One year,No,Electronic check,114.77, ,Yes
2774-HTMRU,Female,0,Yes,No,25,Yes,No,Fiber optic,No,No,Yes,No,No,No,Month-to-month,Yes,Electronic check,90.86,2272.97,No
5153-BMLYR,Male,0,No,No,1,Yes,No,DSL,No,Yes,No,No,Yes,No,Two year,Yes,Electronic check,80.9,122.87,No
6562-OJKGJ,Male,0,Yes,No,9,Yes,No,DSL,No,Yes,No,No,Yes,No,Month-to-month,Yes,Credit card (automatic),77.39,705.23,Yes
7538-COPDB,Male,0,Yes,No,71,Yes,No,Fiber optic,No,Yes,No,Yes,No,No,Two year,No,Bank transfer (automatic),90.81,6440.1,No
4877-NEDHB,Male,0,Yes,No,62,Yes,Yes,Fiber optic,No,No,Yes,Yes,No,No,Two year,Yes,Bank transfer (automatic),90.68,5630.11,No
6579-MPHPM,Female,1,Yes,Yes,40,Yes,Yes,Fiber optic,No,No,No,No,Yes,Yes,Month-to-month,No,Credit card (automatic),105.69,4246.32,No
9628-ELZYA,Female,0,No,No,56,Yes,No,Fiber optic,Yes,No,Yes,Yes,No,No,Month-to-month,No,Credit card (automatic),99.21,5536.82,No
4067-DRSOY,Male,0,No,No,35,Yes,Yes,Fiber optic,No,No,No,No,Yes,No,Month-to-month,No,Credit card (automatic),95.37,3343.05,No
1291-BYAZO,Female,0,No,No,43,Yes,No,Fiber optic,No,Yes,Yes,Yes,No,No,Month-to-month,Yes,Credit card (automatic),108.56,4668.55,Yes
6673-LQFCD,Male,1,No,No,67,Yes,No,Fiber optic,Yes,Yes,Yes,Yes,Yes,No,Two year,No,Credit card (automatic),115.42,7710.12,No
2513-WLDGS,Male,0,Yes,Yes,5,Yes,Yes,DSL,No,Yes,Yes,Yes,No,No,Month-to-month,Yes,Electronic check,82.71,405.06,Yes
4281-VAAUT,Female,0,Yes,Yes,25,Yes,Yes,Fiber optic,Yes,No,Yes,Yes,Yes,No,One year,Yes,Mailed check,105.36,2624.34,No
1806-RFOTC,Female,1,Yes,No,8,Yes,Yes,DSL,Yes,No,No,No,Yes,No,Two year,No,Mailed check,75.03,590.28,No
9955-XHXNI,Female,0,No,No,58,Yes,No,Fiber optic,Yes,No,No,No,No,Yes,Two year,No,Electronic check,106.11,6191.8,No
8858-ILOFW,Male,1,No,Yes,60,Yes,No,Fiber optic,No,No,No,No,Yes,No,Month-to-month,Yes,Electronic check,92.22,5533.59,No
8788-YWGPO,Male,0,Yes,No,52,Yes,Yes,No,No internet service,No internet service,No internet service,No internet service,No internet service,No internet service,Two year,No,Mailed check,43.57,2272.58,No
8233-JNFNA,Male,0,No,No,44,Yes,No,Fiber optic,No,Yes,Yes,No,Yes,Yes,Month-to-month,No,Credit card (automatic),120.0,5293.13,Yes
1126-HSIRR,Male,0,Yes,No,34,Yes,No,DSL,Yes,Yes,No,No,No,No,Month-to-month,No,Mailed check,75.31,2559.22,No
3684-QKZAR,Female,0,Yes,Yes,1,Yes,Yes,DSL,No,No,Yes,No,No,No,Month-to-month,No,Bank transfer (automatic),72.33,63.44,Yes
8443-DZPOE,Female,1,No,No,56,No,No phone service,DSL,Yes,No,No,No,No,No,One year,Yes,Electronic check,47.98,2716.68,No
6366-EKYGE,Male,0,No,No,65,Yes,Yes,Fiber optic,Yes,Yes,No,No,No,No,Month-to-month,Yes,Electronic check,93.75,6123.71,Yes
1057-MTXCP,Female,1,No,No,70,Yes,Yes,No,No internet service,No internet service,No internet service,No internet service,No internet service,No internet service,Month-to-month,Yes,Credit card (automatic),44.91,3161.84,No
2450-LGIND,Male,0,No,Yes,24,Yes,No,DSL,No,Yes,Yes,No,Yes,No,Month-to-month,Yes,Electronic check,90.3,2164.98,Yes
8844-WGUQX,Female,0,Yes,No,14,Yes,Yes,Fiber optic,No,Yes,No,No,Yes,No,Two year,No,Bank transfer (automatic),99.26,1396.66,No
7811-UNMFF,Male,1,No,No,47,Yes,Yes,DSL,No,No,No,No,No,Yes,One year,No,Electronic check,68.04,3181.61,No
5812-WNFPM,Male,0,No,No,1,No,No phone service,Fiber optic,No,Yes,No,No,Yes,Yes,One year,Yes,Electronic check,85.06,87.04,Yes
3229-RIWVV,Female,1,No,No,4,Yes,No,Fiber optic,Yes,No,No,Yes,Yes,No,One year,No,Mailed check,106.5,402.46,No
9312-JTDSM,Male,0,Yes,Yes,59,No,No phone service,DSL,No,No,No,No,No,Yes,Month-to-month,Yes,Bank transfer (automatic),53.83,3191.91,No
4153-WJHQN,Male,0,No,No,69,Yes,No,DSL,Yes,No,No,No,No,Yes,Month-to-month,No,Electronic check,78.49,5448.72,No
8051-EZTIP,Male,0,Yes,Yes,29,No,No phone service,Fiber optic,No,Yes,No,No,Yes,Yes,Month-to-month,Yes,Bank transfer (automatic),88.2,2535.24,Yes
1034-TBHUR,Male,0,Yes,Yes,37,Yes,No,Fiber optic,No,Yes,No,No,Yes,Yes,Month-to-month,No,Electronic check,113.36,4229.41,Yes
5797-ETKQV,Male,0,No,No,39,Yes,Yes,Fiber optic,No,Yes,Yes,No,No,No,Two year,Yes,Bank transfer (automatic),95.09,3721.04,No
9950-NPXLV,Male,0,No,Yes,10,Yes,No,Fiber optic,No,No,Yes,No,No,No,Month-to-month,Yes,Bank transfer (automatic),92.47,909.14,Yes
7736-NZIYT,Female,0,No,No,16,Yes,No,DSL,No,No,No,No,Yes,Yes,One year,Yes,Mailed check,82.96,1332.47,No
6069-THNSD,Female,0,No,No,21,Yes,No,No,No internet service,No internet service,No internet service,No internet service,No internet service,No internet service,Two year,No,Mailed check,38.65,842.42,No
9899-ITMWY,Male,1,Yes,No,61,Yes,No,Fiber optic,Yes,Yes,Yes,No,No,No,Two year,Yes,Electronic check,104.38,6391.96,No
1990-UOUXF,Male,0,No,Yes,31,Yes,No,Fiber optic,Yes,No,No,No,No,No,Month-to-month,Yes,Mailed check,92.84,2902.2,No
8653-EIZFH,Female,0,Yes,No,52,Yes,Yes,Fiber optic,No,Yes,No,No,Yes,No,Two year,No,Electronic check,99.56,5169.68,No
7963-RVTGN,Female,1,No,No,14,Yes,No,Fiber optic,Yes,No,No,No,No,No,One year,No,Electronic check,95.76,1321.88,No
1535-BUIMY,Female,0,Yes,No,69,Yes,No,No,No internet service,No internet service,No internet service,No internet service,No internet service,No internet service,Month-to-month,No,Electronic check,47.59,3283.67,No
7292-OOYJE,Female,0,No,Yes,64,Yes,Yes,DSL,No,No,No,No,No,Yes,Two year,No,Bank transfer (automatic),74.16,4748.65,No
9314-BWRFH,Female,0,No,Yes,34,Yes,Yes,Fiber optic,No,No,No,Yes,No,No,Month-to-month,Yes,Credit card (automatic),83.49,2834.36,No
4593-ONJOG,Male,0,No,No,16,Yes,No,DSL,No,No,Yes,Yes,No,Yes,Two year,No,Electronic check,78.6,1245.39,No
1017-CIOCB,Male,0,Yes,Yes,71,Yes,No,Fiber optic,No,Yes,Yes,No,Yes,No,One year,Yes,Bank transfer (automatic),102.79,7277.9,No
7910-SMGQD,Female,0,Yes,No,58,Yes,Yes,No,No internet service,No internet service,No internet service,No internet service,No internet service,No internet service,Two year,No,Mailed check,42.32,2468.8,No
1097-VTXVD,Female,0,Yes,Yes,37,Yes,No,DSL,Yes,No,Yes,No,No,Yes,Two year,No,Electronic check,83.34,3069.44,No
1516-YWMOD,Male,0,Yes,Yes,19,Yes,Yes,Fiber optic,Yes,No,No,Yes,No,No,One year,No,Mailed check,95.66,1833.65,No
2955-JGOKG,Female,0,No,No,45,Yes,No,Fiber optic,No,No,No,No,Yes,Yes,Month-to-month,Yes,Credit card (automatic),107.49,4831.06,No
3121-UQDTW,Male,0,Yes,No,27,Yes,No,Fiber optic,Yes,No,No,No,No,No,Month-to-month,No,Credit card (automatic),86.77,2340.86,No
3288-KCZSL,Female,0,No,No,49,Yes,No,DSL,Yes,No,No,No,No,No,Two year,No,Mailed check,74.15,3609.78,No
1777-ALKLK,Female,0,Yes,No,60,Yes,No,Fiber optic,Yes,No,No,Yes,Yes,No,One year,Yes,Mailed check,105.32,6327.22,No
9561-JKTJP,Male,1,Yes,No,35,Yes,No,Fiber optic,No,No,Yes,Yes,Yes,No,Two year,Yes,Mailed check,108.69,3798.62,No
7586-XAQNP,Male,0,No,No,3,Yes,No,No,No internet service,No internet service,No internet service,No internet service,No internet service,No internet service,Month-to-month,No,Mailed check,43.62,109.32,No
9854-HVRKS,Male,0,Yes,Yes,41,No,No phone service,Fiber optic,Yes,No,Yes,No,No,Yes,Month-to-month,No,Mailed check,87.62,3587.84,No
8030-BOBAF,Female,0,Yes,No,62,Yes,No,Fiber optic,No,No,No,Yes,No,Yes,Two year,No,Electronic check,102.43,6333.41,No
2801-PVQVJ,Female,0,Yes,No,16,Yes,No,DSL,Yes,No,No,Yes,No,No,Two year,Yes,Bank transfer (automatic),75.01,1168.64,No
9142-GTEPH,Male,0,Yes,No,70,Yes,Yes,DSL,No,No,No,Yes,Yes,No,Month-to-month,Yes,Mailed check,81.55,5723.59,No
6534-LCPTW,Male,0,No,No,26,Yes,Yes,Fiber optic,Yes,Yes,No,No,Yes,No,Month-to-month,No,Bank transfer (automatic),104.87,2703.66,No
9200-QQOYI,Female,1,Yes,No,49,Yes,No,Fiber optic,No,Yes,No,No,No,No,Two year,No,Bank transfer (automatic),90.88,4462.2,No
5486-LIQBQ,Male,0,Yes,No,51,Yes,Yes,No,No internet service,No internet service,No internet service,No internet service,No internet service,No internet service,Two year,Yes,Credit card (automatic),36.79,1922.01,No
8529-FGVHV,Male,0,No,No,13,Yes,No,Fiber optic,No,Yes,No,No,No,No,Month-to-month,Yes,Electronic check,87.73,1121.7,No
6651-ZMXXC,Male,0,No,No,2,Yes,Yes,DSL,No,No,No,No,No,No,Month-to-month,Yes,Credit card (automatic),65.28,139.88,No
2946-LHBZT,Female,0,No,No,69,Yes,Yes,DSL,No,No,No,No,No,No,Month-to-month,Yes,Bank transfer (automatic),69.34,4776.33,No
4151-WYMDE,Female,0,Yes,No,51,Yes,Yes,Fiber optic,No,No,No,Yes,Yes,No,Month-to-month,Yes,Bank transfer (automatic),100.09,5109.57,Yes
8435-LNDAC,Male,0,No,Yes,46,Yes,Yes,DSL,Yes,No,No,No,Yes,No,Month-to-month,Yes,Mailed check,80.46,3665.73,Yes
7322-DVCEX,Female,0,Yes,No,22,Yes,Yes,DSL,No,Yes,No,No,Yes,No,Month-to-month,Yes,Electronic check,80.43,1777.64,No
5787-AFHGF,Female,1,Yes,Yes,7,Yes,No,DSL,Yes,No,Yes,No,No,Yes,Two year,Yes,Electronic check,81.32,571.33,No
4119-LCGZG,Male,1,No,No,19,Yes,Yes,Fiber optic,Yes,Yes,No,No,No,No,Month-to-month,No,Mailed check,98.09,1911.92,No
2445-XCRBH,Female,0,No,No,39,Yes,No,DSL,No,Yes,No,No,No,No,Two year,No,Credit card (automatic),68.86,2644.67,No
7115-IQJIK,Female,0,No,Yes,50,Yes,Yes,No,No internet service,No internet service,No internet service,No internet service,No internet service,No internet service,Month-to-month,No,Credit card (automatic),43.41,2160.83,No
1447-EPJZW,Male,0,No,Yes,23,Yes,No,No,No internet service,No internet service,No internet service,No internet service,No internet service,No internet service,Month-to-month,No,Electronic check,34.2,795.74,No
7644-SUAFV,Male,1,Yes,No,15,Yes,No,DSL,No,No,No,No,No,Yes,Month-to-month,Yes,Electronic check,68.13,1039.56,No
9280-KNSLK,Female,0,No,No,18,Yes,Yes,Fiber optic,No,No,No,No,Yes,No,Month-to-month,No,Mailed check,92.27,1658.39,No
9936-UYRCR,Female,0,No,No,70,Yes,Yes,Fiber optic,No,Yes,No,Yes,No,No,One year,Yes,Mailed check,99.82,7012.69,Yes
4379-WXVOM,Male,0,Yes,Yes,46,Yes,No,No,No internet service,No internet service,No internet service,No internet service,No internet service,No internet service,Two year,Yes,Electronic check,40.1,1845.89,No
3764-RQJYR,Female,0,Yes,No,72,Yes,No,Fiber optic,No,No,No,No,No,No,Two year,Yes,Bank transfer (automatic),81.4,5863.52,No
3494-GDOLV,Female,0,Yes,No,0,Yes,Yes,DSL,Yes,No,No,No,Yes,No,Two year,No,Mailed check,81.39, ,No
1851-NCROH,Male,1,No,No,33,No,No phone service,DSL,Yes,Yes,Yes,No,Yes,Yes,Two year,Yes,Credit card (automatic),79.89,2648.07,No
9923-VFMRK,Female,0,Yes,Yes,33,Yes,No,No,No internet service,No internet service,No internet service,No internet service,No internet service,No internet service,Two year,Yes,Electronic check,40.76,1375.42,No
5196-AMCVD,Male,1,Yes,No,29,Yes,Yes,No,No internet service,No internet service,No internet service,No internet service,No internet service,No internet service,One year,Yes,Credit card (automatic),36.75,1045.94,No
1568-MKCPQ,Female,0,No,No,28,Yes,Yes,Fiber optic,No,No,No,Yes,No,No,One year,No,Credit card (automatic),84.12,2346.53,Yes
6376-EAQZN,Male,0,No,No,5,No,No phone service,Fiber optic,No,Yes,Yes,No,Yes,Yes,Month-to-month,Yes,Mailed check,96.63,454.82,Yes
7699-HCMBL,Male,0,Yes,No,2,Yes,Yes,Fiber optic,Yes,No,No,Yes,No,No,Month-to-month,Yes,Credit card (automatic),95.08,199.45,No
3954-DYMQQ,Female,0,No,No,56,Yes,No,Fiber optic,No,Yes,No,Yes,Yes,No,One year,Yes,Bank transfer (automatic),109.53,6130.43,No
8951-SHXVS,Male,0,No,No,32,No,No phone service,Fiber optic,No,Yes,Yes,No,Yes,Yes,One year,Yes,Mailed check,90.17,2901.66,Yes
2394-NZHXM,Female,0,No,Yes,11,Yes,Yes,DSL,No,Yes,Yes,Yes,No,No,Month-to-month,No,Mailed check,78.95,866.91,No
5705-ZHYVT,Male,0,Yes,Yes,25,Yes,No,DSL,No,Yes,Yes,No,Yes,No,Two year,Yes,Mailed check,82.96,2072.06,No
1431-AIBIZ,Female,0,Yes,No,68,Yes,Yes,Fiber optic,No,No,No,No,No,No,Month-to-month,Yes,Electronic check,78.93,5366.0,Yes
8110-VPMKK,Female,0,No,Yes,34,Yes,Yes,Fiber optic,No,No,Yes,No,Yes,No,One year,No,Electronic check,101.71,3461.53,No
4723-EBNNQ,Female,0,Yes,No,72,Yes,Yes,No,No internet service,No internet service,No internet service,No internet service,No internet service,No internet service,Two year,No,Bank transfer (automatic),43.22,3112.29,No
2686-DYMHJ,Male,0,No,No,11,Yes,No,No,No internet service,No internet service,No internet service,No internet service,No internet service,No internet service,Month-to-month,No,Electronic check,40.35,452.35,Yes
1514-XUSUX,Male,1,Yes,No,8,Yes,No,DSL,Yes,Yes,No,Yes,Yes,No,Two year,Yes,Bank transfer (automatic),90.7,754.16,No
6837-JCELV,Female,0,No,Yes,41,No,No phone service,No,No internet service,No internet service,No internet service,No internet service,No internet service,No internet service,Two year,Yes,Credit card (automatic),24.1,1007.6,No
4035-LYOXS,Female,0,No,Yes,49,Yes,No,Fiber optic,No,No,No,Yes,Yes,Yes,One year,No,Mailed check,111.11,5479.51,No
5655-QSUSE,Female,0,No,No,71,Yes,Yes,Fiber optic,No,Yes,No,No,No,Yes,Two year,Yes,Bank transfer (automatic),100.45,7108.56,No
3239-CHIDN,Male,0,No,No,34,Yes,Yes,DSL,No,No,No,Yes,Yes,Yes,One year,Yes,Credit card (automatic),86.15,2913.97,No
9419-TWUWO,Female,0,No,Yes,14,Yes,Yes,Fiber optic,No,No,No,Yes,Yes,No,Month-to-month,No,Electronic check,98.53,1401.6,No
5344-UPOWG,Male,1,Yes,No,39,Yes,No,No,No internet service,No internet service,No internet service,No internet service,No internet service,No internet service,One year,Yes,Electronic check,42.39,1632.98,Yes
1645-TSPEO,Male,0,Yes,Yes,22,Yes,No,Fiber optic,Yes,No,No,No,Yes,Yes,Month-to-month,No,Mailed check,110.66,2466.92,No
5399-VGARG,Female,0,No,Yes,13,Yes,No,Fiber optic,No,No,No,Yes,No,No,Month-to-month,No,Credit card (automatic),89.23,1149.79,No
4216-RJFAF,Male,0,No,No,6,Yes,Yes,DSL,No,No,No,No,Yes,No,Month-to-month,No,Bank transfer (automatic),69.04,411.35,No
1092-YIYJM,Female,0,No,No,52,Yes,No,DSL,Yes,No,No,Yes,No,No,Month-to-month,No,Electronic check,72.05,3739.16,No
2097-CGUYU,Male,0,No,No,46,Yes,No,Fiber optic,No,No,Yes,Yes,No,Yes,Two year,No,Mailed check,103.88,4778.72,No
3660-JGTVC,Male,0,Yes,No,12,Yes,No,Fiber optic,No,Yes,Yes,No,Yes,Yes,Two year,No,Bank transfer (automatic),111.6,1372.36,No
2277-LYBGW,Male,0,No,No,40,Yes,No,No,No internet service,No internet service,No internet service,No internet service,No internet service,No internet service,Two year,No,Mailed check,48.36,1960.76,No
5259-JVEED,Female,0,No,Yes,64,Yes,Yes,Fiber optic,Yes,Yes,No,No,Yes,No,Month-to-month,Yes,Electronic check,105.87,6814.83,No
8508-CQCSM,Female,0,No,No,59,Yes,No,DSL,No,Yes,No,Yes,No,Yes,One year,Yes,Credit card (automatic),85.01,5061.23,No
3393-ERTPN,Female,0,No,Yes,33,Yes,No,DSL,No,No,No,Yes,Yes,No,One year,No,Bank transfer (automatic),79.25,2606.08,No
5501-WJVCT,Female,0,No,No,4,Yes,Yes,DSL,No,No,No,No,No,Yes,Month-to-month,Yes,Bank transfer (automatic),76.54,285.93,Yes
9589-EFLPX,Female,0,No,No,46,Yes,No,DSL,No,No,Yes,No,No,No,One year,Yes,Electronic check,71.32,3284.0,No
5405-TJOFO,Female,0,Yes,No,37,No,No phone service,DSL,No,No,No,No,No,No,Month-to-month,Yes,Electronic check,44.13,1639.33,No
9055-IWWPX,Female,0,No,Yes,67,Yes,No,Fiber optic,Yes,No,No,Yes,Yes,No,Two year,Yes,Electronic check,103.25,6888.29,No
8559-RYZIU,Male,0,Yes,No,40,Yes,No,Fiber optic,No,No,Yes,No,Yes,No,Month-to-month,No,Bank transfer (automatic),103.3,4147.88,No
5228-VDNOM,Male,0,Yes,No,53,Yes,No,No,No internet service,No internet service,No internet service,No internet service,No internet service,No internet service,Two year,No,Credit card (automatic),41.09,2156.95,No
9476-JPMNP,Male,0,Yes,No,38,Yes,Yes,No,No internet service,No internet service,No internet service,No internet service,No internet service,No internet service,Two year,Yes,Credit card (automatic),40.72,1539.18,No
6092-OYFDL,Male,0,Yes,No,39,No,No phone service,DSL,No,No,No,No,No,Yes,One year,Yes,Electronic check,53.15,2087.72,No
8602-MJOYB,Female,1,Yes,No,23,Yes,No,Fiber optic,No,No,No,No,Yes,Yes,Month-to-month,No,Electronic check,107.26,2476.47,Yes
6596-SJZOE,Male,0,No,No,29,Yes,No,DSL,No,No,No,No,No,No,Month-to-month,Yes,Mailed check,61.3,1779.2,No
4854-WWFJB,Male,0,No,No,21,No,No phone service,DSL,No,No,Yes,Yes,No,No,Two year,Yes,Electronic check,48.89,1031.54,No
1982-TNWAV,Female,0,No,No,33,Yes,No,DSL,Yes,No,Yes,Yes,No,Yes,Month-to-month,Yes,Bank transfer (automatic),89.37,2962.34,Yes
6674-CRAYX,Female,0,Yes,No,69,Yes,Yes,DSL,Yes,No,Yes,No,No,No,Month-to-month,Yes,Electronic check,74.06,5098.09,No
3952-GBFOV,Female,0,Yes,No,24,Yes,No,Fiber optic,No,No,No,Yes,Yes,No,Two year,No,Credit card (automatic),99.21,2387.6,No
2541-HGMAY,Male,0,No,No,33,Yes,Yes,Fiber optic,No,Yes,Yes,Yes,No,Yes,Two year,Yes,Mailed check,110.41,3643.45,No
2627-SNLGN,Male,0,No,No,69,Yes,No,Fiber optic,No,No,Yes,No,No,No,One year,No,Electronic check,94.41,6517.06,No
5500-ILWOO,Female,0,No,No,11,Yes,Yes,Fiber optic,No,No,No,No,No,No,Month-to-month,No,Bank transfer (automatic),83.75,944.41,No
5056-VNZFM,Male,0,No,No,18,No,No phone service,No,No internet service,No internet service,No internet service,No internet service,No internet service,No internet service,Month-to-month,Yes,Credit card (automatic),18.0,329.75,No
9884-AWXLG,Male,0,No,No,36,Yes,Yes,Fiber optic,Yes,No,No,No,No,Yes,Two year,Yes,Credit card (automatic),101.66,3688.24,No
9163-GRIAZ,Male,0,No,No,29,Yes,No,No,No internet service,No internet service,No internet service,No internet service,No internet service,No internet service,Month-to-month,Yes,Electronic check,37.5,1077.6,No
4400-QMTBD,Female,0,No,No,24,Yes,No,Fiber optic,No,No,Yes,No,Yes,No,Month-to-month,No,Mailed check,96.11,2304.79,Yes
9182-JIGSA,Female,1,No,No,56,Yes,No,Fiber optic,No,No,No,Yes,No,No,Month-to-month,Yes,Electronic check,91.57,5097.49,No
7877-RQAEW,Female,0,No,No,36,Yes,Yes,Fiber optic,No,Yes,Yes,Yes,No,No,One year,No,Credit card (automatic),97.51,3491.11,No
9246-RBNOL,Female,0,Yes,Yes,26,Yes,No,Fiber optic,Yes,No,Yes,No,No,Yes,Month-to-month,No,Mailed check,100.68,2610.2,No
8139-LQISR,Female,0,Yes,Yes,34,Yes,No,DSL,No,No,No,No,Yes,Yes,Two year,Yes,Bank transfer (automatic),84.7,2889.28,No
7847-PVICY,Male,0,Yes,Yes,64,Yes,Yes,No,No internet service,No internet service,No internet service,No internet service,No internet service,No internet service,Month-to-month,No,Electronic check,40.34,2571.76,No
8576-JSSGL,Female,1,No,No,71,Yes,Yes,No,No internet service,No internet service,No internet service,No internet service,No internet service,No internet service,Month-to-month,Yes,Electronic check,40.1,2825.3,No
1733-CVXHU,Male,0,No,No,17,No,No phone service,No,No internet service,No internet service,No internet service,No internet service,No internet service,No internet service,Two year,Yes,Mailed check,18.0,312.89,No
5620-EGLYW,Male,0,Yes,No,2,Yes,No,DSL,No,No,No,No,Yes,No,Two year,Yes,Bank transfer (automatic),70.81,108.3,No
5895-TSRZV,Female,0,No,Yes,2,Yes,No,DSL,No,Yes,No,No,No,Yes,One year,No,Electronic check,76.4,120.21,No
1367-IBWBX,Male,0,Yes,No,32,Yes,Yes,DSL,No,Yes,Yes,No,No,No,Two year,Yes,Mailed check,67.52,2144.25,No
3219-BIXJZ,Male,0,Yes,No,45,Yes,Yes,No,No internet service,No internet service,No internet service,No internet service,No internet service,No internet service,Month-to-month,No,Mailed check,43.32,1957.3,No
8686-KJXPB,Male,0,No,No,3,Yes,No,Fiber optic,No,No,No,Yes,Yes,Yes,Month-to-month,No,Electronic check,109.43,310.86,Yes
6540-SFMIM,Female,0,Yes,Yes,37,Yes,No,Fiber optic,No,Yes,Yes,Yes,No,No,Month-to-month,Yes,Electronic check,100.07,3704.53,No
7425-XYQKX,Male,0,Yes,Yes,29,Yes,No,No,No internet service,No internet service,No internet service,No internet service,No internet service,No internet service,Month-to-month,Yes,Bank transfer (automatic),44.31,1299.99,Yes
5556-EFSNG,Male,0,No,Yes,68,Yes,No,DSL,No,Yes,No,Yes,Yes,Yes,Two year,Yes,Credit card (automatic),90.39,6155.95,No
5118-EXWYP,Female,0,Yes,No,44,No,No phone service,Fiber optic,No,Yes,No,No,No,No,Two year,Yes,Bank transfer (automatic),69.17,3078.05,No
4368-DOOLQ,Male,1,No,No,30,Yes,Yes,No,No internet service,No internet service,No internet service,No internet service,No internet service,No internet service,Month-to-month,Yes,Electronic check,39.92,1200.87,No
4496-XXEAE,Female,0,No,Yes,42,Yes,Yes,DSL,No,Yes,No,No,Yes,Yes,Month-to-month,Yes,Electronic check,89.59,3791.27,No
3440-SFKLS,Female,0,No,No,9,Yes,Yes,Fiber optic,No,Yes,No,No,Yes,No,Two year,Yes,Electronic check,106.21,968.38,No
5300-FVQUF,Female,0,No,Yes,34,Yes,No,Fiber optic,No,No,Yes,No,Yes,Yes,One year,No,Electronic check,110.56,3751.2,No
9505-KMXQF,Male,0,Yes,No,24,Yes,No,Fiber optic,No,No,No,No,Yes,Yes,Month-to-month,No,Electronic check,102.41,2438.63,Yes
7247-FKSSG,Male,0,No,Yes,13,Yes,Yes,No,No internet service,No internet service,No internet service,No internet service,No internet service,No internet service,Month-to-month,Yes,Electronic check,36.49,477.61,No
1396-OAPKW,Male,0,Yes,Yes,28,Yes,No,DSL,No,No,No,No,No,Yes,Month-to-month,No,Mailed check,71.06,1963.71,Yes
9536-BWYPR,Female,1,Yes,Yes,46,Yes,No,Fiber optic,Yes,No,No,Yes,No,No,Month-to-month,Yes,Bank transfer (automatic),94.43,4339.45,No
2595-WALZD,Male,0,No,No,42,Yes,Yes,No,No internet service,No internet service,No internet service,No internet service,No internet service,No internet service,Month-to-month,Yes,Electronic check,40.36,1692.2,Yes
4733-WZKDO,Male,0,Yes,No,70,Yes,Yes,Fiber optic,No,No,Yes,No,No,Yes,Month-to-month,No,Mailed check,101.29,7113.9,No
7236-KTBDF,Male,0,No,No,20,Yes,No,Fiber optic,No,No,Yes,No,Yes,No,Month-to-month,No,Mailed check,99.03,1966.4,No
3534-YPPUN,Female,0,Yes,Yes,51,Yes,No,No,No internet service,No internet service,No internet service,No internet service,No internet service,No internet service,Month-to-month,No,Electronic check,35.36,1812.2,No
6001-BUWPZ,Male,0,No,No,40,Yes,Yes,DSL,Yes,Yes,No,No,No,Yes,Month-to-month,Yes,Credit card (automatic),81.6,3244.56,No
7610-BDTSY,Female,0,Yes,No,63,Yes,Yes,DSL,Yes,Yes,No,Yes,No,No,Month-to-month,Yes,Credit card (automatic),78.36,4954.02,No
4367-YRRQO,Male,1,Yes,No,66,Yes,Yes,DSL,Yes,Yes,No,No,No,Yes,Month-to-month,No,Electronic check,80.79,5362.43,No
1509-BNOTW,Male,0,No,Yes,51,Yes,No,DSL,No,No,No,Yes,No,Yes,Two year,No,Electronic check,80.11,4069.01,No
5167-DQDKV,Male,0,Yes,No,30,Yes,Yes,Fiber optic,Yes,No,No,No,Yes,No,Two year,Yes,Electronic check,98.86,2968.68,No
8349-ZPCXD,Female,0,No,No,38,Yes,Yes,DSL,No,No,Yes,Yes,No,Yes,Month-to-month,Yes,Bank transfer (automatic),82.06,3170.08,Yes
4734-KQYQC,Male,1,Yes,No,47,Yes,Yes,Fiber optic,No,No,No,Yes,Yes,No,Month-to-month,Yes,Mailed check,94.96,4448.35,Yes
2379-AIYBL,Male,0,No,No,58,Yes,No,Fiber optic,Yes,Yes,Yes,No,No,No,One year,Yes,Credit card (automatic),96.51,5568.5,No
7261-OTJXQ,Female,0,No,No,16,Yes,No,DSL,Yes,No,No,No,No,No,Month-to-month,No,Mailed check,66.03,1061.0,Yes
1701-NOAHE,Female,1,No,No,63,Yes,Yes,Fiber optic,Yes,Yes,No,Yes,Yes,Yes,One year,Yes,Electronic check,114.16,7170.77,No
9818-BPCFE,Female,0,No,Yes,58,Yes,No,DSL,No,No,Yes,Yes,Yes,Yes,Two year,No,Credit card (automatic),94.26,5474.54,No
9520-XXFAZ,Female,1,Yes,Yes,6,Yes,No,Fiber optic,Yes,Yes,No,Yes,No,Yes,Month-to-month,No,Bank transfer (automatic),106.45,656.12,Yes
4432-XPLSB,Male,0,No,No,19,Yes,No,DSL,Yes,No,Yes,No,No,Yes,Month-to-month,No,Electronic check,84.97,1593.96,No
9254-ZJTGI,Female,0,No,Yes,17,Yes,No,DSL,Yes,No,Yes,No,No,No,Month-to-month,No,Electronic check,71.47,1185.57,No
5374-HRXSU,Male,0,No,No,42,Yes,No,No,No internet service,No internet service,No internet service,No internet service,No internet service,No internet service,One year,Yes,Credit card (automatic),41.06,1745.03,No
9389-FHFFU,Female,0,No,Yes,15,Yes,No,Fiber optic,Yes,No,No,No,No,No,Month-to-month,Yes,Credit card (automatic),91.49,1407.03,Yes
6824-WZNJD,Female,0,No,Yes,21,Yes,Yes,Fiber optic,No,Yes,No,Yes,No,No,One year,No,Bank transfer (automatic),94.32,1974.63,No
6568-GQQZE,Female,0,No,Yes,13,Yes,No,Fiber optic,No,No,No,No,No,No,Month-to-month,Yes,Electronic check,84.33,1123.97,Yes
6134-ANHHQ,Female,0,Yes,No,4,Yes,No,Fiber optic,No,Yes,Yes,No,No,No,One year,No,Electronic check,92.53,405.44,No
1330-MSYZD,Female,0,No,No,33,Yes,Yes,DSL,No,Yes,No,Yes,No,No,One year,Yes,Bank transfer (automatic),73.74,2447.68,No
1441-YVMKY,Female,0,No,No,23,Yes,No,Fiber optic,No,No,No,No,Yes,No,Month-to-month,Yes,Electronic check,94.87,2184.81,Yes
5178-EGGPJ,Female,0,No,No,36,Yes,Yes,No,No internet service,No internet service,No internet service,No internet service,No internet service,No internet service,Two year,No,Electronic check,44.37,1610.9,No
3719-DEEDK,Male,0,Yes,No,15,Yes,No,No,No internet service,No internet service,No internet service,No internet service,No internet service,No internet service,Two year,Yes,Electronic check,38.45,594.15,No
6806-ODOMA,Male,0,No,No,20,Yes,Yes,Fiber optic,No,Yes,Yes,No,No,Yes,Month-to-month,Yes,Mailed check,104.23,2039.7,Yes
2519-UGHET,Male,1,No,No,65,Yes,Yes,Fiber optic,No,No,Yes,Yes,No,Yes,Two year,Yes,Bank transfer (automatic),106.26,6904.55,No
4569-HMHNP,Female,0,No,No,58,Yes,Yes,Fiber optic,No,Yes,Yes,No,No,Yes,Two year,No,Credit card (automatic),106.1,6127.62,No
1670-AUDCZ,Male,0,Yes,Yes,19,Yes,Yes,Fiber optic,No,No,No,No,No,No,Month-to-month,Yes,Electronic check,88.11,1656.02,Yes
9054-LBVYV,Male,0,Yes,No,11,Yes,Yes,DSL,No,No,No,No,Yes,No,One year,Yes,Credit card (automatic),70.62,783.24,No
9593-AXMIQ,Male,0,Yes,No,71,Yes,No,Fiber optic,Yes,Yes,No,No,Yes,Yes,One year,No,Electronic check,117.62,8349.1,No
9921-UIZGD,Female,0,Yes,Yes,49,Yes,No,DSL,No,Yes,Yes,No,No,Yes,One year,No,Credit card (automatic),77.9,3817.76,No
8575-SCLCK,Female,0,No,No,35,Yes,No,Fiber optic,Yes,No,No,No,No,No,Two year,Yes,Bank transfer (automatic),90.44,3162.8,No
6165-AJZIQ,Female,0,Yes,No,51,Yes,Yes,Fiber optic,No,No,No,No,No,No,Month-to-month,No,Electronic check,83.84,4272.11,Yes
4249-QFYIG,Male,1,No,Yes,16,Yes,No,DSL,No,Yes,Yes,Yes,No,Yes,Month-to-month,Yes,Credit card (automatic),91.05,1456.55,Yes
1881-STLCM,Male,0,Yes,No,31,Yes,No,Fiber optic,No,Yes,No,No,No,No,Month-to-month,Yes,Bank transfer (automatic),93.03,2915.19,No
6388-UCGYY,Male,0,Yes,Yes,28,Yes,No,DSL,No,No,No,Yes,Yes,No,Two year,No,Bank transfer (automatic),81.75,2301.96,No
4588-MLNUK,Male,1,No,Yes,52,Yes,No,DSL,No,Yes,No,Yes,Yes,Yes,Month-to-month,Yes,Credit card (automatic),93.65,4851.07,No
3311-BMORR,Male,1,No,No,13,Yes,No,Fiber optic,Yes,Yes,Yes,No,Yes,No,Month-to-month,No,Mailed check,113.62,1468.22,Yes
4164-BLHFV,Female,0,Yes,No,35,Yes,No,Fiber optic,Yes,Yes,Yes,No,No,No,Month-to-month,No,Electronic check,103.04,3620.11,No
5074-MQPYJ,Female,0,Yes,No,60,Yes,Yes,No,No internet service,No internet service,No internet service,No internet service,No internet service,No internet service,One year,Yes,Electronic check,39.7,2376.62,No
6641-BAOCG,Female,0,No,No,14,No,No phone service,Fiber optic,No,No,No,Yes,Yes,No,Month-to-month,Yes,Electronic check,79.58,1124.39,No
7336-SJKXN,Male,0,No,No,8,Yes,No,No,No internet service,No internet service,No internet service,No internet service,No internet service,No internet service,Month-to-month,No,Credit card (automatic),43.07,344.12,Yes
4209-OKSLV,Male,0,Yes,No,59,Yes,Yes,DSL,Yes,No,No,No,Yes,No,Month-to-month,No,Credit card (automatic),74.31,4388.51,No
2936-CSCOE,Female,0,No,No,63,Yes,No,Fiber optic,No,Yes,No,Yes,No,Yes,Month-to-month,Yes,Mailed check,107.76,6814.39,No
2561-RYGGU,Male,0,Yes,Yes,31,Yes,No,Fiber optic,No,No,Yes,Yes,No,No,Month-to-month,Yes,Bank transfer (automatic),93.69,2912.43,Yes
4805-JIKLO,Male,0,No,No,3,Yes,No,Fiber optic,No,Yes,No,No,Yes,No,Month-to-month,Yes,Electronic check,105.57,355.42,Yes
5845-QOASK,Male,0,Yes,No,39,Yes,Yes,Fiber optic,No,Yes,Yes,Yes,No,No,One year,Yes,Credit card (automatic),101.14,3931.24,No
1625-VJPWH,Female,0,No,No,21,No,No phone service,DSL,No,No,Yes,No,Yes,No,Month-to-month,Yes,Mailed check,62.51,1294.4,Yes
1908-YRZNM,Female,0,No,No,42,Yes,No,Fiber optic,No,No,No,Yes,No,No,Month-to-month,Yes,Mailed check,91.53,3852.22,No
6919-JSWVH,Male,0,Yes,Yes,10,Yes,No,Fiber optic,No,No,No,No,Yes,No,One year,Yes,Credit card (automatic),92.45,920.2,No
5407-SBRMQ,Female,0,Yes,No,58,Yes,No,DSL,Yes,No,No,Yes,No,No,Month-to-month,Yes,Credit card (automatic),70.51,4092.25,No
3972-EEEYK,Female,1,Yes,No,50,Yes,No,Fiber optic,No,Yes,Yes,Yes,Yes,No,Month-to-month,Yes,Bank transfer (automatic),105.05,5259.68,No
2166-OYJIT,Female,1,Yes,No,47,Yes,Yes,No,No internet service,No internet service,No internet service,No internet service,No internet service,No internet service,Month-to-month,Yes,Mailed check,37.36,1730.1,No
7047-HAPXG,Female,1,Yes,No,37,Yes,No,DSL,Yes,Yes,Yes,No,No,No,Month-to-month,No,Electronic check,84.25,3073.68,No
4952-LMLLN,Male,1,Yes,No,16,Yes,No,Fiber optic,No,Yes,No,No,No,No,Month-to-month,No,Mailed check,94.09,1519.86,Yes
9634-TEIVQ,Female,1,No,No,68,Yes,No,No,No internet service,No internet service,No internet service,No internet service,No internet service,No internet service,Two year,Yes,Mailed check,36.42,2447.88,No
5400-XMISN,Male,0,Yes,No,19,Yes,No,DSL,No,No,No,Yes,Yes,No,Month-to-month,Yes,Credit card (automatic),76.87,1450.33,No
2311-HVVSH,Female,0,No,No,26,Yes,No,DSL,No,No,No,Yes,No,No,One year,Yes,Bank transfer (automatic),71.76,1862.29,No
2510-ZNBWX,Female,0,Yes,Yes,67,Yes,Yes,Fiber optic,No,No,No,Yes,No,Yes,Two year,No,Credit card (automatic),99.38,6656.8,No
5268-UWEPR,Female,0,No,Yes,2,Yes,Yes,Fiber optic,No,Yes,No,No,No,Yes,Month-to-month,Yes,Electronic check,97.77,211.18,Yes
9967-ADBYO,Female,0,Yes,No,9,Yes,Yes,No,No internet service,No internet service,No internet service,No internet service,No internet service,No internet service,Two year,Yes,Mailed check,42.98,400.14,No
3537-PGIDW,Female,0,No,No,55,Yes,No,Fiber optic,No,Yes,No,No,No,Yes,Month-to-month,Yes,Credit card (automatic),98.15,5403.02,No
6526-PIQWP,Female,1,Yes,Yes,26,Yes,No,Fiber optic,No,No,Yes,Yes,No,Yes,One year,Yes,Mailed check,100.57,2626.2,No
8639-KUBUO,Female,0,Yes,Yes,42,Yes,No,Fiber optic,No,Yes,No,Yes,No,No,Two year,No,Electronic check,98.43,4113.49,No
3489-VPXSD,Female,1,No,No,42,Yes,No,DSL,Yes,No,No,No,No,No,Month-to-month,No,Credit card (automatic),76.43,3195.06,Yes
9831-TWFRF,Male,0,No,No,60,Yes,No,Fiber optic,Yes,No,No,No,Yes,No,Two year,No,Electronic check,99.65,6050.94,No
6798-BBZDT,Female,0,No,No,45,Yes,No,DSL,Yes,No,Yes,Yes,Yes,No,Month-to-month,Yes,Mailed check,87.05,3920.3,Yes
7237-IBWPD,Female,0,Yes,No,31,Yes,No,No,No internet service,No internet service,No internet service,No internet service,No internet service,No internet service,One year,No,Bank transfer (automatic),41.99,1319.29,No
6074-IPBGL,Male,0,Yes,No,40,Yes,No,DSL,No,No,No,Yes,No,Yes,Month-to-month,Yes,Electronic check,75.46,2995.43,Yes
9228-GEZNE,Female,0,No,No,53,No,No phone service,DSL,No,Yes,Yes,No,No,Yes,Month-to-month,No,Credit card (automatic),68.07,3622.4,No
1546-EIBDN,Female,0,No,No,27,No,No phone service,No,No internet service,No internet service,No internet service,No internet service,No internet service,No internet service,Month-to-month,Yes,Mailed check,22.23,595.13,No
8694-CSTXK,Female,1,No,Yes,12,Yes,No,DSL,No,No,No,No,Yes,Yes,Two year,Yes,Mailed check,79.66,945.28,No
8037-ZRBKL,Female,0,Yes,No,35,Yes,No,Fiber optic,No,Yes,No,No,Yes,No,One year,Yes,Credit card (automatic),94.79,3352.82,No
7234-ZBLVJ,Male,0,Yes,Yes,72,Yes,No,No,No internet service,No internet service,No internet service,No internet service,No internet service,No internet service,Two year,No,Electronic check,33.6,2450.03,No
9350-DIPQI,Female,0,No,Yes,8,Yes,No,No,No internet service,No internet service,No internet service,No internet service,No internet service,No internet service,Month-to-month,Yes,Mailed check,38.86,310.32,No
8456-OMXKO,Male,0,No,Yes,12,Yes,Yes,DSL,No,No,No,No,No,Yes,Month-to-month,No,Mailed check,69.28,836.3,No
7132-BEMMS,Female,0,Yes,Yes,72,No,No phone service,DSL,Yes,No,Yes,Yes,No,Yes,Month-to-month,Yes,Electronic check,74.24,5337.72,No
6225-PRDML,Female,0,No,No,60,No,No phone service,Fiber optic,No,Yes,No,No,No,Yes,Month-to-month,Yes,Electronic check,75.63,4514.99,No
7280-NMKWY,Male,0,No,No,8,Yes,No,Fiber optic,No,No,Yes,No,No,No,Month-to-month,No,Mailed check,86.41,693.18,No
7574-ZATNX,Male,0,Yes,No,15,No,No phone service,DSL,No,Yes,No,No,Yes,No,Two year,No,Credit card (automatic),59.16,892.37,No
4078-YFJKI,Male,0,Yes,No,50,Yes,No,DSL,No,No,Yes,Yes,No,Yes,Two year,Yes,Mailed check,82.02,4122.06,No
3815-BHFHE,Male,0,No,No,57,Yes,No,No,No internet service,No internet service,No internet service,No internet service,No internet service,No internet service,Month-to-month,No,Mailed check,41.24,2362.65,No
9109-EAEBI,Male,0,Yes,Yes,53,Yes,No,Fiber optic,No,No,No,No,No,Yes,Month-to-month,No,Bank transfer (automatic),96.06,5071.5,No
7586-QQWCE,Male,0,No,No,62,Yes,No,No,No internet service,No internet service,No internet service,No internet service,No internet service,No internet service,One year,Yes,Electronic check,50.98,3119.98,No
8350-QYNKQ,Male,0,No,No,36,Yes,Yes,DSL,Yes,No,No,Yes,No,Yes,One year,Yes,Electronic check,82.95,2979.98,No
2740-AJVHK,Male,0,Yes,No,63,Yes,No,Fiber optic,Yes,No,Yes,No,No,No,One year,Yes,Mailed check,92.71,5815.2,No
4432-UEIYZ,Female,0,No,No,43,Yes,Yes,Fiber optic,Yes,Yes,No,Yes,No,Yes,Month-to-month,Yes,Bank transfer (automatic),113.71,4887.62,No
2038-RUYMK,Male,0,Yes,Yes,34,Yes,Yes,DSL,Yes,No,No,No,Yes,Yes,Month-to-month,Yes,Electronic check,88.53,3019.16,No
8855-HTLPD,Male,0,Yes,No,46,Yes,Yes,Fiber optic,No,Yes,Yes,No,Yes,Yes,Month-to-month,No,Electronic check,117.59,5415.9,No
6329-FKJLI,Male,0,No,No,31,Yes,No,DSL,No,No,Yes,No,Yes,No,Two year,Yes,Bank transfer (automatic),78.83,2435.01,No
9755-BPFHQ,Female,0,No,No,44,Yes,No,No,No internet service,No internet service,No internet service,No internet service,No internet service,No internet service,One year,Yes,Bank transfer (automatic),45.19,1996.83,No
1507-XSFXF,Male,1,Yes,Yes,60,Yes,No,Fiber optic,No,No,No,No,No,Yes,Two year,Yes,Credit card (automatic),92.19,5559.7,No
7907-TOQMX,Female,0,No,No,69,Yes,No,DSL,No,No,No,Yes,No,No,Month-to-month,Yes,Credit card (automatic),69.05,4772.85,No
1350-DUXNH,Male,1,No,No,42,Yes,Yes,Fiber optic,No,No,No,Yes,No,No,Month-to-month,Yes,Bank transfer (automatic),92.21,3880.53,No
6486-HHKCZ,Male,0,No,No,0,Yes,No,No,No internet service,No internet service,No internet service,No internet service,No internet service,No internet service,Month-to-month,No,Mailed check,40.45, ,No
6178-CCQAW,Male,0,No,No,45,Yes,No,Fiber optic,Yes,Yes,Yes,No,Yes,No,Two year,Yes,Credit card (automatic),106.14,4780.02,No
7386-YNUXB,Male,0,Yes,Yes,18,Yes,No,Fiber optic,Yes,Yes,No,No,No,Yes,Month-to-month,Yes,Bank transfer (automatic),112.09,2048.61,Yes
4679-VDUSY,Female,0,Yes,No,17,Yes,Yes,No,No internet service,No internet service,No internet service,No internet service,No internet service,No internet service,One year,No,Electronic check,47.63,809.01,No
4897-EKNRK,Male,1,No,Yes,64,Yes,No,DSL,No,No,Yes,No,Yes,No,Month-to-month,Yes,Bank transfer (automatic),84.68,5413.63,No
5409-SIESB,Male,0,Yes,Yes,32,Yes,No,Fiber optic,No,Yes,Yes,No,No,No,Month-to-month,No,Electronic check,94.02,3033.57,No
6923-IYSQQ,Female,0,No,Yes,57,Yes,Yes,DSL,Yes,Yes,No,Yes,No,Yes,Month-to-month,Yes,Credit card (automatic),88.86,5062.45,No
6053-HNPZN,Female,0,Yes,No,26,Yes,Yes,Fiber optic,No,No,No,Yes,No,Yes,Month-to-month,No,Credit card (automatic),101.64,2655.3,No
6274-IIAZN,Female,0,Yes,No,44,Yes,Yes,Fiber optic,No,No,No,No,Yes,No,Two year,Yes,Electronic check,95.01,4185.49,No
3044-AOSAF,Female,0,Yes,Yes,48,Yes,No,DSL,No,No,Yes,No,Yes,No,Two year,Yes,Electronic check,86.45,4160.84,No
6570-IMCQO,Female,1,Yes,Yes,65,Yes,No,No,No internet service,No internet service,No internet service,No internet service,No internet service,No internet service,One year,Yes,Bank transfer (automatic),38.61,2527.28,No
9710-CVLYR,Male,0,Yes,No,14,Yes,Yes,Fiber optic,Yes,Yes,No,No,Yes,No,Month-to-month,Yes,Credit card (automatic),106.07,1511.41,No
6426-ZTNIF,Female,0,No,No,40,Yes,Yes,DSL,No,Yes,Yes,No,Yes,No,Two year,Yes,Bank transfer (automatic),79.72,3210.94,No
3168-RGHSH,Male,0,No,Yes,29,Yes,No,Fiber optic,No,Yes,Yes,Yes,No,No,Month-to-month,Yes,Mailed check,103.03,3017.98,No
8213-QBBRK,Male,0,Yes,No,33,Yes,No,Fiber optic,Yes,No,No,No,Yes,Yes,Two year,Yes,Credit card (automatic),111.66,3680.74,No
2868-JDDVP,Female,0,Yes,Yes,61,Yes,No,DSL,No,No,No,Yes,No,No,One year,Yes,Bank transfer (automatic),64.85,3932.73,No
9904-UAHVJ,Female,1,No,No,9,Yes,Yes,Fiber optic,No,No,No,No,Yes,Yes,Month-to-month,Yes,Credit card (automatic),102.26,918.18,Yes
5093-JHPCT,Female,0,Yes,Yes,39,Yes,No,No,No internet service,No internet service,No internet service,No internet service,No internet service,No internet service,Month-to-month,Yes,Electronic check,39.27,1590.04,No
1854-DSAJT,Male,0,No,No,28,Yes,No,DSL,Yes,No,No,No,No,No,Month-to-month,No,Mailed check,71.58,2003.37,No
3762-IYNKR,Female,0,No,No,65,Yes,Yes,No,No internet service,No internet service,No internet service,No internet service,No internet service,No internet service,Month-to-month,No,Bank transfer (automatic),41.94,2689.84,No
5896-ZGTMI,Male,0,No,No,15,Yes,No,Fiber optic,No,No,Yes,No,Yes,No,Two year,No,Bank transfer (automatic),102.21,1587.46,No
4335-EUNSN,Female,0,No,No,16,Yes,Yes,DSL,Yes,Yes,No,No,No,Yes,One year,Yes,Electronic check,81.02,1301.42,No
8998-DKLYZ,Female,0,No,No,6,Yes,Yes,Fiber optic,No,No,No,Yes,No,Yes,Month-to-month,Yes,Electronic check,97.18,567.55,No
6529-OEZJF,Female,0,No,No,32,Yes,No,Fiber optic,Yes,Yes,No,No,No,No,Month-to-month,No,Credit card (automatic),86.38,2742.01,Yes
1225-ODCFT,Female,0,No,No,0,Yes,No,No,No internet service,No internet service,No internet service,No internet service,No internet service,No internet service,Two year,Yes,Bank transfer (automatic),38.61, ,No
6826-HYYDA,Female,0,Yes,No,36,Yes,Yes,Fiber optic,No,No,No,No,No,Yes,Month-to-month,No,Electronic check,91.41,3307.16,No
9694-OUSWL,Male,1,Yes,No,16,Yes,Yes,DSL,No,Yes,No,No,No,Yes,Month-to-month,Yes,Electronic check,79.53,1287.39,No
5154-ZRHLA,Male,0,Yes,Yes,29,Yes,Yes,DSL,Yes,Yes,Yes,Yes,No,No,One year,Yes,Credit card (automatic),83.34,2436.26,No
9974-RNNZP,Male,1,Yes,Yes,44,Yes,No,Fiber optic,No,No,Yes,Yes,No,No,Month-to-month,No,Electronic check,95.48,4172.65,No
2630-OASSM,Female,1,No,Yes,49,Yes,Yes,Fiber optic,No,No,No,No,No,Yes,Month-to-month,Yes,Bank transfer (automatic),93.53,4560.82,No
8053-BCBNA,Male,0,Yes,No,4,Yes,No,No,No internet service,No internet service,No internet service,No internet service,No internet service,No internet service,Month-to-month,No,Mailed check,40.51,163.2,No
3194-ZFYUK,Male,0,Yes,Yes,10,Yes,Yes,No,No internet service,No internet service,No internet service,No internet service,No internet service,No internet service,Month-to-month,Yes,Credit card (automatic),37.64,400.45,No
7559-RQBBS,Female,0,Yes,Yes,23,No,No phone service,No,No internet service,No internet service,No internet service,No internet service,No internet service,No internet service,Two year,Yes,Bank transfer (automatic),23.04,522.64,No
4419-LRMJC,Female,0,No,No,37,Yes,No,Fiber optic,No,Yes,No,No,No,No,Two year,No,Bank transfer (automatic),82.76,3017.68,Yes
9828-KUEIA,Female,0,No,Yes,64,Yes,No,DSL,No,No,No,No,No,Yes,Two year,No,Bank transfer (automatic),72.07,4630.83,No
1544-KICFE,Female,0,No,No,10,Yes,Yes,Fiber optic,Yes,Yes,Yes,No,No,No,Two year,Yes,Credit card (automatic),103.76,983.5,No
7852-IILEG,Female,0,Yes,No,4,Yes,No,DSL,No,Yes,No,No,Yes,Yes,Month-to-month,Yes,Electronic check,94.88,370.84,Yes
2843-YPXWG,Male,0,Yes,Yes,45,Yes,No,DSL,No,No,Yes,No,No,Yes,Month-to-month,Yes,Electronic check,79.5,3594.52,Yes
1407-LJPEE,Female,1,No,No,71,Yes,Yes,DSL,No,No,No,Yes,Yes,Yes,One year,Yes,Electronic check,89.58,6376.56,No
2859-QEKGA,Female,0,No,Yes,60,No,No phone service,No,No internet service,No internet service,No internet service,No internet service,No internet service,No internet service,Month-to-month,Yes,Credit card (automatic),18.0,1048.14,No
2588-GVEPV,Female,0,No,No,41,Yes,No,Fiber optic,No,No,Yes,No,No,Yes,Two year,No,Bank transfer (automatic),102.98,4241.53,No
9702-MAEOO,Male,1,No,No,1,No,No phone service,DSL,Yes,No,Yes,No,No,No,Month-to-month,Yes,Electronic check,55.03,83.8,No
9803-LLLHF,Female,0,Yes,Yes,42,Yes,No,No,No internet service,No internet service,No internet service,No internet service,No internet service,No internet service,Month-to-month,Yes,Electronic check,42.07,1781.43,No
9421-QWVWM,Female,0,No,Yes,33,Yes,No,No,No internet service,No internet service,No internet service,No internet service,No internet service,No internet service,One year,No,Bank transfer (automatic),43.87,1444.21,No
3592-DVGVI,Female,1,No,No,32,No,No phone service,Fiber optic,No,No,No,No,Yes,No,Two year,Yes,Electronic check,67.85,2181.9,No
2282-WJQKY,Male,0,No,No,35,Yes,No,DSL,No,No,No,No,Yes,No,One year,Yes,Bank transfer (automatic),73.26,2550.72,No
2706-IUWPU,Female,0,No,Yes,40,Yes,Yes,DSL,Yes,No,No,No,No,No,One year,No,Electronic check,63.21,2551.29,No
6537-YYGJY,Female,0,Yes,No,52,Yes,Yes,DSL,No,Yes,No,No,Yes,No,Month-to-month,No,Bank transfer (automatic),84.32,4416.39,Yes
3587-RZTQE,Female,1,Yes,No,14,Yes,No,Fiber optic,Yes,Yes,No,No,No,Yes,One year,Yes,Electronic check,109.62,1527.52,No
2927-FCZVU,Male,0,No,No,5,Yes,No,Fiber optic,No,No,No,No,Yes,Yes,One year,No,Mailed check,107.37,553.82,No
7951-XSGGM,Female,0,No,Yes,3,Yes,No,DSL,Yes,No,Yes,Yes,No,No,Month-to-month,Yes,Electronic check,84.67,275.73,No
2775-NTGFD,Female,0,Yes,Yes,29,Yes,No,DSL,No,No,Yes,Yes,Yes,No,Two year,No,Bank transfer (automatic),85.67,2481.19,No
5948-EXIUK,Male,0,Yes,No,37,Yes,Yes,Fiber optic,No,Yes,No,No,No,No,Month-to-month,Yes,Bank transfer (automatic),95.02,3471.26,Yes
8626-AFMON,Female,0,No,Yes,57,Yes,Yes,No,No internet service,No internet service,No internet service,No internet service,No internet service,No internet service,Month-to-month,No,Credit card (automatic),35.23,2012.41,No
7190-MUPXC,Male,0,Yes,Yes,31,No,No phone service,DSL,No,No,No,Yes,Yes,No,Two year,No,Bank transfer (automatic),63.69,1913.64,No
7244-WBGGL,Female,1,Yes,Yes,38,Yes,No,Fiber optic,No,Yes,No,No,Yes,Yes,Month-to-month,Yes,Bank transfer (automatic),105.89,4057.44,Yes
5636-WJSVS,Male,0,No,Yes,71,Yes,Yes,No,No internet service,No internet service,No internet service,No internet service,No internet service,No internet service,One year,No,Mailed check,40.41,2882.49,No
9262-UJZYB,Female,0,No,No,54,No,No phone service,Fiber optic,No,No,Yes,No,Yes,Yes,Month-to-month,Yes,Electronic check,91.19,4920.43,No
9676-ZWYVD,Female,0,No,Yes,50,Yes,No,Fiber optic,No,No,Yes,No,No,No,Two year,Yes,Bank transfer (automatic),85.78,4309.29,No
1277-HARWW,Female,0,No,No,26,Yes,Yes,Fiber optic,No,No,Yes,No,No,Yes,Month-to-month,Yes,Electronic check,95.94,2472.09,Yes
1869-ONNXD,Female,0,Yes,Yes,11,Yes,Yes,No,No internet service,No internet service,No internet service,No internet service,No internet service,No internet service,Month-to-month,Yes,Bank transfer (automatic),44.91,518.08,Yes
1639-SPMEC,Female,0,No,No,67,Yes,Yes,Fiber optic,No,Yes,No,No,No,No,Two year,Yes,Electronic check,91.03,6104.7,No
6653-XYGPN,Male,0,No,No,40,Yes,No,DSL,No,No,No,No,Yes,Yes,One year,Yes,Electronic check,82.47,3304.85,No
9549-VDRVG,Male,0,No,No,5,Yes,Yes,DSL,No,Yes,Yes,Yes,No,Yes,Month-to-month,Yes,Mailed check,89.83,441.77,Yes
4129-ZJCZU,Female,0,No,No,35,No,No phone service,DSL,No,Yes,No,No,No,No,Month-to-month,Yes,Credit card (automatic),53.29,1860.02,No
1537-MTBLG,Female,0,Yes,No,6,Yes,No,DSL,Yes,No,No,No,No,Yes,Month-to-month,Yes,Bank transfer (automatic),76.23,469.34,No
2148-COFSX,Male,0,Yes,Yes,71,Yes,No,Fiber optic,No,No,Yes,Yes,No,No,Two year,No,Bank transfer (automatic),92.01,6515.1,No
5585-HFPSF,Male,1,Yes,No,38,Yes,Yes,DSL,No,No,Yes,Yes,No,No,One year,No,Credit card (automatic),77.46,2918.95,No
4092-GUJQY,Female,0,Yes,No,57,Yes,No,Fiber optic,No,No,No,No,No,No,Two year,No,Mailed check,84.29,4826.42,No
3399-FJRKJ,Female,1,No,Yes,34,Yes,Yes,Fiber optic,No,No,Yes,Yes,No,Yes,Two year,No,Bank transfer (automatic),107.13,3653.23,No
8723-DPOKJ,Male,1,Yes,No,1,Yes,No,Fiber optic,No,No,Yes,No,Yes,Yes,Month-to-month,No,Mailed check,107.35,88.32,Yes
6869-WBYAO,Male,0,No,Yes,46,Yes,No,DSL,No,Yes,No,No,Yes,No,One year,No,Credit card (automatic),76.36,3514.82,Yes
4571-HUNFX,Male,1,Yes,No,47,Yes,No,DSL,No,Yes,No,Yes,No,Yes,One year,Yes,Bank transfer (automatic),77.73,3654.33,No
4069-RDCPB,Female,0,Yes,No,16,No,No phone service,DSL,Yes,No,No,No,Yes,No,Two year,No,Electronic check,54.63,859.76,No
9537-ENOWE,Male,0,Yes,No,52,Yes,No,No,No internet service,No internet service,No internet service,No internet service,No internet service,No internet service,One year,Yes,Mailed check,36.84,1920.11,No
9360-GZNGO,Female,0,Yes,No,16,Yes,Yes,DSL,Yes,No,No,No,Yes,No,Month-to-month,No,Bank transfer (automatic),82.57,1320.58,No
7799-VHLNU,Male,0,No,No,50,Yes,No,DSL,Yes,No,Yes,Yes,No,No,Two year,No,Mailed check,81.26,4081.1,No
7227-CBOUL,Male,0,No,No,54,Yes,Yes,DSL,No,No,No,No,No,No,One year,No,Electronic check,68.35,3699.31,No
3434-YGSDR,Female,0,Yes,No,10,No,No phone service,Fiber optic,No,No,No,No,Yes,No,Two year,Yes,Bank transfer (automatic),74.17,730.97,No
5130-XOGNT,Female,0,No,No,21,Yes,No,Fiber optic,No,No,No,No,No,Yes,Month-to-month,No,Bank transfer (automatic),90.16,1882.1,Yes
4678-WWZNL,Female,0,No,No,11,Yes,Yes,No,No internet service,No internet service,No internet service,No internet service,No internet service,No internet service,Month-to-month,No,Electronic check,37.88,425.42,No
4112-ROEXO,Female,0,No,No,53,Yes,Yes,DSL,Yes,No,No,No,Yes,No,One year,Yes,Mailed check,82.93,4359.37,No
4855-LIDBX,Female,0,Yes,No,17,Yes,No,DSL,Yes,Yes,No,No,No,No,Two year,Yes,Bank transfer (automatic),77.52,1295.32,No
7740-XSYXE,Female,0,Yes,Yes,46,Yes,No,Fiber optic,No,No,Yes,No,Yes,Yes,Month-to-month,No,Electronic check,107.6,4945.92,No
5635-AATMH,Female,0,No,No,30,Yes,Yes,DSL,Yes,No,Yes,No,No,Yes,Month-to-month,No,Credit card (automatic),87.21,2613.67,No
5108-QVNMP,Male,0,No,No,6,Yes,No,DSL,No,No,No,Yes,No,No,Two year,Yes,Mailed check,68.26,429.37,No
2268-MHARG,Male,0,Yes,No,64,Yes,No,No,No internet service,No internet service,No internet service,No internet service,No internet service,No internet service,Two year,Yes,Mailed check,34.26,2164.35,No
6864-XAKHI,Female,0,No,No,51,Yes,Yes,Fiber optic,Yes,No,No,Yes,Yes,Yes,Month-to-month,Yes,Credit card (automatic),114.26,5818.34,No
9782-AOJCF,Male,0,Yes,No,19,Yes,No,Fiber optic,Yes,No,No,No,No,Yes,Month-to-month,No,Bank transfer (automatic),97.74,1856.91,No
2479-NFSEB,Female,0,No,No,64,Yes,No,No,No internet service,No internet service,No internet service,No internet service,No internet service,No internet service,Month-to-month,No,Credit card (automatic),40.16,2563.79,No
7504-SGAKR,Female,0,Yes,No,51,Yes,No,DSL,No,No,Yes,Yes,No,No,Month-to-month,Yes,Credit card (automatic),69.36,3522.43,No
1552-EPJXD,Male,0,No,Yes,59,Yes,No,DSL,No,Yes,Yes,No,No,Yes,Month-to-month,Yes,Mailed check,79.95,4704.33,Yes
7663-OHUGO,Female,0,Yes,No,13,Yes,Yes,DSL,Yes,No,Yes,No,Yes,Yes,Month-to-month,Yes,Mailed check,93.05,1214.7,No
5057-XCAQJ,Male,0,Yes,No,0,Yes,No,DSL,Yes,Yes,No,No,No,Yes,One year,Yes,Credit card (automatic),83.37, ,No
9901-JMIOK,Female,0,No,No,4,Yes,No,Fiber optic,Yes,Yes,Yes,No,No,No,Month-to-month,Yes,Electronic check,101.29,397.61,Yes
1462-OMFLF,Male,0,Yes,No,39,Yes,No,No,No internet service,No internet service,No internet service,No internet service,No internet service,No internet service,Month-to-month,No,Mailed check,40.34,1549.7,No
1656-DUHMQ,Male,0,No,Yes,57,Yes,Yes,No,No internet service,No internet service,No internet service,No internet service,No internet service,No internet service,Two year,No,Bank transfer (automatic),33.69,1966.07,No
6503-NHHLY,Female,0,No,No,66,Yes,No,Fiber optic,Yes,Yes,Yes,No,No,No,Month-to-month,Yes,Credit card (automatic),96.77,6389.74,No
4468-QIHQB,Female,0,Yes,No,70,Yes,No,No,No internet service,No internet service,No internet service,No internet service,No internet service,No internet service,Two year,Yes,Bank transfer (automatic),36.14,2561.34,No
3730-GDMFF,Male,0,Yes,No,43,Yes,No,Fiber optic,No,No,No,No,No,No,Month-to-month,No,Electronic check,88.18,3786.12,No
6614-ISZLY,Female,0,No,No,46,Yes,Yes,DSL,No,Yes,No,No,No,Yes,Two year,Yes,Bank transfer (automatic),87.34,4020.08,No
3573-NMVHH,Female,0,No,No,21,Yes,No,DSL,Yes,Yes,No,Yes,No,Yes,Two year,Yes,Bank transfer (automatic),87.68,1851.45,No
5373-TXXAV,Male,0,No,No,0,Yes,Yes,Fiber optic,No,No,Yes,Yes,No,No,Month-to-month,Yes,Electronic check,95.58, ,Yes
3440-QTVGA,Female,0,Yes,Yes,14,No,No phone service,DSL,Yes,No,No,No,Yes,No,One year,No,Electronic check,63.12,886.1,No
8930-KTTQK,Female,1,No,Yes,4,Yes,No,DSL,Yes,No,No,No,No,Yes,One year,Yes,Mailed check,74.73,303.66,Yes
1965-EQUMP,Male,0,No,No,50,Yes,Yes,No,No internet service,No internet service,No internet service,No internet service,No internet service,No internet service,Month-to-month,No,Bank transfer (automatic),37.99,1895.18,No
4986-NYIXC,Female,0,No,Yes,36,Yes,No,DSL,No,No,No,No,Yes,No,Two year,No,Bank transfer (automatic),72.53,2609.08,No
1201-WNFAQ,Female,0,Yes,Yes,56,Yes,No,Fiber optic,Yes,No,No,Yes,No,No,Month-to-month,Yes,Mailed check,94.17,5294.21,Yes
4784-HZFWL,Female,1,Yes,Yes,10,Yes,Yes,DSL,No,No,No,Yes,No,Yes,Month-to-month,No,Credit card (automatic),79.72,777.8,No
2774-TVFOC,Female,0,No,No,66,Yes,No,Fiber optic,No,No,Yes,Yes,No,No,Two year,No,Bank transfer (automatic),95.64,6347.13,No
6877-MVOGR,Female,1,No,No,52,Yes,Yes,Fiber optic,No,No,Yes,No,No,No,Month-to-month,No,Electronic check,88.31,4603.82,Yes
4405-LPKFD,Male,0,Yes,Yes,66,Yes,Yes,DSL,No,No,No,No,No,No,Month-to-month,Yes,Bank transfer (automatic),58.05,3825.57,No
9657-HVGSD,Female,0,No,Yes,47,Yes,Yes,DSL,Yes,No,No,No,Yes,Yes,Month-to-month,Yes,Electronic check,86.9,4102.52,Yes
3239-YXEMO,Male,0,Yes,No,24,Yes,No,Fiber optic,No,Yes,Yes,Yes,No,Yes,Two year,No,Electronic check,110.42,2666.99,No
8766-KWOHP,Female,0,Yes,No,45,Yes,No,Fiber optic,No,Yes,Yes,Yes,Yes,No,Month-to-month,Yes,Bank transfer (automatic),109.93,4953.54,No
1751-NCISI,Male,0,Yes,Yes,44,No,No phone service,DSL,No,No,No,Yes,No,Yes,Month-to-month,No,Mailed check,59.08,2597.57,No
9918-EXKQJ,Male,1,Yes,No,13,Yes,Yes,Fiber optic,Yes,No,Yes,Yes,Yes,No,One year,No,Credit card (automatic),112.67,1432.34,No
5473-ZFCOP,Male,0,Yes,Yes,7,Yes,No,DSL,Yes,Yes,No,No,No,No,One year,No,Bank transfer (automatic),79.25,541.06,No
8912-ZPYCS,Female,1,Yes,No,47,Yes,Yes,DSL,Yes,No,Yes,Yes,No,Yes,Month-to-month,No,Mailed check,88.39,4156.01,No
5762-KWSBY,Male,0,Yes,Yes,6,Yes,Yes,No,No internet service,No internet service,No internet service,No internet service,No internet service,No internet service,Two year,No,Electronic check,42.61,265.69,No
5467-OEISA,Male,0,No,No,7,Yes,No,DSL,Yes,Yes,Yes,Yes,No,No,Month-to-month,No,Credit card (automatic),85.26,598.59,Yes
4525-NXCWI,Female,0,No,Yes,5,Yes,No,Fiber optic,No,No,No,No,No,Yes,One year,Yes,Electronic check,92.42,470.75,Yes
3348-QLHFF,Female,0,No,No,45,Yes,No,Fiber optic,No,No,Yes,No,No,No,One year,Yes,Mailed check,85.69,3851.5,No
3054-PLBGY,Male,0,Yes,Yes,67,Yes,No,No,No internet service,No internet service,No internet service,No internet service,No internet service,No internet service,Month-to-month,Yes,Mailed check,39.15,2636.25,No
8341-ZSZRA,Female,0,No,No,36,Yes,No,DSL,No,No,No,No,Yes,No,Two year,Yes,Credit card (automatic),80.24,2932.36,No
5995-ADCBX,Male,0,Yes,No,11,No,No phone service,Fiber optic,No,No,Yes,Yes,No,No,One year,Yes,Electronic check,78.66,868.99,No
2459-WIAIB,Male,0,No,Yes,37,Yes,Yes,Fiber optic,No,No,No,No,No,No,Month-to-month,No,Bank transfer (automatic),85.2,3150.3,No
3815-HBHCA,Female,0,No,No,35,No,No phone service,DSL,No,No,No,Yes,No,No,Month-to-month,No,Bank transfer (automatic),53.15,1860.53,No
6609-CSRVP,Male,0,Yes,No,43,Yes,Yes,DSL,No,No,Yes,Yes,No,Yes,Month-to-month,Yes,Electronic check,87.47,3777.9,Yes
4833-JGGFM,Female,0,Yes,Yes,31,Yes,No,No,No internet service,No internet service,No internet service,No internet service,No internet service,No internet service,Two year,No,Mailed check,46.09,1428.46,No
6766-QSHYD,Female,0,No,Yes,38,Yes,No,Fiber optic,No,No,No,No,No,Yes,Month-to-month,No,Electronic check,89.63,3422.31,No
7366-XVDRV,Female,0,No,No,23,Yes,Yes,DSL,No,No,No,No,Yes,No,Two year,Yes,Electronic check,80.73,1875.62,No
4133-OMMRG,Male,0,No,Yes,66,Yes,Yes,Fiber optic,No,Yes,Yes,Yes,No,No,Month-to-month,No,Electronic check,99.96,6633.57,No
3812-SCMTC,Female,0,No,No,39,Yes,Yes,Fiber optic,Yes,Yes,Yes,No,No,No,Two year,No,Electronic check,97.91,3828.19,No
3300-VNRWU,Female,0,No,No,22,Yes,No,DSL,No,Yes,No,No,Yes,Yes,Two year,No,Bank transfer (automatic),83.28,1834.81,No
4185-FRIHI,Male,0,Yes,No,0,Yes,Yes,DSL,No,No,Yes,No,No,No,Month-to-month,Yes,Electronic check,65.21, ,No
5373-EGWXJ,Male,1,No,No,49,No,No phone service,DSL,No,Yes,No,Yes,No,No,Month-to-month,Yes,Mailed check,54.55,2673.48,No
1592-HKMJY,Male,0,Yes,No,27,Yes,No,Fiber optic,No,No,No,No,No,No,Two year,Yes,Bank transfer (automatic),81.83,2213.69,No
8169-JZYIY,Female,1,No,No,18,Yes,No,Fiber optic,Yes,No,Yes,Yes,No,No,Month-to-month,No,Electronic check,104.72,1913.07,Yes
9365-IHPVQ,Female,0,Yes,No,34,Yes,No,DSL,No,No,Yes,Yes,Yes,Yes,Month-to-month,No,Electronic check,93.51,3170.55,No
6481-HSZVP,Male,0,No,No,35,Yes,Yes,Fiber optic,No,No,Yes,Yes,Yes,No,Two year,No,Mailed check,103.45,3595.18,No
1735-SORRF,Female,0,No,Yes,58,Yes,Yes,Fiber optic,No,No,Yes,No,Yes,Yes,Two year,No,Bank transfer (automatic),104.71,6076.48,No
6040-PNWQT,Female,0,Yes,No,39,Yes,Yes,Fiber optic,No,Yes,No,No,No,Yes,Two year,Yes,Mailed check,98.92,3862.31,No
7037-LROPQ,Female,0,Yes,No,51,Yes,Yes,DSL,No,No,Yes,Yes,Yes,Yes,Two year,Yes,Mailed check,96.77,4955.69,No
6167-JRIOL,Male,0,Yes,No,47,Yes,No,DSL,No,No,No,Yes,Yes,No,One year,No,Credit card (automatic),78.88,3704.89,No
5915-ZPSJD,Male,0,No,No,62,Yes,No,No,No internet service,No internet service,No internet service,No internet service,No internet service,No internet service,Two year,No,Credit card (automatic),36.28,2240.91,No
9610-DQDSW,Male,0,No,No,0,Yes,Yes,DSL,Yes,Yes,Yes,No,Yes,No,Month-to-month,Yes,Electronic check,93.31, ,No
1251-DMLDQ,Female,0,Yes,No,27,No,No phone service,DSL,Yes,Yes,No,No,No,Yes,Two year,Yes,Bank transfer (automatic),60.51,1621.77,No
3387-VHIRG,Female,0,Yes,No,52,Yes,No,Fiber optic,Yes,No,No,No,Yes,Yes,One year,No,Bank transfer (automatic),105.66,5478.07,No
3465-CFCDD,Female,0,No,Yes,10,Yes,No,No,No internet service,No internet service,No internet service,No internet service,No internet service,No internet service,One year,Yes,Electronic check,38.8,364.48,No
6262-RNBZQ,Male,0,Yes,No,32,Yes,No,No,No internet service,No internet service,No internet service,No internet service,No internet service,No internet service,Two year,Yes,Electronic check,38.98,1204.02,No
8728-WJNBY,Male,0,No,Yes,29,No,No phone service,Fiber optic,No,Yes,No,No,Yes,Yes,Month-to-month,Yes,Electronic check,84.3,2461.54,Yes
9862-MSMFE,Male,0,Yes,No,58,Yes,Yes,No,No internet service,No internet service,No internet service,No internet service,No internet service,No internet service,One year,No,Electronic check,42.29,2457.15,No
9099-QFTYF,Female,0,Yes,No,70,Yes,Yes,DSL,No,Yes,No,No,No,Yes,Month-to-month,Yes,Electronic check,85.25,6009.87,No
3344-PEKQZ,Male,0,Yes,No,7,No,No phone service,No,No internet service,No internet service,No internet service,No internet service,No internet service,No internet service,Month-to-month,No,Electronic check,30.19,182.18,No
9142-BPKGK,Female,0,No,No,15,Yes,Yes,DSL,No,No,Yes,No,No,No,Month-to-month,Yes,Mailed check,62.37,974.96,No
9796-MPHYH,Female,0,Yes,No,56,Yes,No,No,No internet service,No internet service,No internet service,No internet service,No internet service,No internet service,Two year,Yes,Bank transfer (automatic),40.97,2291.49,No
3077-JHESD,Male,0,Yes,No,12,Yes,Yes,No,No internet service,No internet service,No internet service,No internet service,No internet service,No internet service,Month-to-month,Yes,Mailed check,38.64,432.13,Yes
2538-XDNYU,Male,0,No,No,36,Yes,No,Fiber optic,No,No,No,Yes,No,No,One year,Yes,Mailed check,89.98,3199.28,No
8861-IZYKV,Male,0,No,No,68,Yes,No,Fiber optic,Yes,Yes,No,No,No,Yes,One year,No,Electronic check,105.14,7139.0,No
1625-ZIUGS,Female,0,Yes,No,71,Yes,Yes,DSL,No,No,No,No,No,No,Two year,No,Bank transfer (automatic),58.65,4182.39,No
8080-PAUYI,Female,0,Yes,Yes,69,Yes,Yes,Fiber optic,No,No,No,No,No,No,One year,No,Electronic check,89.4,6174.09,Yes
9794-BKJQU,Male,0,No,Yes,9,No,No phone service,DSL,Yes,Yes,Yes,No,No,Yes,Month-to-month,No,Electronic check,70.33,625.74,Yes
8434-CXXJN,Male,1,Yes,Yes,10,Yes,Yes,Fiber optic,No,No,Yes,Yes,No,No,Month-to-month,Yes,Credit card (automatic),96.83,991.09,Yes
6298-UJNRV,Female,0,No,No,12,Yes,No,DSL,No,No,No,No,Yes,No,One year,Yes,Mailed check,65.79,791.98,No
3957-ZWVPW,Male,0,Yes,Yes,56,No,No phone service,DSL,No,No,Yes,No,No,No,Month-to-month,Yes,Mailed check,56.75,3146.5,Yes
8036-VCLWJ,Male,0,Yes,No,13,Yes,No,DSL,No,No,No,No,No,No,Month-to-month,Yes,Electronic check,65.14,872.69,No
4453-OTFQL,Male,0,Yes,No,31,Yes,Yes,No,No internet service,No internet service,No internet service,No internet service,No internet service,No internet service,Month-to-month,Yes,Credit card (automatic),44.55,1360.3,No
9550-DBHYS,Male,1,No,No,59,No,No phone service,Fiber optic,No,No,No,Yes,No,No,Month-to-month,Yes,Mailed check,75.79,4450.37,No
4806-BPXTB,Male,0,Yes,No,35,Yes,Yes,Fiber optic,Yes,Yes,No,No,No,No,Two year,Yes,Bank transfer (automatic),94.33,3297.24,No
8730-GUYIW,Female,0,Yes,No,68,Yes,No,DSL,Yes,No,Yes,No,Yes,No,Two year,Yes,Bank transfer (automatic),78.82,5366.51,No
6570-CJWKW,Female,1,Yes,No,36,Yes,No,DSL,No,Yes,Yes,Yes,No,No,One year,Yes,Credit card (automatic),82.42,2954.29,No
5080-MZWWM,Female,0,No,No,27,Yes,Yes,Fiber optic,No,No,No,No,Yes,Yes,Month-to-month,Yes,Credit card (automatic),104.27,2780.11,Yes
6662-DWFAI,Female,0,Yes,Yes,70,Yes,No,DSL,No,Yes,Yes,No,No,Yes,Two year,Yes,Electronic check,86.61,6050.6,No
3982-IETEF,Female,0,No,No,39,Yes,Yes,Fiber optic,Yes,Yes,No,No,Yes,No,One year,Yes,Electronic check,102.13,4002.91,No
7992-TZOGP,Male,0,No,Yes,13,Yes,Yes,Fiber optic,Yes,Yes,No,Yes,Yes,No,Two year,Yes,Credit card (automatic),111.44,1448.67,No
1878-SKUHJ,Male,0,Yes,Yes,46,Yes,Yes,No,No internet service,No internet service,No internet service,No internet service,No internet service,No internet service,Month-to-month,No,Electronic check,37.92,1766.69,No
4236-RRBXU,Female,0,No,No,56,Yes,No,DSL,No,No,No,No,No,No,Month-to-month,No,Credit card (automatic),57.2,3213.59,No
8264-TJZTE,Male,1,No,No,61,Yes,No,Fiber optic,No,No,Yes,Yes,No,Yes,One year,Yes,Mailed check,104.01,6333.62,No
3537-DTXTI,Female,1,Yes,No,0,Yes,No,No,No internet service,No internet service,No internet service,No internet service,No internet service,No internet service,Two year,Yes,Mailed check,39.02, ,No
8937-PKYNR,Female,0,Yes,Yes,7,Yes,Yes,No,No internet service,No internet service,No internet service,No internet service,No internet service,No internet service,Month-to-month,Yes,Electronic check,40.24,285.51,No
6220-GSDLI,Male,0,Yes,No,45,Yes,Yes,Fiber optic,No,No,No,No,Yes,Yes,Month-to-month,Yes,Credit card (automatic),103.1,4643.44,No
8698-RJYWB,Female,0,Yes,Yes,54,Yes,Yes,DSL,Yes,No,Yes,No,Yes,No,One year,Yes,Electronic check,78.08,4218.64,No
6582-LBUIW,Female,0,No,Yes,47,Yes,Yes,Fiber optic,No,No,No,Yes,No,No,Two year,Yes,Mailed check,94.34,4438.09,No
4841-WRUPE,Male,0,No,No,27,Yes,No,Fiber optic,No,No,Yes,Yes,No,No,Two year,Yes,Bank transfer (automatic),99.36,2679.97,No
5393-JEPRD,Male,0,No,No,55,Yes,No,DSL,Yes,Yes,No,Yes,No,Yes,Two year,Yes,Mailed check,88.75,4878.88,No
9213-KMFFH,Female,0,Yes,No,42,Yes,Yes,DSL,No,Yes,No,No,No,Yes,One year,No,Electronic check,80.01,3344.11,Yes
2565-UFRGA,Female,0,Yes,Yes,67,Yes,Yes,Fiber optic,No,No,Yes,No,Yes,No,Two year,Yes,Electronic check,96.12,6418.87,No
5037-YDNNR,Male,0,Yes,Yes,26,Yes,Yes,DSL,No,No,Yes,No,No,No,Month-to-month,Yes,Electronic check,74.79,1959.45,No
4915-QDBEX,Female,0,No,Yes,55,Yes,No,No,No internet service,No internet service,No internet service,No internet service,No internet service,No internet service,Month-to-month,No,Credit card (automatic),40.93,2231.33,No
4103-RYGDC,Male,0,Yes,No,10,Yes,No,DSL,No,No,No,Yes,No,No,One year,Yes,Mailed check,70.3,665.48,No
7313-ZMYNS,Female,0,No,No,53,Yes,No,No,No internet service,No internet service,No internet service,No internet service,No internet service,No internet service,One year,Yes,Electronic check,41.81,2208.99,No
3184-NDPGM,Female,0,No,No,53,Yes,Yes,Fiber optic,No,Yes,No,No,Yes,Yes,Month-to-month,Yes,Mailed check,110.61,5867.84,No
3661-WUTSB,Male,1,Yes,No,18,Yes,Yes,No,No internet service,No internet service,No internet service,No internet service,No internet service,No internet service,Month-to-month,No,Bank transfer (automatic),40.73,729.77,Yes
4347-IDSRZ,Female,0,No,No,4,Yes,Yes,Fiber optic,No,No,Yes,No,No,Yes,Two year,No,Bank transfer (automatic),99.52,374.17,No
9654-TVMET,Female,1,No,Yes,72,Yes,Yes,DSL,No,No,Yes,Yes,Yes,No,Two year,No,Electronic check,79.7,5760.46,No
4572-SSSIY,Female,0,No,Yes,5,No,No phone service,DSL,No,No,No,No,No,No,Month-to-month,No,Electronic check,42.11,215.19,Yes
9172-QZNZT,Male,0,Yes,No,34,Yes,No,DSL,Yes,Yes,No,No,Yes,No,Two year,Yes,Bank transfer (automatic),83.3,2855.33,No
4693-XYQHA,Male,1,Yes,Yes,0,No,No phone service,Fiber optic,No,Yes,No,Yes,No,No,Month-to-month,Yes,Credit card (automatic),73.16, ,No
2676-BWVNN,Male,0,No,No,30,Yes,Yes,DSL,No,Yes,Yes,No,No,No,Month-to-month,Yes,Mailed check,76.31,2299.12,No
7804-ZPFNS,Male,0,Yes,No,59,Yes,Yes,Fiber optic,Yes,No,No,No,No,No,Month-to-month,No,Electronic check,85.75,5036.5,No
7309-KDARJ,Male,0,No,No,36,Yes,Yes,No,No internet service,No internet service,No internet service,No internet service,No internet service,No internet service,Month-to-month,Yes,Credit card (automatic),39.24,1351.24,No
9708-FMOAW,Female,0,Yes,No,17,Yes,Yes,Fiber optic,No,No,Yes,No,No,No,Month-to-month,Yes,Mailed check,89.18,1516.76,Yes
3753-ZFOVY,Female,0,No,No,28,Yes,No,Fiber optic,Yes,No,No,No,Yes,No,One year,Yes,Bank transfer (automatic),95.18,2638.29,No
2330-WQFKA,Female,0,No,Yes,6,Yes,No,No,No internet service,No internet service,No internet service,No internet service,No internet service,No internet service,Two year,Yes,Electronic check,40.59,260.91,No
9687-WGOPU,Male,1,Yes,No,43,Yes,No,Fiber optic,No,Yes,No,No,Yes,No,Month-to-month,Yes,Credit card (automatic),93.82,4052.78,No
5127-QOFUL,Male,0,Yes,No,0,Yes,Yes,DSL,No,Yes,No,Yes,No,No,Two year,No,Electronic check,73.4, ,Yes
3197-JUSYB,Female,0,No,Yes,25,Yes,No,DSL,No,No,Yes,No,Yes,No,Two year,Yes,Bank transfer (automatic),70.64,1749.2,No
4999-LOGPS,Male,0,Yes,Yes,4,Yes,No,Fiber optic,No,Yes,Yes,No,Yes,No,Month-to-month,Yes,Mailed check,99.8,399.0,No
1586-MWSLU,Female,0,No,Yes,17,Yes,No,DSL,No,No,No,No,No,No,Month-to-month,Yes,Mailed check,63.07,1083.26,Yes
8611-TZYEC,Female,0,No,Yes,4,Yes,Yes,Fiber optic,Yes,No,No,No,No,Yes,Month-to-month,Yes,Electronic check,97.83,399.44,Yes
2848-CPGPL,Male,0,Yes,Yes,67,Yes,Yes,No,No internet service,No internet service,No internet service,No internet service,No internet service,No internet service,One year,Yes,Credit card (automatic),38.55,2564.51,No
3363-MSXUZ,Male,0,No,Yes,56,Yes,Yes,Fiber optic,No,Yes,No,No,No,Yes,Month-to-month,No,Mailed check,95.01,5282.81,No
4816-ITYDG,Male,0,No,No,67,Yes,Yes,DSL,No,No,No,No,No,Yes,One year,No,Mailed check,68.21,4577.61,No
1410-EJRQJ,Male,0,No,No,49,Yes,No,DSL,No,No,No,No,No,Yes,One year,Yes,Electronic check,78.23,3832.88,No
4181-UVXOO,Male,0,Yes,No,36,Yes,No,No,No internet service,No internet service,No internet service,No internet service,No internet service,No internet service,One year,Yes,Electronic check,36.41,1322.2,No
2981-WYIHB,Female,0,Yes,No,12,No,No phone service,DSL,No,No,No,No,Yes,Yes,Month-to-month,No,Mailed check,69.63,835.16,Yes
7790-OIZFQ,Female,0,Yes,No,70,No,No phone service,DSL,No,Yes,No,No,No,No,Month-to-month,No,Electronic check,53.72,3757.2,No
1949-SAXMU,Female,0,No,No,66,Yes,Yes,Fiber optic,No,Yes,No,Yes,No,Yes,Month-to-month,No,Bank transfer (automatic),109.34,7212.86,Yes
2572-PCVAI,Female,0,No,No,30,Yes,No,Fiber optic,Yes,No,No,No,No,No,Two year,Yes,Electronic check,92.91,2780.97,No
9607-PKXDK,Female,0,No,No,16,Yes,Yes,Fiber optic,Yes,Yes,No,No,Yes,Yes,One year,Yes,Bank transfer (automatic),113.67,1866.72,No
7836-VRSDI,Male,0,Yes,No,28,Yes,Yes,Fiber optic,No,Yes,Yes,No,No,Yes,One year,Yes,Bank transfer (automatic),103.33,2888.56,No
7741-QYLZJ,Male,0,No,No,28,Yes,No,Fiber optic,Yes,No,No,No,No,Yes,One year,Yes,Mailed check,101.84,2845.01,No
2597-SWEXR,Female,0,No,No,66,Yes,Yes,DSL,No,No,Yes,No,No,No,Month-to-month,Yes,Electronic check,71.5,4733.48,No
5169-EFMJT,Male,0,No,Yes,4,Yes,No,Fiber optic,No,No,No,No,Yes,No,Month-to-month,No,Bank transfer (automatic),93.29,382.17,Yes
3999-RMJVL,Male,0,Yes,Yes,46,Yes,No,Fiber optic,No,No,No,No,Yes,Yes,Month-to-month,No,Credit card (automatic),109.69,5047.48,No
5168-GQKAX,Female,0,No,No,56,Yes,Yes,Fiber optic,No,Yes,No,No,Yes,Yes,Month-to-month,No,Bank transfer (automatic),109.59,6119.88,No
5136-VBCJE,Female,0,Yes,Yes,55,Yes,Yes,No,No internet service,No internet service,No internet service,No internet service,No internet service,No internet service,Month-to-month,Yes,Bank transfer (automatic),37.57,2040.12,No
1278-ARKEV,Female,0,Yes,Yes,14,Yes,Yes,DSL,No,Yes,No,No,No,No,Month-to-month,Yes,Electronic check,69.22,967.98,Yes
4582-PHGZK,Female,0,No,Yes,30,Yes,No,Fiber optic,No,No,Yes,No,Yes,No,Two year,Yes,Mailed check,100.86,3021.93,No
8532-CGJKJ,Male,0,No,No,24,Yes,Yes,Fiber optic,Yes,No,No,No,No,Yes,Month-to-month,Yes,Electronic check,103.28,2468.7,No
5045-GSFTF,Female,0,Yes,No,29,Yes,No,Fiber optic,Yes,No,No,No,No,No,Month-to-month,Yes,Electronic check,90.49,2640.17,No
6131-DPDIZ,Female,0,No,No,6,Yes,Yes,DSL,Yes,Yes,Yes,No,Yes,No,Month-to-month,Yes,Mailed check,93.36,578.65,No
2548-QZQLK,Female,0,No,Yes,6,No,No phone service,Fiber optic,No,No,No,Yes,Yes,Yes,Month-to-month,Yes,Electronic check,93.32,582.96,No
4360-EKMLJ,Female,0,Yes,No,1,Yes,No,No,No internet service,No internet service,No internet service,No internet service,No internet service,No internet service,Month-to-month,Yes,Bank transfer (automatic),37.23,16.72,Yes
9728-GVTTG,Female,0,No,No,70,Yes,Yes,Fiber optic,Yes,Yes,Yes,No,Yes,No,Month-to-month,No,Credit card (automatic),109.62,7694.17,No
9575-SADQM,Male,0,Yes,No,30,Yes,No,DSL,No,Yes,No,No,Yes,No,Month-to-month,Yes,Mailed check,76.05,2243.61,Yes
5940-RNRDZ,Male,0,Yes,No,16,Yes,No,DSL,Yes,No,Yes,No,No,Yes,Two year,No,Electronic check,83.94,1341.93,No
5208-LZJQT,Male,1,Yes,Yes,58,No,No phone service,Fiber optic,No,No,No,No,Yes,No,Month-to-month,No,Electronic check,75.0,4367.26,Yes
6030-BGMRW,Male,0,No,No,36,Yes,Yes,DSL,Yes,No,No,No,Yes,No,Month-to-month,Yes,Mailed check,80.83,2889.3,No
2364-GONCE,Male,1,Yes,Yes,26,Yes,Yes,No,No internet service,No internet service,No internet service,No internet service,No internet service,No internet service,Month-to-month,Yes,Mailed check,38.24,967.47,No
5241-YBWVT,Male,0,Yes,No,8,No,No phone service,No,No internet service,No internet service,No internet service,No internet service,No internet service,No internet service,Month-to-month,No,Mailed check,22.35,177.73,No
2397-DJNRF,Female,0,No,No,28,Yes,No,No,No internet service,No internet service,No internet service,No internet service,No internet service,No internet service,One year,Yes,Credit card (automatic),45.7,1312.64,No
8490-XWYZS,Female,0,No,No,47,Yes,No,Fiber optic,No,No,No,Yes,Yes,Yes,Month-to-month,Yes,Credit card (automatic),112.17,5306.06,No
1797-RSGAB,Female,0,No,Yes,45,No,No phone service,Fiber optic,No,No,Yes,No,No,Yes,Two year,Yes,Bank transfer (automatic),74.51,3376.44,No
8091-VBGPG,Female,1,No,No,28,Yes,No,DSL,No,Yes,Yes,Yes,No,No,Two year,No,Electronic check,81.31,2256.73,No
6034-GNJBI,Female,0,Yes,No,44,Yes,Yes,DSL,No,No,Yes,No,No,No,One year,Yes,Electronic check,68.02,2992.96,No
7347-GHDDU,Female,1,Yes,No,56,Yes,No,Fiber optic,No,Yes,No,No,Yes,No,Month-to-month,Yes,Electronic check,101.1,5706.36,Yes
1115-YZDTO,Male,0,No,Yes,67,Yes,Yes,DSL,Yes,No,No,No,No,No,Month-to-month,No,Bank transfer (automatic),74.21,4990.13,No
8759-LCLBT,Female,1,No,No,38,Yes,No,DSL,No,No,Yes,No,No,Yes,Month-to-month,Yes,Credit card (automatic),73.33,2755.6,Yes
4038-TSBPX,Male,1,Yes,Yes,16,Yes,No,No,No internet service,No internet service,No internet service,No internet service,No internet service,No internet service,Two year,No,Bank transfer (automatic),45.6,745.71,No
7523-AMLBC,Male,0,Yes,Yes,9,Yes,No,No,No internet service,No internet service,No internet service,No internet service,No internet service,No internet service,Month-to-month,No,Credit card (automatic),43.98,381.13,No
6997-RNKGD,Female,0,Yes,No,11,Yes,No,No,No internet service,No internet service,No internet service,No internet service,No internet service,No internet service,One year,No,Electronic check,51.68,562.74,No
7862-IRGLQ,Female,0,Yes,No,0,Yes,Yes,DSL,No,No,No,No,Yes,Yes,Month-to-month,Yes,Bank transfer (automatic),84.85, ,No
7524-RQOWU,Male,0,No,Yes,40,Yes,No,No,No internet service,No internet service,No internet service,No internet service,No internet service,No internet service,Month-to-month,Yes,Electronic check,38.93,1549.97,No
1120-AUREQ,Male,1,No,No,15,Yes,Yes,Fiber optic,No,No,Yes,No,No,Yes,Month-to-month,Yes,Bank transfer (automatic),107.09,1595.99,Yes
2858-MCVAB,Male,0,Yes,No,16,Yes,Yes,DSL,Yes,Yes,No,Yes,Yes,No,Month-to-month,Yes,Electronic check,78.75,1281.61,No
9751-THIDA,Male,0,No,No,52,Yes,No,Fiber optic,No,Yes,Yes,No,No,Yes,One year,No,Bank transfer (automatic),103.2,5381.51,No
1521-AUGMP,Male,0,No,No,23,No,No phone service,Fiber optic,No,Yes,No,No,No,No,One year,Yes,Credit card (automatic),67.85,1567.26,No
7170-QMCLH,Female,0,Yes,No,60,Yes,No,Fiber optic,No,No,No,No,Yes,No,Month-to-month,No,Electronic check,96.85,5853.18,No
3510-CFVOW,Female,1,Yes,No,10,No,No phone service,No,No internet service,No internet service,No internet service,No internet service,No internet service,No internet service,Month-to-month,Yes,Credit card (automatic),26.28,267.12,No
8054-FZXRC,Female,0,No,Yes,24,Yes,No,Fiber optic,No,Yes,Yes,No,No,Yes,Two year,No,Electronic check,101.35,2438.91,No
7754-NXSAK,Female,0,Yes,Yes,3,Yes,No,No,No internet service,No internet service,No internet service,No internet service,No internet service,No internet service,Month-to-month,Yes,Bank transfer (automatic),42.36,120.87,No
1614-CATGU,Female,1,No,No,39,No,No phone service,DSL,Yes,No,Yes,Yes,No,Yes,One year,Yes,Mailed check,73.15,2833.57,No
7634-IQAFX,Female,0,No,Yes,9,Yes,No,Fiber optic,No,No,No,Yes,Yes,No,Month-to-month,No,Electronic check,104.51,912.29,No
1336-CQGHL,Male,0,No,No,17,No,No phone service,No,No internet service,No internet service,No internet service,No internet service,No internet service,No internet service,One year,Yes,Bank transfer (automatic),18.23,327.21,No
9610-LKNOF,Male,0,No,No,53,Yes,No,Fiber optic,Yes,No,No,No,No,Yes,One year,Yes,Electronic check,101.24,5356.87,Yes
1688-KNYHX,Female,0,No,Yes,64,Yes,No,No,No internet service,No internet service,No internet service,No internet service,No internet service,No internet service,Month-to-month,Yes,Mailed check,36.96,2417.22,No
4740-CAUNO,Male,0,No,Yes,39,Yes,Yes,Fiber optic,No,Yes,Yes,No,Yes,No,Month-to-month,Yes,Electronic check,106.12,4121.05,No
8043-ACUKE,Male,0,Yes,No,70,Yes,No,DSL,Yes,Yes,No,No,No,No,Month-to-month,Yes,Electronic check,71.12,4963.32,No
7591-GNBHT,Male,0,No,No,55,Yes,No,Fiber optic,No,No,No,Yes,Yes,No,Month-to-month,No,Electronic check,97.57,5373.07,Yes
1228-SAVWN,Female,1,No,No,54,Yes,No,Fiber optic,No,No,Yes,Yes,No,Yes,One year,No,Bank transfer (automatic),105.67,5685.72,No
8297-LROOA,Male,1,No,Yes,72,Yes,No,DSL,No,No,Yes,No,Yes,No,Month-to-month,Yes,Electronic check,74.15,5309.0,No
6440-UZVJB,Female,0,No,No,6,Yes,No,Fiber optic,No,Yes,No,No,No,No,Month-to-month,Yes,Electronic check,91.0,559.64,No
1406-XSKCG,Male,0,Yes,Yes,16,Yes,No,DSL,Yes,Yes,Yes,No,No,Yes,Two year,Yes,Electronic check,90.53,1404.78,No
2851-BGZXR,Male,0,No,No,31,Yes,No,DSL,No,Yes,No,No,No,Yes,Two year,Yes,Electronic check,72.42,2249.1,No
3550-QFDGU,Male,0,No,Yes,45,Yes,No,No,No internet service,No internet service,No internet service,No internet service,No internet service,No internet service,Month-to-month,Yes,Electronic check,36.62,1652.4,No
8394-PWJAQ,Male,0,No,Yes,72,No,No phone service,No,No internet service,No internet service,No internet service,No internet service,No internet service,No internet service,One year,Yes,Mailed check,20.52,1496.14,No
7684-DCLQE,Female,0,No,No,7,Yes,No,Fiber optic,No,No,No,No,No,No,Month-to-month,Yes,Bank transfer (automatic),85.72,609.73,Yes
6942-CIZBH,Male,0,No,Yes,16,Yes,No,Fiber optic,No,No,No,No,No,No,One year,No,Electronic check,79.49,1327.66,Yes
3774-ARFJJ,Male,0,No,No,21,Yes,No,Fiber optic,No,Yes,No,Yes,No,No,Month-to-month,Yes,Electronic check,98.16,2053.91,Yes
8407-ALQWN,Female,0,Yes,Yes,48,Yes,No,DSL,No,No,Yes,No,No,Yes,Two year,No,Credit card (automatic),76.95,3667.11,No
2351-IHXRG,Female,0,Yes,Yes,69,Yes,No,DSL,No,Yes,No,No,Yes,No,Month-to-month,Yes,Credit card (automatic),71.21,4968.64,No
7180-CUCBU,Male,0,No,Yes,68,Yes,No,No,No internet service,No internet service,No internet service,No internet service,No internet service,No internet service,Month-to-month,Yes,Credit card (automatic),39.32,2675.85,No
5859-IFXRC,Female,0,No,No,54,Yes,Yes,Fiber optic,No,No,Yes,No,Yes,Yes,Two year,No,Bank transfer (automatic),112.4,6052.16,No
3084-OQHCY,Female,0,No,No,56,Yes,No,Fiber optic,No,No,No,No,Yes,Yes,Month-to-month,Yes,Electronic check,110.03,6130.08,Yes
8975-MHHFA,Male,0,Yes,Yes,30,Yes,No,DSL,No,No,Yes,No,Yes,No,Month-to-month,No,Electronic check,78.42,2346.34,No
9988-MFEMB,Female,1,Yes,No,44,Yes,No,No,No internet service,No internet service,No internet service,No internet service,No internet service,No internet service,Month-to-month,No,Electronic check,37.02,1613.3,No
8472-DYNLG,Female,1,Yes,No,12,Yes,No,DSL,No,Yes,Yes,No,Yes,No,One year,No,Mailed check,87.04,1029.08,Yes
6485-KHNBB,Female,0,No,No,36,Yes,No,Fiber optic,No,No,Yes,No,Yes,Yes,Month-to-month,Yes,Mailed check,108.98,3881.81,Yes
9911-OWLXO,Male,0,No,No,21,Yes,No,DSL,No,No,Yes,No,No,No,One year,No,Electronic check,61.49,1283.91,No
6679-SGSBS,Male,0,No,No,67,No,No phone service,DSL,No,Yes,No,No,Yes,Yes,Month-to-month,Yes,Electronic check,69.62,4673.14,No
5431-BGXMV,Male,0,Yes,No,26,Yes,Yes,Fiber optic,No,Yes,No,Yes,Yes,Yes,One year,Yes,Credit card (automatic),110.35,2849.03,No
7692-WTEPP,Female,0,No,No,28,Yes,No,Fiber optic,No,No,No,No,No,Yes,Two year,No,Electronic check,101.4,2830.51,No
9965-YOYYJ,Female,0,No,No,29,Yes,Yes,Fiber optic,Yes,No,Yes,Yes,Yes,No,Month-to-month,No,Electronic check,115.63,3343.58,No
3993-WRMXC,Male,1,Yes,No,65,Yes,No,DSL,Yes,No,No,Yes,No,No,One year,No,Electronic check,74.43,4839.77,No
6487-ZVIWH,Male,1,No,Yes,68,Yes,Yes,No,No internet service,No internet service,No internet service,No internet service,No internet service,No internet service,Month-to-month,Yes,Mailed check,39.9,2746.69,No
1092-XWTXJ,Female,0,No,No,31,Yes,No,Fiber optic,Yes,Yes,No,No,No,No,Month-to-month,Yes,Electronic check,93.29,2896.21,Yes
2313-UKAJP,Female,0,Yes,No,72,Yes,No,No,No internet service,No internet service,No internet service,No internet service,No internet service,No internet service,Two year,Yes,Mailed check,36.97,2638.71,No
6655-HJOVI,Female,0,Yes,No,55,Yes,Yes,DSL,No,Yes,No,No,Yes,Yes,Two year,No,Mailed check,82.86,4554.82,No
4635-SEQDS,Male,1,No,No,61,Yes,No,No,No internet service,No internet service,No internet service,No internet service,No internet service,No internet service,Two year,No,Credit card (automatic),39.21,2398.96,No
9408-SOTOZ,Female,0,No,No,66,Yes,No,Fiber optic,No,No,No,No,Yes,No,Two year,Yes,Electronic check,92.02,6048.85,No
1931-LPTIF,Male,0,No,No,24,No,No phone service,Fiber optic,No,Yes,Yes,No,No,No,Month-to-month,Yes,Electronic check,78.8,1872.88,Yes
3484-ZQWSC,Female,0,No,No,40,Yes,No,DSL,Yes,Yes,No,Yes,No,No,One year,No,Bank transfer (automatic),81.04,3222.93,No
7390-UYPIK,Male,0,Yes,No,20,Yes,No,DSL,Yes,Yes,Yes,Yes,No,No,Month-to-month,Yes,Mailed check,82.22,1640.65,No
7504-CUQLN,Male,0,No,No,22,Yes,No,No,No internet service,No internet service,No internet service,No internet service,No internet service,No internet service,Two year,Yes,Bank transfer (automatic),39.73,866.54,No
1021-VYKRN,Male,0,No,No,33,Yes,Yes,Fiber optic,Yes,No,No,Yes,No,No,One year,No,Mailed check,96.57,3153.12,No
2349-LUCOM,Female,0,Yes,Yes,3,Yes,No,Fiber optic,No,Yes,No,Yes,No,No,Month-to-month,Yes,Credit card (automatic),93.44,268.69,Yes
5425-YKAOT,Female,0,No,No,15,Yes,No,Fiber optic,No,No,No,No,Yes,Yes,Two year,No,Electronic check,103.05,1545.04,No
8413-LJEGR,Male,0,Yes,Yes,59,Yes,No,Fiber optic,No,No,Yes,No,Yes,No,One year,No,Credit card (automatic),96.98,5743.27,No
6193-JXZRN,Female,0,Yes,No,12,Yes,Yes,Fiber optic,Yes,No,No,Yes,No,No,Two year,Yes,Electronic check,96.51,1131.61,No
7507-KFZVH,Male,0,Yes,No,45,Yes,No,No,No internet service,No internet service,No internet service,No internet service,No internet service,No internet service,Two year,Yes,Electronic check,34.3,1525.11,No
1374-ZZUPO,Male,1,No,No,55,Yes,Yes,DSL,No,Yes,Yes,No,Yes,Yes,Two year,No,Electronic check,99.49,5449.21,No
1630-JHBCY,Male,0,Yes,Yes,19,Yes,No,No,No internet service,No internet service,No internet service,No internet service,No internet service,No internet service,Month-to-month,Yes,Bank transfer (automatic),34.87,629.73,No
1887-QYNGQ,Female,0,Yes,No,33,Yes,Yes,Fiber optic,No,Yes,Yes,No,No,Yes,Month-to-month,No,Bank transfer (automatic),107.7,3501.16,Yes
2382-XHHON,Male,0,No,Yes,64,Yes,Yes,DSL,No,Yes,No,No,No,No,One year,Yes,Electronic check,66.9,4290.46,No
9172-VGWGS,Female,0,Yes,No,60,Yes,Yes,Fiber optic,No,No,No,No,No,No,Month-to-month,No,Credit card (automatic),87.38,5245.13,No
8477-PGKWG,Male,0,No,Yes,67,Yes,No,No,No internet service,No internet service,No internet service,No internet service,No internet service,No internet service,Month-to-month,Yes,Credit card (automatic),33.1,2225.91,No
2395-QVSIM,Male,0,No,No,45,Yes,No,Fiber optic,No,No,Yes,No,Yes,Yes,Two year,Yes,Mailed check,108.46,4885.93,No
4473-YPEBN,Male,0,Yes,No,64,Yes,No,DSL,No,No,No,Yes,No,Yes,Two year,No,Electronic check,75.09,4796.85,No
4976-RNYTG,Female,0,Yes,No,29,Yes,Yes,DSL,No,No,Yes,No,No,Yes,Two year,No,Mailed check,74.41,2144.93,No
8620-GSMMS,Male,0,No,No,43,Yes,No,Fiber optic,No,Yes,No,No,Yes,No,Month-to-month,Yes,Bank transfer (automatic),94.25,4073.86,No
3855-IANZD,Female,1,Yes,Yes,48,Yes,No,DSL,No,No,No,No,No,Yes,Month-to-month,No,Electronic check,71.02,3421.72,No
7716-YRFHG,Female,0,Yes,No,71,No,No phone service,DSL,No,No,No,No,Yes,No,Two year,Yes,Electronic check,49.92,3541.67,No
1083-LODXY,Male,1,No,Yes,26,Yes,Yes,Fiber optic,Yes,No,No,No,No,No,Month-to-month,Yes,Mailed check,93.07,2399.75,No
1716-RSRSF,Female,1,No,No,63,Yes,No,DSL,No,No,No,No,Yes,Yes,Month-to-month,No,Credit card (automatic),77.61,4891.22,No
1729-IUFRC,Female,0,No,No,37,Yes,No,DSL,Yes,No,No,No,No,No,Month-to-month,No,Electronic check,68.87,2551.99,No
1801-LGLFR,Male,0,No,No,7,Yes,No,Fiber optic,No,No,No,No,No,Yes,Two year,No,Mailed check,98.52,677.04,No
1882-LQZSM,Male,0,No,Yes,47,Yes,Yes,Fiber optic,No,Yes,Yes,No,Yes,No,Month-to-month,No,Credit card (automatic),104.56,4919.05,No
7868-LDGCP,Male,0,No,No,71,Yes,No,Fiber optic,Yes,No,Yes,No,No,No,Month-to-month,Yes,Bank transfer (automatic),96.32,6850.22,No
2144-VBZVD,Female,0,No,No,33,No,No phone service,DSL,No,Yes,No,No,No,No,Month-to-month,Yes,Mailed check,49.08,1628.3,Yes
4573-AVZNK,Male,0,No,Yes,40,Yes,Yes,Fiber optic,No,No,No,No,Yes,Yes,Month-to-month,Yes,Electronic check,99.0,3979.07,No
7087-RLYZA,Female,0,No,No,67,Yes,No,Fiber optic,No,No,Yes,No,Yes,No,One year,Yes,Credit card (automatic),94.23,6330.43,No
8446-EYUKR,Female,0,No,Yes,67,Yes,No,Fiber optic,Yes,Yes,No,Yes,No,No,One year,Yes,Bank transfer (automatic),100.97,6785.63,No
3894-LIYYR,Female,0,Yes,Yes,29,Yes,No,DSL,No,No,Yes,No,Yes,Yes,One year,No,Electronic check,86.49,2497.44,No
3989-AECHX,Male,0,No,No,55,Yes,Yes,DSL,No,No,No,Yes,Yes,No,Month-to-month,Yes,Electronic check,77.81,4295.15,Yes
6723-YHGMF,Female,0,No,Yes,46,Yes,Yes,Fiber optic,No,No,Yes,No,Yes,Yes,Month-to-month,No,Bank transfer (automatic),111.56,5141.37,No
9054-BQDRG,Male,1,Yes,Yes,47,No,No phone service,DSL,No,Yes,No,Yes,Yes,No,Month-to-month,No,Electronic check,61.99,2929.75,No
7625-XGDMB,Male,0,Yes,No,52,Yes,Yes,No,No internet service,No internet service,No internet service,No internet service,No internet service,No internet service,Two year,Yes,Electronic check,46.81,2436.51,No
8401-ZZCZE,Male,0,No,No,23,Yes,No,No,No internet service,No internet service,No internet service,No internet service,No internet service,No internet service,Month-to-month,Yes,Bank transfer (automatic),42.33,983.29,No
2303-NOHRK,Male,0,Yes,Yes,22,Yes,Yes,Fiber optic,No,Yes,No,No,No,No,Month-to-month,Yes,Credit card (automatic),94.35,2055.29,No
8352-KPOVA,Male,0,Yes,Yes,1,Yes,No,Fiber optic,Yes,No,No,No,Yes,No,Month-to-month,Yes,Mailed check,103.81,113.18,No
2453-VFJNZ,Male,0,Yes,No,62,Yes,Yes,Fiber optic,No,No,Yes,Yes,Yes,Yes,Two year,Yes,Electronic check,117.83,7329.78,No
8919-WPAFV,Male,0,Yes,No,20,Yes,No,DSL,Yes,No,No,Yes,No,Yes,Two year,Yes,Electronic check,86.01,1753.2,No
4230-FEALB,Male,0,No,No,49,No,No phone service,Fiber optic,No,No,No,No,Yes,No,Month-to-month,No,Bank transfer (automatic),77.96,3817.56,Yes
2923-WPJNI,Female,1,Yes,No,50,Yes,No,No,No internet service,No internet service,No internet service,No internet service,No internet service,No internet service,One year,Yes,Electronic check,41.15,2093.23,No
7696-UNZBX,Male,1,Yes,No,51,No,No phone service,DSL,Yes,No,No,No,Yes,No,Month-to-month,Yes,Bank transfer (automatic),58.13,2961.35,No
6194-ZNCQK,Female,0,No,No,63,No,No phone service,Fiber optic,No,Yes,Yes,No,No,No,Two year,Yes,Credit card (automatic),78.9,4984.6,No
9263-GAQMZ,Female,0,Yes,No,63,Yes,Yes,Fiber optic,No,No,Yes,No,No,Yes,Two year,Yes,Mailed check,95.43,6013.35,No
6187-ZVRWU,Female,0,Yes,Yes,0,Yes,No,DSL,No,Yes,No,No,No,No,One year,Yes,Bank transfer (automatic),62.4, ,No
6313-WKLHO,Female,0,No,Yes,61,Yes,No,Fiber optic,Yes,No,No,Yes,Yes,Yes,Two year,Yes,Electronic check,113.87,6950.15,No
6332-WAKHJ,Female,0,No,Yes,15,Yes,No,No,No internet service,No internet service,No internet service,No internet service,No internet service,No internet service,Month-to-month,No,Mailed check,41.26,606.9,No
5804-VHWYT,Female,0,No,No,47,Yes,No,DSL,No,No,No,Yes,No,No,Month-to-month,Yes,Mailed check,71.33,3373.3,Yes
1038-MMKXD,Female,0,No,No,49,No,No phone service,DSL,No,No,No,No,No,Yes,One year,No,Bank transfer (automatic),55.79,2723.8,No
1940-IFGXE,Female,0,No,No,3,Yes,Yes,DSL,No,Yes,Yes,Yes,No,No,One year,No,Electronic check,84.32,259.23,No
1482-TRRPB,Male,0,Yes,Yes,20,No,No phone service,Fiber optic,Yes,Yes,No,No,No,No,Month-to-month,Yes,Bank transfer (automatic),74.31,1452.35,No
9720-EEJEL,Male,0,No,No,66,Yes,Yes,Fiber optic,No,No,Yes,No,Yes,Yes,Month-to-month,No,Bank transfer (automatic),112.6,7448.15,Yes
4592-WABMF,Female,0,No,No,10,Yes,No,Fiber optic,No,No,Yes,No,No,No,Month-to-month,Yes,Electronic check,92.5,887.47,No
6871-XEJCF,Male,0,Yes,Yes,16,Yes,No,No,No internet service,No internet service,No internet service,No internet service,No internet service,No internet service,Month-to-month,Yes,Credit card (automatic),43.51,686.16,No
9232-PBYSY,Female,0,No,No,5,Yes,Yes,No,No internet service,No internet service,No internet service,No internet service,No internet service,No internet service,Two year,Yes,Bank transfer (automatic),43.66,190.98,No
5470-NACJD,Male,1,Yes,No,12,Yes,Yes,DSL,No,No,No,No,No,No,Month-to-month,No,Credit card (automatic),64.01,745.72,No
1693-IQWFU,Male,0,No,No,46,Yes,No,No,No internet service,No internet service,No internet service,No internet service,No internet service,No internet service,Two year,Yes,Bank transfer (automatic),39.17,1801.11,No
1277-ZMNFP,Female,0,No,No,61,Yes,No,Fiber optic,No,No,Yes,No,No,Yes,Month-to-month,No,Bank transfer (automatic),100.48,6115.85,No
7662-IANVS,Female,0,No,No,43,Yes,No,DSL,Yes,No,Yes,No,No,Yes,One year,No,Electronic check,83.32,3597.51,No
6247-BFXWP,Female,0,Yes,Yes,20,Yes,Yes,DSL,Yes,Yes,Yes,Yes,No,Yes,Two year,Yes,Mailed check,96.26,1920.27,No
9968-IWIAZ,Male,0,No,No,62,Yes,No,Fiber optic,Yes,Yes,Yes,Yes,No,Yes,Two year,No,Electronic check,119.64,7421.04,No
5937-HOOXJ,Female,0,No,Yes,26,Yes,No,No,No internet service,No internet service,No internet service,No internet service,No internet service,No internet service,Two year,Yes,Bank transfer (automatic),39.16,1001.82,No
8457-OVLBM,Female,1,Yes,No,22,Yes,No,Fiber optic,Yes,No,No,No,Yes,No,Month-to-month,Yes,Bank transfer (automatic),97.65,2163.26,Yes
3759-CNBNW,Female,0,Yes,No,36,Yes,Yes,Fiber optic,No,Yes,No,Yes,Yes,Yes,Month-to-month,Yes,Mailed check,118.38,4265.33,Yes
6838-WZZVP,Female,0,No,No,9,No,No phone service,DSL,No,No,No,No,No,No,One year,Yes,Mailed check,44.85,414.17,Yes
6906-HWWOY,Female,0,Yes,No,26,Yes,Yes,DSL,Yes,No,No,No,Yes,Yes,Two year,No,Electronic check,80.98,2120.68,No
9487-HSKWN,Female,0,No,Yes,58,Yes,Yes,No,No internet service,No internet service,No internet service,No internet service,No internet service,No internet service,Two year,No,Electronic check,42.74,2496.21,No
8591-LPPRX,Male,0,No,Yes,44,Yes,No,No,No internet service,No internet service,No internet service,No internet service,No internet service,No internet service,One year,No,Bank transfer (automatic),38.02,1681.19,No
6122-XDCQS,Female,0,Yes,No,72,Yes,Yes,Fiber optic,No,No,No,No,Yes,No,Month-to-month,No,Electronic check,88.21,6354.6,No
5414-DWIMK,Female,0,No,Yes,56,No,No phone service,DSL,Yes,No,Yes,No,Yes,Yes,Month-to-month,Yes,Electronic check,72.77,4097.21,Yes
3011-XEJUP,Female,0,Yes,No,26,Yes,Yes,DSL,No,No,Yes,No,No,No,Two year,Yes,Electronic check,67.9,1768.66,No
1217-QUJUS,Female,0,No,Yes,55,Yes,Yes,No,No internet service,No internet service,No internet service,No internet service,No internet service,No internet service,One year,Yes,Credit card (automatic),47.25,2590.48,No
5539-NQIEL,Female,0,No,No,63,Yes,No,DSL,Yes,No,No,Yes,No,No,One year,Yes,Electronic check,76.01,4806.97,No
1139-FKAWJ,Male,1,Yes,No,46,Yes,Yes,DSL,No,No,No,No,No,Yes,One year,No,Credit card (automatic),74.84,3463.56,No
4424-XUJGX,Female,0,No,No,55,Yes,No,Fiber optic,No,No,Yes,No,No,No,Two year,Yes,Electronic check,95.05,5226.72,No
4532-CLMPH,Male,1,No,No,36,Yes,No,No,No internet service,No internet service,No internet service,No internet service,No internet service,No internet service,Two year,No,Mailed check,39.41,1431.16,No
8311-KNSUI,Male,1,No,No,66,No,No phone service,DSL,Yes,Yes,Yes,No,No,Yes,Month-to-month,Yes,Mailed check,66.23,4380.29,No
1183-DOBLH,Female,1,Yes,Yes,17,Yes,No,Fiber optic,Yes,No,No,No,No,No,Two year,No,Mailed check,90.06,1532.82,No
3743-SQMAZ,Female,0,No,No,30,Yes,No,DSL,No,Yes,No,Yes,Yes,Yes,Month-to-month,Yes,Electronic check,91.41,2712.91,Yes
9722-FRXPV,Male,0,No,No,18,Yes,No,Fiber optic,No,Yes,No,No,Yes,Yes,Month-to-month,Yes,Credit card (automatic),116.28,2071.01,Yes
3186-UKSGA,Male,0,Yes,Yes,7,Yes,Yes,DSL,No,No,Yes,No,No,No,Two year,Yes,Credit card (automatic),64.84,446.49,No
1677-UZFAH,Male,0,No,No,44,Yes,Yes,No,No internet service,No internet service,No internet service,No internet service,No internet service,No internet service,Month-to-month,Yes,Bank transfer (automatic),39.97,1759.51,No
8531-FLLXF,Male,0,Yes,No,8,Yes,Yes,Fiber optic,No,Yes,No,No,No,Yes,Month-to-month,Yes,Electronic check,104.33,811.11,Yes
8871-WBREQ,Male,0,No,No,16,Yes,Yes,No,No internet service,No internet service,No internet service,No internet service,No internet service,No internet service,One year,Yes,Electronic check,38.54,574.77,Yes
1574-TBISO,Male,1,Yes,No,55,Yes,Yes,Fiber optic,Yes,Yes,No,No,No,Yes,Two year,Yes,Electronic check,109.27,6007.8,No
2495-QXOBP,Female,0,No,No,17,Yes,No,No,No internet service,No internet service,No internet service,No internet service,No internet service,No internet service,Month-to-month,Yes,Credit card (automatic),43.35,737.12,No
1398-BELCP,Female,0,Yes,Yes,63,Yes,Yes,Fiber optic,No,No,No,Yes,Yes,Yes,One year,Yes,Credit card (automatic),103.42,6532.76,No
3095-CQEEO,Female,0,Yes,Yes,3,Yes,No,Fiber optic,No,No,No,No,No,No,Month-to-month,No,Mailed check,85.41,294.89,No
6153-EMNGF,Male,0,No,Yes,33,Yes,Yes,DSL,Yes,No,No,No,Yes,No,Month-to-month,Yes,Mailed check,79.4,2593.04,No
9640-EZUBV,Male,0,No,No,4,Yes,No,No,No internet service,No internet service,No internet service,No internet service,No internet service,No internet service,One year,Yes,Credit card (automatic),41.32,172.11,No
4579-IOINK,Male,0,No,Yes,4,Yes,No,Fiber optic,Yes,No,No,No,No,Yes,One year,No,Electronic check,100.52,449.65,Yes
5921-FWOUZ,Female,0,No,No,57,Yes,Yes,Fiber optic,No,No,Yes,No,No,No,Two year,Yes,Mailed check,88.68,5028.41,No
7111-TXHUJ,Male,0,Yes,No,4,Yes,Yes,Fiber optic,No,No,Yes,No,No,No,One year,No,Electronic check,86.61,326.91,No
2059-FUSUI,Male,0,No,No,65,Yes,No,Fiber optic,No,Yes,No,No,No,No,Two year,No,Credit card (automatic),96.26,6276.34,No
8706-WASZJ,Male,0,Yes,Yes,43,Yes,No,Fiber optic,No,Yes,No,No,Yes,No,Two year,Yes,Mailed check,103.73,4464.17,No
7725-KVDTM,Female,0,Yes,Yes,35,Yes,Yes,Fiber optic,Yes,Yes,No,No,No,Yes,Month-to-month,Yes,Electronic check,102.09,3578.66,No
9429-YTQIM,Male,0,No,No,67,Yes,Yes,Fiber optic,No,No,No,Yes,Yes,Yes,Two year,Yes,Credit card (automatic),109.31,7336.17,No
6965-KXPMX,Male,0,No,No,28,Yes,No,Fiber optic,No,Yes,Yes,No,No,No,One year,Yes,Credit card (automatic),101.93,2868.84,Yes
2293-KBPZZ,Female,0,Yes,No,29,Yes,No,Fiber optic,Yes,No,No,No,Yes,No,Month-to-month,Yes,Mailed check,100.85,2933.12,No
8066-PARLW,Female,0,Yes,No,29,Yes,No,Fiber optic,No,No,Yes,Yes,Yes,No,One year,Yes,Credit card (automatic),106.33,3094.48,No
9292-LZBTL,Male,0,No,No,47,Yes,Yes,No,No internet service,No internet service,No internet service,No internet service,No internet service,No internet service,One year,Yes,Electronic check,43.02,1997.98,No
6274-DKXVU,Male,0,Yes,Yes,61,Yes,No,Fiber optic,No,No,Yes,No,Yes,No,Month-to-month,Yes,Bank transfer (automatic),95.85,5866.49,No
4020-TEKIT,Female,0,Yes,No,39,No,No phone service,DSL,No,No,No,No,Yes,No,Month-to-month,Yes,Bank transfer (automatic),45.13,1791.35,No
5231-PDCYE,Female,1,Yes,Yes,20,Yes,No,Fiber optic,No,Yes,Yes,Yes,Yes,No,Month-to-month,Yes,Bank transfer (automatic),107.67,2175.59,No
1617-VIWJQ,Female,0,Yes,No,64,Yes,No,No,No internet service,No internet service,No internet service,No internet service,No internet service,No internet service,Month-to-month,No,Mailed check,40.99,2633.34,No
3858-GUXBW,Male,1,Yes,Yes,43,Yes,No,No,No internet service,No internet service,No internet service,No internet service,No internet service,No internet service,Two year,No,Electronic check,42.16,1850.62,No
3113-SQTGC,Male,0,No,Yes,60,No,No phone service,DSL,No,Yes,Yes,No,Yes,No,Month-to-month,No,Bank transfer (automatic),62.61,3760.34,No
4013-TCWBR,Female,0,Yes,Yes,31,Yes,Yes,No,No internet service,No internet service,No internet service,No internet service,No internet service,No internet service,Two year,Yes,Electronic check,37.15,1171.51,No
8014-YSCDE,Male,0,No,No,14,Yes,No,DSL,No,No,Yes,No,No,Yes,Two year,Yes,Electronic check,84.29,1213.92,No
4505-ZIWCG,Male,0,No,No,68,Yes,No,No,No internet service,No internet service,No internet service,No internet service,No internet service,No internet service,Month-to-month,Yes,Credit card (automatic),44.88,3044.56,No
8564-YSBNL,Female,1,No,Yes,49,Yes,No,No,No internet service,No internet service,No internet service,No internet service,No internet service,No internet service,Month-to-month,No,Credit card (automatic),41.11,2040.6,No
8609-FZYWZ,Female,0,No,No,22,Yes,No,Fiber optic,No,No,Yes,No,Yes,No,Month-to-month,Yes,Electronic check,103.15,2246.67,Yes
7139-CDWWB,Male,1,No,Yes,61,Yes,No,No,No internet service,No internet service,No internet service,No internet service,No internet service,No internet service,Month-to-month,No,Electronic check,39.84,2412.96,Yes
6384-YKXHU,Female,1,No,Yes,0,Yes,Yes,Fiber optic,No,Yes,No,Yes,No,Yes,Month-to-month,No,Electronic check,106.64, ,Yes
4651-AIGNN,Male,0,No,No,67,Yes,Yes,Fiber optic,No,No,No,Yes,No,No,Month-to-month,Yes,Mailed check,88.31,5873.78,No
9653-LBLVR,Female,0,No,Yes,42,Yes,No,No,No internet service,No internet service,No internet service,No internet service,No internet service,No internet service,Two year,Yes,Bank transfer (automatic),33.79,1404.85,No
9262-DZQOD,Female,0,No,No,43,Yes,Yes,DSL,No,Yes,Yes,Yes,No,No,One year,Yes,Mailed check,84.58,3638.58,No
2112-GTPQR,Male,0,No,No,0,Yes,No,DSL,Yes,Yes,Yes,Yes,Yes,No,Month-to-month,No,Credit card (automatic),103.35, ,No
7344-FVIXT,Female,0,Yes,Yes,12,Yes,Yes,DSL,No,Yes,No,No,Yes,No,Month-to-month,Yes,Electronic check,77.45,903.89,Yes
1637-PPIOO,Male,0,No,No,52,Yes,Yes,Fiber optic,Yes,No,Yes,No,Yes,Yes,Two year,Yes,Credit card (automatic),112.58,5804.85,No
7141-DHKMU,Female,1,No,No,40,Yes,Yes,Fiber optic,Yes,No,No,No,Yes,Yes,Month-to-month,Yes,Bank transfer (automatic),111.14,4430.59,Yes
7956-WGAJS,Male,0,Yes,No,9,No,No phone service,No,No internet service,No internet service,No internet service,No internet service,No internet service,No internet service,One year,No,Bank transfer (automatic),19.2,155.82,No
7792-AUTVW,Male,0,No,No,48,Yes,No,No,No internet service,No internet service,No internet service,No internet service,No internet service,No internet service,Month-to-month,No,Mailed check,41.16,2013.57,No
6937-XDCLA,Female,0,Yes,Yes,54,Yes,Yes,No,No internet service,No internet service,No internet service,No internet service,No internet service,No internet service,Two year,Yes,Credit card (automatic),44.84,2420.98,No
6375-JIGZK,Female,0,Yes,Yes,19,Yes,No,Fiber optic,No,No,No,No,No,No,Month-to-month,Yes,Electronic check,80.78,1569.89,Yes
8767-ECUTR,Male,1,No,No,50,Yes,Yes,No,No internet service,No internet service,No internet service,No internet service,No internet service,No internet service,Month-to-month,Yes,Mailed check,39.0,1935.66,No
4169-KASXI,Female,0,Yes,No,71,Yes,No,DSL,Yes,No,No,Yes,No,Yes,One year,Yes,Electronic check,87.23,6214.37,No
7061-OGLFI,Female,1,Yes,No,35,Yes,No,Fiber optic,Yes,No,No,No,No,Yes,Month-to-month,Yes,Electronic check,96.62,3386.58,Yes
3851-BSIOM,Male,0,Yes,No,16,Yes,No,DSL,No,Yes,No,No,No,Yes,One year,No,Credit card (automatic),81.34,1285.23,No
4874-HVZEE,Female,1,No,No,70,Yes,No,DSL,Yes,No,No,Yes,No,No,Month-to-month,No,Bank transfer (automatic),73.67,5162.04,No
9257-KURYH,Female,0,Yes,Yes,66,Yes,No,DSL,No,Yes,No,No,Yes,Yes,Month-to-month,No,Electronic check,86.17,5683.1,No
7443-NOSTY,Male,0,No,No,33,Yes,No,DSL,No,No,No,No,No,Yes,Month-to-month,Yes,Credit card (automatic),71.31,2347.13,No
2992-OKSTV,Male,0,No,No,31,Yes,Yes,No,No internet service,No internet service,No internet service,No internet service,No internet service,No internet service,One year,Yes,Electronic check,45.52,1377.91,No
7171-JLLMW,Female,0,No,No,60,Yes,Yes,Fiber optic,No,No,No,No,Yes,No,Two year,Yes,Bank transfer (automatic),97.26,5875.0,No
4014-QPAHX,Male,0,No,Yes,0,Yes,No,No,No internet service,No internet service,No internet service,No internet service,No internet service,No internet service,Month-to-month,Yes,Bank transfer (automatic),33.03, ,No
5687-KLSPI,Female,0,No,No,22,Yes,No,Fiber optic,Yes,No,No,No,No,No,Two year,Yes,Credit card (automatic),90.27,1963.67,No
6025-NDMFB,Female,0,Yes,No,39,Yes,No,Fiber optic,No,No,No,No,No,No,Two year,Yes,Bank transfer (automatic),88.26,3449.94,No
9263-KUGEP,Male,0,No,No,47,Yes,No,DSL,Yes,No,No,No,No,Yes,Month-to-month,No,Mailed check,79.02,3706.99,Yes
2969-YFUFX,Male,0,No,No,45,Yes,Yes,No,No internet service,No internet service,No internet service,No internet service,No internet service,No internet service,Month-to-month,No,Electronic check,41.58,1899.12,Yes
7025-MHBNG,Female,0,Yes,No,27,Yes,Yes,DSL,No,Yes,No,No,No,Yes,Month-to-month,Yes,Mailed check,84.04,2263.25,No
4713-MDJEL,Male,0,Yes,No,63,Yes,No,Fiber optic,Yes,No,No,No,No,Yes,Month-to-month,No,Electronic check,100.57,6334.99,No
6309-WFAPF,Male,0,No,No,47,Yes,No,No,No internet service,No internet service,No internet service,No internet service,No internet service,No internet service,One year,No,Mailed check,40.02,1868.43,No
5632-ZKPXJ,Female,0,Yes,Yes,39,Yes,No,No,No internet service,No internet service,No internet service,No internet service,No internet service,No internet service,Month-to-month,No,Electronic check,37.35,1466.28,No
2364-FALVV,Female,0,No,No,68,Yes,No,No,No internet service,No internet service,No internet service,No internet service,No internet service,No internet service,Month-to-month,No,Bank transfer (automatic),41.34,2810.79,No
2880-ZLGDU,Female,0,Yes,Yes,6,Yes,Yes,DSL,No,Yes,No,No,No,No,One year,Yes,Mailed check,62.14,397.83,Yes
8834-BQTZV,Female,0,No,No,51,Yes,Yes,Fiber optic,Yes,No,No,Yes,No,Yes,Month-to-month,No,Bank transfer (automatic),108.23,5525.89,Yes
5497-HZSGZ,Female,0,Yes,No,67,Yes,Yes,DSL,No,No,No,Yes,Yes,Yes,Two year,Yes,Bank transfer (automatic),90.74,6128.46,No
5186-RMPMC,Male,1,No,No,48,No,No phone service,Fiber optic,Yes,Yes,No,No,No,Yes,One year,Yes,Mailed check,84.92,4073.36,No
6228-FBHWE,Female,0,Yes,No,41,Yes,Yes,DSL,No,Yes,No,No,Yes,No,Month-to-month,No,Bank transfer (automatic),79.24,3232.99,No
7391-COWKF,Female,0,Yes,No,26,Yes,No,Fiber optic,Yes,No,Yes,No,Yes,Yes,Month-to-month,No,Electronic check,115.35,2984.6,Yes
3981-WXYEK,Female,0,Yes,No,19,Yes,No,No,No internet service,No internet service,No internet service,No internet service,No internet service,No internet service,Month-to-month,No,Credit card (automatic),34.31,637.48,No
4148-HGUBZ,Female,0,No,No,39,Yes,No,Fiber optic,No,No,No,No,Yes,No,Two year,Yes,Electronic check,92.8,3602.93,Yes
7991-DOIFU,Male,0,No,No,65,Yes,No,No,No internet service,No internet service,No internet service,No internet service,No internet service,No internet service,Month-to-month,No,Mailed check,41.11,2702.55,No
4676-AJJID,Female,0,No,Yes,33,Yes,Yes,Fiber optic,No,No,Yes,Yes,Yes,No,Two year,Yes,Electronic check,105.88,3488.92,No
7281-VXGNQ,Male,0,Yes,No,8,Yes,No,DSL,Yes,No,No,No,No,No,Two year,Yes,Bank transfer (automatic),74.88,605.11,No
2666-OJYTC,Female,0,No,No,35,Yes,Yes,Fiber optic,Yes,No,No,No,Yes,No,Month-to-month,No,Mailed check,100.78,3501.83,Yes
3434-MBXXN,Male,0,Yes,Yes,7,Yes,Yes,DSL,Yes,No,No,No,No,Yes,One year,No,Electronic check,81.78,572.56,No
3913-YDGPM,Male,0,Yes,No,68,Yes,No,Fiber optic,No,No,No,No,No,No,One year,Yes,Bank transfer (automatic),93.36,6301.75,No
2687-UMLGG,Male,1,No,No,39,Yes,Yes,No,No internet service,No internet service,No internet service,No internet service,No internet service,No internet service,Month-to-month,No,Credit card (automatic),38.59,1512.21,No
9147-CJWWD,Female,1,No,No,15,Yes,Yes,Fiber optic,No,No,Yes,No,Yes,Yes,Two year,No,Electronic check,107.0,1594.5,Yes
5596-DYKUY,Female,1,No,No,45,Yes,No,DSL,No,No,No,No,No,Yes,Month-to-month,Yes,Electronic check,73.93,3359.01,No
8518-PFJXX,Male,1,Yes,No,39,Yes,No,DSL,No,Yes,Yes,No,No,No,Two year,Yes,Electronic check,79.75,3126.93,No
4111-HOAQJ,Male,0,Yes,No,37,Yes,Yes,Fiber optic,Yes,No,No,No,Yes,No,One year,No,Bank transfer (automatic),99.6,3701.43,No
9103-QHXTQ,Male,0,No,No,43,Yes,No,DSL,No,Yes,Yes,No,Yes,No,Month-to-month,Yes,Mailed check,83.39,3568.41,No
6091-PESHF,Male,0,Yes,Yes,67,Yes,Yes,Fiber optic,No,No,No,No,No,No,Month-to-month,Yes,Bank transfer (automatic),81.93,5496.71,No
9217-XBPIN,Female,0,Yes,No,62,Yes,No,Fiber optic,No,No,No,No,Yes,Yes,Month-to-month,Yes,Mailed check,101.61,6339.14,Yes
8844-QMCFQ,Male,0,No,Yes,19,Yes,No,No,No internet service,No internet service,No internet service,No internet service,No internet service,No internet service,Month-to-month,No,Electronic check,43.98,820.58,Yes
5116-DCNRV,Male,1,No,Yes,17,Yes,No,No,No internet service,No internet service,No internet service,No internet service,No internet service,No internet service,One year,No,Electronic check,38.04,630.05,No
8538-DAKDQ,Male,0,Yes,No,72,Yes,No,DSL,No,No,No,No,No,No,Month-to-month,No,Electronic check,59.78,4305.39,No
6655-QLEMI,Male,0,Yes,Yes,47,Yes,Yes,No,No internet service,No internet service,No internet service,No internet service,No internet service,No internet service,Two year,No,Bank transfer (automatic),38.6,1819.35,No
8353-AQUQV,Female,0,No,No,1,Yes,Yes,DSL,No,Yes,No,No,No,No,Month-to-month,Yes,Bank transfer (automatic),71.77,85.46,No
8650-NFZBC,Female,0,Yes,No,38,Yes,No,DSL,No,Yes,No,No,Yes,No,Month-to-month,Yes,Bank transfer (automatic),77.83,2968.56,Yes
6399-QCFHJ,Male,0,Yes,Yes,8,Yes,Yes,Fiber optic,No,No,No,No,No,No,Month-to-month,No,Electronic check,87.19,702.35,Yes
9976-BTDBJ,Female,0,Yes,No,2,Yes,Yes,DSL,Yes,Yes,Yes,No,No,No,Month-to-month,No,Mailed check,77.51,141.08,No
1262-OFMHZ,Male,0,No,No,13,Yes,No,No,No internet service,No internet service,No internet service,No internet service,No internet service,No internet service,One year,Yes,Bank transfer (automatic),39.35,551.55,No
8888-UYBEA,Male,0,No,No,18,No,No phone service,No,No internet service,No internet service,No internet service,No internet service,No internet service,No internet service,Month-to-month,Yes,Bank transfer (automatic),22.27,431.43,No
2757-XVNPZ,Male,1,Yes,No,5,Yes,Yes,No,No internet service,No internet service,No internet service,No internet service,No internet service,No internet service,One year,No,Bank transfer (automatic),40.78,213.7,No
4302-AKXNR,Male,0,Yes,No,60,Yes,No,DSL,No,Yes,Yes,No,Yes,Yes,One year,Yes,Mailed check,91.18,5496.3,No
6150-MJGNN,Male,0,No,Yes,31,Yes,No,Fiber optic,No,Yes,No,No,Yes,No,Month-to-month,Yes,Electronic check,102.52,3177.87,No
7431-SPFKV,Female,0,No,Yes,40,Yes,No,Fiber optic,Yes,No,No,No,Yes,No,Month-to-month,Yes,Mailed check,91.47,3635.18,No
4141-WOQON,Female,0,No,No,63,Yes,No,DSL,No,No,No,No,No,Yes,Month-to-month,Yes,Electronic check,70.53,4462.05,No
4094-XLJHQ,Female,0,Yes,Yes,61,Yes,No,No,No internet service,No internet service,No internet service,No internet service,No internet service,No internet service,Month-to-month,Yes,Mailed check,41.87,2529.53,No
1075-LZIBY,Male,1,No,No,59,Yes,No,No,No internet service,No internet service,No internet service,No internet service,No internet service,No internet service,Two year,No,Bank transfer (automatic),37.22,2238.19,No
8769-GUQIH,Male,0,No,No,14,Yes,No,No,No internet service,No internet service,No internet service,No internet service,No internet service,No internet service,Month-to-month,No,Mailed check,38.26,513.96,Yes
8607-PUTAL,Male,0,No,No,54,Yes,No,No,No internet service,No internet service,No internet service,No internet service,No internet service,No internet service,Month-to-month,Yes,Mailed check,39.17,2144.35,No
8902-LHMZN,Male,0,Yes,No,72,No,No phone service,DSL,Yes,Yes,No,No,No,No,Month-to-month,Yes,Mailed check,57.0,4142.49,No
6791-NAEZP,Male,0,No,No,0,Yes,No,No,No internet service,No internet service,No internet service,No internet service,No internet service,No internet service,Month-to-month,No,Bank transfer (automatic),37.47, ,Yes
2311-THTYR,Female,0,Yes,Yes,63,Yes,No,No,No internet service,No internet service,No internet service,No internet service,No internet service,No internet service,Two year,No,Mailed check,46.27,2887.05,No
8758-KXNWU,Female,0,Yes,No,63,Yes,No,Fiber optic,Yes,No,Yes,No,No,Yes,Two year,Yes,Bank transfer (automatic),102.93,6495.9,No
9478-DMMKM,Female,1,Yes,No,61,Yes,No,DSL,No,No,No,No,Yes,No,One year,No,Electronic check,72.16,4433.82,No
4216-QLSBF,Female,0,No,No,28,Yes,No,Fiber optic,No,No,No,No,No,No,Month-to-month,Yes,Bank transfer (automatic),84.88,2392.02,Yes
8745-ETDMQ,Female,0,Yes,No,14,Yes,No,DSL,Yes,No,No,No,No,Yes,Month-to-month,No,Electronic check,82.18,1135.26,No
7415-PVEDP,Female,0,No,No,53,Yes,Yes,DSL,No,Yes,Yes,No,Yes,Yes,Month-to-month,No,Bank transfer (automatic),94.18,5023.85,No
6459-UIDHF,Male,0,No,Yes,45,Yes,Yes,No,No internet service,No internet service,No internet service,No internet service,No internet service,No internet service,Two year,Yes,Electronic check,44.66,2055.94,No
5089-FDRCX,Female,1,No,No,53,No,No phone service,No,No internet service,No internet service,No internet service,No internet service,No internet service,No internet service,Month-to-month,Yes,Bank transfer (automatic),18.02,937.5,No
6790-BDWYK,Female,0,Yes,No,18,Yes,Yes,No,No internet service,No internet service,No internet service,No internet service,No internet service,No internet service,Month-to-month,Yes,Mailed check,43.92,799.68,No
9266-VRVXQ,Female,0,No,Yes,12,Yes,No,DSL,No,No,Yes,No,No,No,One year,Yes,Bank transfer (automatic),72.34,882.16,No
3257-GGATE,Female,0,Yes,No,65,Yes,Yes,Fiber optic,Yes,Yes,Yes,No,Yes,Yes,One year,Yes,Electronic check,120.0,7795.91,No
5686-IVULS,Male,0,Yes,Yes,37,Yes,Yes,Fiber optic,Yes,Yes,No,No,Yes,Yes,Month-to-month,Yes,Mailed check,104.76,3859.69,Yes
1830-NDAHD,Female,0,Yes,Yes,62,Yes,Yes,Fiber optic,No,No,No,Yes,Yes,No,Month-to-month,Yes,Credit card (automatic),93.82,5797.07,No
3751-YUSNX,Male,0,Yes,Yes,67,Yes,No,Fiber optic,No,No,No,No,No,No,Two year,No,Electronic check,77.23,5140.38,No
7245-OFBXU,Female,0,No,No,33,Yes,Yes,No,No internet service,No internet service,No internet service,No internet service,No internet service,No internet service,Month-to-month,No,Electronic check,40.78,1364.52,No
1822-ZPNIC,Female,0,Yes,Yes,19,Yes,No,No,No internet service,No internet service,No internet service,No internet service,No internet service,No internet service,Two year,Yes,Bank transfer (automatic),40.72,764.91,No
7541-QETPV,Female,0,Yes,Yes,65,Yes,No,No,No internet service,No internet service,No internet service,No internet service,No internet service,No internet service,Month-to-month,No,Bank transfer (automatic),39.41,2596.37,No
8454-TQZHJ,Male,0,No,No,52,Yes,No,DSL,Yes,No,No,No,No,Yes,Two year,Yes,Electronic check,80.6,4203.57,No
9274-TTSHJ,Female,0,Yes,No,48,Yes,No,Fiber optic,No,No,Yes,Yes,No,No,Two year,No,Mailed check,88.57,4251.14,No
1251-XJGPR,Female,0,Yes,Yes,69,Yes,Yes,Fiber optic,No,No,No,No,No,No,Month-to-month,No,Mailed check,84.68,5873.41,No
5256-KGHXC,Male,0,Yes,Yes,17,Yes,No,Fiber optic,No,Yes,No,Yes,No,No,Two year,No,Electronic check,91.6,1557.12,No
6037-AMFXS,Male,0,Yes,No,26,Yes,No,No,No internet service,No internet service,No internet service,No internet service,No internet service,No internet service,Month-to-month,Yes,Mailed check,39.94,1028.57,No
9231-MLTHZ,Female,0,No,No,2,Yes,Yes,DSL,No,No,No,No,No,Yes,Month-to-month,No,Electronic check,76.11,168.27,Yes
6107-DOJVF,Female,0,Yes,No,28,Yes,Yes,DSL,Yes,No,No,No,No,No,Month-to-month,Yes,Credit card (automatic),68.12,1897.58,Yes
7005-PDTCF,Female,0,Yes,Yes,32,Yes,No,No,No internet service,No internet service,No internet service,No internet service,No internet service,No internet service,One year,No,Credit card (automatic),40.54,1301.82,No
3895-UEBDQ,Female,1,No,No,33,No,No phone service,Fiber optic,No,No,Yes,No,No,No,Month-to-month,No,Mailed check,72.8,2410.65,Yes
6099-WAXSJ,Male,0,Yes,No,11,Yes,No,Fiber optic,Yes,No,No,No,No,Yes,Month-to-month,Yes,Mailed check,102.78,1132.75,No
5894-CPNWM,Female,0,No,Yes,59,Yes,No,No,No internet service,No internet service,No internet service,No internet service,No internet service,No internet service,Two year,No,Credit card (automatic),43.23,2559.12,No
8580-QXPAF,Male,0,No,Yes,35,Yes,No,Fiber optic,No,No,Yes,No,Yes,Yes,Two year,No,Bank transfer (automatic),106.96,3752.18,No
1338-BDZDK,Female,0,Yes,No,32,Yes,No,Fiber optic,No,No,No,No,No,No,Month-to-month,No,Electronic check,86.9,2785.29,Yes
9706-OLAEE,Male,0,Yes,No,63,Yes,No,DSL,No,No,Yes,Yes,No,Yes,Month-to-month,Yes,Electronic check,78.22,4918.07,No
6803-MQLOG,Female,0,Yes,Yes,35,Yes,Yes,Fiber optic,No,No,No,No,No,No,Month-to-month,Yes,Bank transfer (automatic),89.27,3104.47,No
1304-UKXFH,Male,0,Yes,No,65,Yes,Yes,Fiber optic,No,No,No,No,No,No,Month-to-month,No,Credit card (automatic),88.12,5713.69,No
4545-RCEEC,Female,0,No,No,16,No,No phone service,Fiber optic,No,No,No,No,Yes,Yes,Two year,No,Electronic check,84.29,1335.79,No
4259-ESDAM,Male,1,No,No,62,Yes,Yes,Fiber optic,No,Yes,No,No,Yes,No,Two year,Yes,Electronic check,102.22,6351.44,No
2392-FNGCF,Male,0,Yes,Yes,72,Yes,Yes,DSL,Yes,No,No,No,Yes,No,Month-to-month,Yes,Bank transfer (automatic),83.32,6034.15,No
9025-QJXPH,Female,0,Yes,No,54,Yes,Yes,Fiber optic,Yes,No,Yes,No,No,No,Month-to-month,Yes,Electronic check,97.8,5281.67,No
2108-GZDQZ,Male,1,Yes,No,65,Yes,No,Fiber optic,No,Yes,No,No,No,No,Month-to-month,No,Electronic check,88.87,5801.75,Yes
6412-VMJFA,Female,1,No,No,54,Yes,No,Fiber optic,No,No,Yes,Yes,No,No,Month-to-month,Yes,Bank transfer (automatic),94.31,5079.27,Yes
6044-NVFGA,Female,0,No,No,43,Yes,Yes,DSL,No,No,Yes,No,No,Yes,Month-to-month,Yes,Mailed check,78.06,3354.24,Yes
5231-KBRFU,Female,0,Yes,No,55,Yes,No,No,No internet service,No internet service,No internet service,No internet service,No internet service,No internet service,Month-to-month,No,Mailed check,41.48,2278.55,No
6998-GFMVS,Male,0,No,No,70,No,No phone service,DSL,No,No,Yes,No,Yes,No,Month-to-month,Yes,Electronic check,64.45,4523.9,No
3337-ZEXEI,Male,0,Yes,No,44,No,No phone service,Fiber optic,Yes,No,Yes,No,No,Yes,Month-to-month,Yes,Electronic check,83.9,3679.81,Yes
6057-KCYLO,Male,0,No,No,50,Yes,No,Fiber optic,No,No,No,No,Yes,No,Two year,Yes,Mailed check,92.4,4635.38,No
9026-AMSUM,Female,0,No,No,5,Yes,Yes,Fiber optic,No,No,No,No,No,No,One year,Yes,Bank transfer (automatic),89.53,455.18,No
6468-TFXSJ,Female,0,No,No,70,Yes,Yes,Fiber optic,Yes,No,Yes,No,No,No,Month-to-month,No,Credit card (automatic),98.96,6931.01,Yes
2359-MMLOK,Female,0,Yes,No,56,Yes,No,DSL,Yes,Yes,No,No,Yes,Yes,Month-to-month,Yes,Bank transfer (automatic),91.21,5096.87,No
6320-MWQPA,Female,0,Yes,No,11,Yes,No,DSL,No,Yes,Yes,No,No,No,Two year,Yes,Mailed check,74.14,782.83,No
3601-WIWDE,Male,0,No,Yes,21,No,No phone service,DSL,No,Yes,No,No,Yes,Yes,Month-to-month,Yes,Electronic check,71.2,1486.69,No
1464-DBSRY,Male,0,Yes,Yes,16,Yes,No,DSL,Yes,No,Yes,No,No,No,Two year,No,Electronic check,77.27,1251.77,No
1781-DPVQY,Male,0,Yes,No,23,Yes,Yes,Fiber optic,No,No,Yes,Yes,Yes,No,Month-to-month,Yes,Bank transfer (automatic),107.74,2443.12,No
7369-VFOIX,Male,1,No,No,64,Yes,No,Fiber optic,No,Yes,No,No,No,No,Two year,No,Mailed check,87.89,5593.85,No
8175-AGWZS,Male,0,No,No,33,Yes,No,DSL,No,No,No,No,No,Yes,Month-to-month,Yes,Electronic check,67.58,2224.72,No
7746-KXWST,Male,0,No,No,30,Yes,Yes,Fiber optic,No,Yes,No,Yes,No,Yes,Two year,Yes,Mailed check,102.77,3066.55,No
2042-UXHWO,Male,0,No,No,56,Yes,No,DSL,No,Yes,No,No,No,No,Month-to-month,Yes,Bank transfer (automatic),74.33,4226.99,No
9945-JWRLT,Male,0,No,Yes,27,Yes,No,No,No internet service,No internet service,No internet service,No internet service,No internet service,No internet service,Two year,No,Electronic check,42.65,1156.59,No
4623-QMWOD,Female,0,Yes,Yes,64,Yes,Yes,Fiber optic,No,No,Yes,No,No,Yes,One year,Yes,Electronic check,97.02,6201.43,No
7035-OQNUT,Female,0,No,Yes,55,Yes,No,Fiber optic,No,No,No,No,No,No,Month-to-month,No,Bank transfer (automatic),84.96,4695.73,Yes
7436-MHGHG,Female,0,No,Yes,18,Yes,Yes,DSL,No,Yes,Yes,No,No,No,Two year,No,Mailed check,69.76,1254.55,No
7580-IXKUR,Male,0,No,No,46,Yes,No,Fiber optic,Yes,Yes,Yes,No,Yes,No,Month-to-month,No,Electronic check,113.19,5205.19,No
9956-KCFDD,Male,0,Yes,No,35,Yes,No,Fiber optic,Yes,No,Yes,Yes,No,No,Month-to-month,Yes,Bank transfer (automatic),94.95,3359.91,No
8339-SJCXH,Male,0,Yes,Yes,25,Yes,Yes,No,No internet service,No internet service,No internet service,No internet service,No internet service,No internet service,Month-to-month,Yes,Bank transfer (automatic),42.97,1032.75,No
5911-FRCIW,Male,0,No,No,66,Yes,No,DSL,No,No,Yes,Yes,No,Yes,One year,Yes,Electronic check,87.61,5763.1,No
1166-BPGIE,Female,1,Yes,No,29,Yes,Yes,Fiber optic,No,No,No,Yes,No,No,Two year,Yes,Bank transfer (automatic),82.5,2403.26,No
2111-WRXYO,Female,0,Yes,No,8,Yes,Yes,No,No internet service,No internet service,No internet service,No internet service,No internet service,No internet service,Month-to-month,Yes,Electronic check,38.82,291.59,No
1481-SVVTI,Male,0,No,No,29,Yes,Yes,Fiber optic,No,No,No,No,Yes,No,One year,Yes,Bank transfer (automatic),93.36,2688.22,No
1318-NTASG,Male,0,No,Yes,37,Yes,No,Fiber optic,No,No,No,Yes,No,No,Two year,No,Electronic check,91.05,3385.51,No
1946-NYIND,Male,0,Yes,No,9,Yes,No,No,No internet service,No internet service,No internet service,No internet service,No internet service,No internet service,One year,No,Electronic check,41.14,356.87,No
5929-CYWIT,Male,0,Yes,Yes,54,Yes,Yes,Fiber optic,Yes,No,Yes,No,Yes,No,Month-to-month,Yes,Bank transfer (automatic),111.44,6025.27,Yes
5966-UFRYE,Female,0,Yes,Yes,16,Yes,No,DSL,Yes,Yes,Yes,No,Yes,No,Month-to-month,Yes,Bank transfer (automatic),86.16,1373.62,No
5881-TTOOA,Female,0,No,Yes,6,Yes,No,No,No internet service,No internet service,No internet service,No internet service,No internet service,No internet service,Month-to-month,No,Electronic check,41.94,258.77,Yes
6286-BFFOU,Female,0,No,No,39,Yes,No,DSL,No,No,No,Yes,No,No,Month-to-month,No,Credit card (automatic),68.22,2658.75,Yes
4121-PLPCZ,Female,0,Yes,Yes,11,No,No phone service,No,No internet service,No internet service,No internet service,No internet service,No internet service,No internet service,Month-to-month,No,Mailed check,19.09,226.86,Yes
4028-MOLLM,Female,0,Yes,No,57,Yes,Yes,DSL,No,No,Yes,Yes,Yes,No,Two year,No,Mailed check,81.85,4684.6,No
8672-ILFSB,Female,0,Yes,Yes,4,Yes,Yes,DSL,No,No,Yes,No,No,No,One year,No,Electronic check,63.57,240.43,Yes
5942-ILDKD,Female,0,Yes,Yes,30,Yes,No,Fiber optic,Yes,No,Yes,No,Yes,No,One year,No,Electronic check,100.2,2973.82,Yes
8922-PXFJE,Female,1,Yes,No,3,Yes,Yes,No,No internet service,No internet service,No internet service,No internet service,No internet service,No internet service,Month-to-month,No,Credit card (automatic),41.16,120.81,Yes
5050-NCAAO,Male,0,No,No,27,Yes,No,DSL,No,No,No,No,Yes,Yes,Month-to-month,No,Electronic check,82.86,2225.64,No
6233-KAHDB,Female,0,Yes,Yes,68,Yes,No,DSL,Yes,No,No,No,No,Yes,Two year,No,Mailed check,74.78,5070.82,No
2952-GDTYK,Female,0,Yes,No,47,Yes,No,DSL,No,No,Yes,Yes,No,No,Month-to-month,Yes,Bank transfer (automatic),72.36,3366.29,No
3614-QKVUV,Female,0,Yes,Yes,39,Yes,Yes,DSL,Yes,No,No,No,No,No,Two year,No,Electronic check,60.85,2365.02,No
2896-VJDNS,Female,0,Yes,No,11,Yes,No,DSL,Yes,No,No,Yes,No,No,Month-to-month,No,Bank transfer (automatic),72.51,798.46,No
7935-ESQYL,Female,0,Yes,Yes,22,Yes,No,No,No internet service,No internet service,No internet service,No internet service,No internet service,No internet service,Month-to-month,No,Mailed check,39.88,865.55,No
7449-YRJXV,Female,0,Yes,No,27,Yes,No,Fiber optic,No,Yes,Yes,No,Yes,No,One year,Yes,Credit card (automatic),109.84,2964.7,No
1269-FPAFT,Male,0,Yes,No,42,Yes,Yes,DSL,No,No,Yes,Yes,No,Yes,One year,Yes,Mailed check,80.29,3385.2,No
4843-SMEZF,Female,0,Yes,Yes,15,Yes,Yes,DSL,Yes,Yes,No,No,No,Yes,Month-to-month,Yes,Credit card (automatic),85.68,1313.57,Yes
3977-XILLO,Female,1,No,Yes,72,Yes,Yes,DSL,No,No,No,Yes,Yes,Yes,One year,No,Mailed check,87.86,6356.64,No
7802-CKCOT,Female,0,Yes,No,47,Yes,Yes,Fiber optic,Yes,No,No,Yes,No,No,Month-to-month,No,Electronic check,99.83,4679.03,No
4985-IITYC,Male,1,No,No,22,Yes,No,DSL,Yes,Yes,Yes,No,Yes,Yes,Month-to-month,No,Mailed check,96.28,2103.17,No
4109-AYKTK,Female,0,No,No,8,Yes,No,No,No internet service,No internet service,No internet service,No internet service,No internet service,No internet service,Month-to-month,Yes,Electronic check,39.63,289.4,No
5245-ZCAWQ,Male,1,Yes,No,43,Yes,Yes,DSL,Yes,No,Yes,No,Yes,No,One year,Yes,Electronic check,78.6,3396.12,No
8706-VPJJR,Male,0,Yes,Yes,32,Yes,No,Fiber optic,No,Yes,No,No,Yes,No,One year,No,Mailed check,104.19,3337.75,No
1677-UPHLU,Female,0,Yes,No,49,Yes,No,Fiber optic,Yes,No,No,No,No,No,Month-to-month,Yes,Electronic check,85.93,4238.96,No
1044-ZKIGF,Female,0,Yes,Yes,43,Yes,No,DSL,No,Yes,No,No,Yes,No,Two year,Yes,Mailed check,80.35,3458.67,No
4455-XZAED,Female,1,No,No,46,No,No phone service,No,No internet service,No internet service,No internet service,No internet service,No internet service,No internet service,Two year,No,Bank transfer (automatic),18.45,837.56,No
7332-KPRZY,Male,0,Yes,Yes,60,No,No phone service,Fiber optic,No,No,Yes,No,Yes,Yes,Month-to-month,Yes,Credit card (automatic),87.1,5225.03,No
8816-NHUYH,Female,0,No,No,38,Yes,No,DSL,Yes,No,Yes,No,Yes,Yes,Month-to-month,Yes,Electronic check,92.49,3510.28,Yes
4231-RRGBW,Female,0,No,Yes,52,Yes,No,No,No internet service,No internet service,No internet service,No internet service,No internet service,No internet service,Month-to-month,Yes,Mailed check,36.12,1863.85,No
7659-JDSDK,Female,1,No,No,26,Yes,No,Fiber optic,No,No,No,No,No,No,Month-to-month,Yes,Bank transfer (automatic),86.1,2240.31,Yes
4105-PQQWG,Female,0,No,No,68,Yes,Yes,DSL,No,Yes,No,Yes,Yes,No,Two year,No,Bank transfer (automatic),87.26,5916.19,No
4215-HRGSL,Male,0,No,No,29,Yes,No,Fiber optic,No,No,No,Yes,No,No,Two year,No,Mailed check,83.35,2444.95,No
6795-BPZUH,Female,0,No,No,49,Yes,Yes,Fiber optic,No,No,No,No,Yes,No,Month-to-month,Yes,Electronic check,94.68,4604.89,No
4701-LDHCK,Male,1,No,No,72,No,No phone service,DSL,No,No,No,Yes,Yes,No,Month-to-month,Yes,Electronic check,61.61,4459.98,No
7642-XOSWM,Female,0,Yes,No,25,Yes,No,Fiber optic,Yes,Yes,No,No,No,No,Month-to-month,Yes,Electronic check,94.0,2339.95,No
6052-RDMNF,Male,0,Yes,Yes,7,Yes,No,No,No internet service,No internet service,No internet service,No internet service,No internet service,No internet service,Month-to-month,Yes,Bank transfer (automatic),39.22,216.44,No
5157-HRMIT,Male,0,Yes,No,16,Yes,Yes,Fiber optic,No,No,Yes,No,No,Yes,Month-to-month,No,Mailed check,99.29,1552.66,Yes
7843-BQJBD,Female,1,Yes,No,17,Yes,Yes,Fiber optic,Yes,Yes,No,No,No,Yes,Month-to-month,Yes,Electronic check,105.97,1800.17,No
3245-RLFWJ,Female,1,No,No,4,Yes,Yes,Fiber optic,No,Yes,Yes,No,No,Yes,Month-to-month,Yes,Credit card (automatic),107.29,420.72,No
9343-KPLJO,Female,0,Yes,No,39,Yes,No,Fiber optic,No,No,No,No,No,No,Month-to-month,Yes,Mailed check,82.31,3218.25,Yes
5934-CZVLO,Female,0,No,No,20,No,No phone service,Fiber optic,No,No,Yes,No,No,Yes,Month-to-month,Yes,Credit card (automatic),79.75,1586.5,Yes
6378-NKHEA,Female,0,No,No,7,Yes,No,DSL,No,No,No,No,Yes,No,Month-to-month,Yes,Mailed check,69.0,494.56,Yes
1765-PMMTK,Male,1,Yes,No,9,Yes,No,DSL,Yes,Yes,No,No,Yes,No,Month-to-month,Yes,Bank transfer (automatic),83.91,755.4,Yes
4204-ONSZO,Male,0,No,No,19,Yes,Yes,Fiber optic,Yes,Yes,Yes,No,No,No,Month-to-month,No,Electronic check,102.26,1955.96,Yes
1535-LEZMP,Male,0,Yes,No,26,Yes,Yes,Fiber optic,Yes,Yes,No,No,No,Yes,Month-to-month,No,Credit card (automatic),106.83,2794.91,No
5563-HFFNM,Male,0,No,No,71,Yes,Yes,Fiber optic,No,No,No,No,No,Yes,Month-to-month,Yes,Electronic check,92.88,6604.62,No
4422-DBABO,Male,0,No,No,51,Yes,No,Fiber optic,No,Yes,No,No,No,Yes,Two year,Yes,Electronic check,100.65,5127.2,No
3370-KJVCA,Female,0,Yes,No,52,Yes,Yes,Fiber optic,Yes,No,Yes,No,No,No,Month-to-month,No,Bank transfer (automatic),92.96,4862.36,No
6297-SISBV,Female,0,No,No,50,No,No phone service,Fiber optic,No,No,Yes,Yes,No,No,One year,Yes,Electronic check,75.18,3757.65,No
4727-VVZMD,Female,1,Yes,No,58,Yes,No,No,No internet service,No internet service,No internet service,No internet service,No internet service,No internet service,Month-to-month,Yes,Credit card (automatic),41.4,2386.66,No
6978-ITYAV,Male,0,No,No,23,Yes,No,No,No internet service,No internet service,No internet service,No internet service,No internet service,No internet service,Month-to-month,No,Electronic check,46.27,1055.7,Yes
1101-VYOAY,Female,0,No,No,7,Yes,No,No,No internet service,No internet service,No internet service,No internet service,No internet service,No internet service,Month-to-month,No,Electronic check,34.03,245.93,Yes
3022-LXICZ,Female,0,Yes,No,37,Yes,Yes,No,No internet service,No internet service,No internet service,No internet service,No internet service,No internet service,One year,Yes,Electronic check,37.14,1394.12,No
8779-IHXZK,Female,0,No,No,0,Yes,No,No,No internet service,No internet service,No internet service,No internet service,No internet service,No internet service,Two year,Yes,Electronic check,37.81, ,No
3397-SOMCP,Male,1,No,No,15,Yes,Yes,DSL,No,No,No,No,Yes,Yes,Month-to-month,Yes,Credit card (automatic),85.07,1289.44,No
1578-XHSDU,Male,0,No,Yes,54,Yes,No,Fiber optic,No,No,Yes,No,Yes,Yes,Month-to-month,Yes,Credit card (automatic),106.94,5767.37,No
4895-LCCVX,Female,0,No,No,36,Yes,No,Fiber optic,No,Yes,No,No,Yes,Yes,Two year,Yes,Credit card (automatic),108.93,3943.21,Yes
6138-ZJHUW,Male,0,No,No,50,Yes,Yes,Fiber optic,No,No,Yes,No,No,No,Month-to-month,Yes,Credit card (automatic),90.23,4511.63,No
1687-OUJKA,Male,0,Yes,No,37,Yes,No,No,No internet service,No internet service,No internet service,No internet service,No internet service,No internet service,Month-to-month,Yes,Electronic check,43.07,1582.71,No
3654-UZZMF,Male,0,No,No,39,Yes,Yes,DSL,No,No,No,No,No,Yes,Two year,Yes,Mailed check,74.4,2863.39,No
9892-ATIHX,Female,0,No,Yes,21,Yes,Yes,DSL,No,Yes,No,Yes,No,Yes,Month-to-month,No,Mailed check,81.16,1716.47,No
9091-WSLMV,Female,0,Yes,Yes,15,Yes,No,DSL,No,Yes,No,No,No,Yes,One year,No,Bank transfer (automatic),78.71,1168.93,No
9435-HPODR,Male,0,Yes,No,18,Yes,No,DSL,No,Yes,No,No,No,Yes,Month-to-month,No,Credit card (automatic),77.51,1373.44,Yes
2902-CPEXC,Male,0,Yes,No,58,Yes,Yes,Fiber optic,No,No,No,Yes,No,No,Month-to-month,No,Electronic check,91.26,5267.48,No
9636-ZZKMI,Female,0,Yes,No,71,Yes,No,DSL,Yes,No,No,Yes,Yes,No,Two year,Yes,Mailed check,83.09,5917.29,No
9631-IPZCA,Female,1,Yes,Yes,5,No,No phone service,DSL,Yes,No,No,No,No,Yes,Month-to-month,No,Mailed check,59.29,299.87,Yes
4128-YDORN,Female,0,Yes,No,39,Yes,Yes,Fiber optic,No,No,No,No,No,No,Month-to-month,No,Credit card (automatic),85.46,3343.2,Yes
4340-JHAXW,Male,1,No,No,34,Yes,No,Fiber optic,No,No,No,No,Yes,No,Month-to-month,Yes,Credit card (automatic),99.95,3393.94,Yes
8515-NIASS,Female,0,Yes,No,41,Yes,Yes,Fiber optic,No,No,No,Yes,Yes,No,Month-to-month,No,Credit card (automatic),108.59,4452.98,Yes
8911-LRKYB,Male,0,Yes,Yes,17,Yes,Yes,DSL,Yes,Yes,No,No,No,No,Month-to-month,Yes,Bank transfer (automatic),73.74,1252.72,Yes
6109-RBQYZ,Female,0,No,No,0,Yes,No,No,No internet service,No internet service,No internet service,No internet service,No internet service,No internet service,Month-to-month,Yes,Credit card (automatic),40.9, ,No
1701-CMYLM,Male,0,Yes,No,14,Yes,No,DSL,Yes,No,No,No,No,Yes,Month-to-month,No,Credit card (automatic),81.11,1151.84,No
7317-BWTZK,Male,0,Yes,No,13,No,No phone service,Fiber optic,No,No,No,No,Yes,Yes,Month-to-month,Yes,Electronic check,89.47,1145.94,Yes
7877-CHDPZ,Male,0,No,No,3,Yes,No,No,No internet service,No internet service,No internet service,No internet service,No internet service,No internet service,Two year,No,Credit card (automatic),39.09,106.43,No
7922-RSYSU,Male,0,No,No,26,Yes,Yes,No,No internet service,No internet service,No internet service,No internet service,No internet service,No internet service,Month-to-month,No,Mailed check,42.24,1105.63,No
3379-QRDSL,Female,0,No,No,49,Yes,Yes,Fiber optic,No,No,No,No,Yes,No,Two year,Yes,Electronic check,95.16,4683.55,No
9847-GMEBM,Male,0,Yes,No,70,Yes,No,DSL,No,No,No,No,No,No,Month-to-month,No,Mailed check,66.4,4635.61,No
9659-IWYVA,Male,1,Yes,No,47,Yes,Yes,No,No internet service,No internet service,No internet service,No internet service,No internet service,No internet service,Month-to-month,Yes,Mailed check,33.5,1589.73,No
7505-AGQYC,Male,1,No,No,12,Yes,No,Fiber optic,No,Yes,No,No,Yes,Yes,Two year,Yes,Mailed check,112.33,1354.53,No
9592-OTVND,Female,0,No,No,26,Yes,Yes,No,No internet service,No internet service,No internet service,No internet service,No internet service,No internet service,Two year,Yes,Mailed check,36.99,957.32,No
8021-BDYXW,Female,0,No,No,22,No,No phone service,Fiber optic,Yes,No,Yes,Yes,No,No,Month-to-month,Yes,Bank transfer (automatic),85.0,1868.3,Yes
9457-GZMCE,Female,0,No,No,15,Yes,Yes,No,No internet service,No internet service,No internet service,No internet service,No internet service,No internet service,Month-to-month,Yes,Bank transfer (automatic),35.88,536.29,No
7332-VKEFV,Female,0,Yes,No,72,No,No phone service,No,No internet service,No internet service,No internet service,No internet service,No internet service,No internet service,Two year,Yes,Electronic check,18.0,1300.57,No
8372-GBCKF,Female,0,Yes,No,47,Yes,Yes,Fiber optic,No,No,No,No,Yes,Yes,Month-to-month,No,Bank transfer (automatic),107.65,5082.58,No
5091-OCXUB,Female,0,No,No,35,Yes,Yes,No,No internet service,No internet service,No internet service,No internet service,No internet service,No internet service,Month-to-month,No,Mailed check,45.77,1607.79,No
4972-DVOEC,Male,0,No,Yes,31,Yes,No,Fiber optic,No,Yes,No,No,Yes,No,Month-to-month,Yes,Credit card (automatic),98.71,3054.56,Yes
3880-JHJDM,Female,1,Yes,No,23,Yes,Yes,DSL,No,Yes,No,Yes,Yes,No,Two year,Yes,Bank transfer (automatic),87.35,2000.03,No
3601-SUGDI,Female,0,No,No,30,Yes,No,Fiber optic,No,Yes,No,Yes,Yes,No,One year,No,Credit card (automatic),97.81,2937.13,No
2199-LYKWS,Female,0,Yes,No,46,Yes,Yes,Fiber optic,No,No,No,No,Yes,Yes,Month-to-month,Yes,Bank transfer (automatic),99.36,4561.07,Yes
8833-BSDPD,Male,1,No,No,67,Yes,No,Fiber optic,Yes,Yes,Yes,No,No,No,Two year,No,Mailed check,96.8,6450.04,No
8843-NPCIB,Female,0,Yes,Yes,36,Yes,No,DSL,Yes,Yes,No,Yes,Yes,No,Month-to-month,Yes,Electronic check,90.3,3273.72,No
8734-UQZWA,Male,0,No,No,13,Yes,Yes,Fiber optic,Yes,No,No,No,No,No,Two year,Yes,Bank transfer (automatic),86.59,1123.13,No
8909-EDNQX,Male,1,Yes,No,69,Yes,Yes,DSL,No,Yes,No,Yes,Yes,No,Month-to-month,Yes,Mailed check,79.05,5450.86,No
5681-NCJFV,Female,1,No,No,22,Yes,Yes,Fiber optic,No,No,Yes,Yes,No,No,One year,Yes,Mailed check,102.73,2287.05,No
4294-UBUQG,Male,0,No,Yes,6,Yes,Yes,No,No internet service,No internet service,No internet service,No internet service,No internet service,No internet service,Month-to-month,No,Credit card (automatic),36.73,210.12,No
7938-QQEML,Male,0,Yes,Yes,39,Yes,Yes,DSL,Yes,No,Yes,Yes,No,Yes,Month-to-month,Yes,Credit card (automatic),94.67,3700.65,No
2827-VPUYO,Female,0,No,No,57,Yes,Yes,No,No internet service,No internet service,No internet service,No internet service,No internet service,No internet service,Month-to-month,No,Mailed check,43.55,2482.26,No
3721-UOBJV,Male,0,No,No,18,Yes,Yes,DSL,Yes,No,No,No,Yes,No,Two year,Yes,Electronic check,81.2,1468.49,No
6124-UZTHD,Female,0,No,No,20,Yes,No,Fiber optic,Yes,No,No,No,No,No,Month-to-month,No,Credit card (automatic),95.53,1898.66,Yes
2925-FLFTR,Male,0,Yes,Yes,21,Yes,No,No,No internet service,No internet service,No internet service,No internet service,No internet service,No internet service,Month-to-month,No,Electronic check,39.97,857.44,No
1921-HCDQO,Male,0,No,No,58,Yes,Yes,DSL,No,Yes,Yes,No,Yes,No,Month-to-month,Yes,Mailed check,80.16,4684.8,No
3014-JXMVS,Female,0,No,Yes,69,Yes,No,DSL,No,Yes,No,Yes,No,Yes,One year,No,Electronic check,87.68,6031.18,No
3700-GXXES,Female,0,No,No,61,Yes,Yes,No,No internet service,No internet service,No internet service,No internet service,No internet service,No internet service,One year,No,Mailed check,33.95,2086.14,No
2536-VAKJP,Male,0,Yes,Yes,16,No,No phone service,DSL,No,No,Yes,Yes,No,No,Month-to-month,No,Bank transfer (automatic),60.61,972.17,Yes
7985-UJBYJ,Female,0,No,No,61,Yes,No,Fiber optic,No,No,Yes,Yes,Yes,No,Month-to-month,Yes,Credit card (automatic),109.97,6715.53,No
9409-CTUFZ,Female,0,Yes,Yes,22,Yes,Yes,Fiber optic,No,No,Yes,No,No,No,One year,No,Bank transfer (automatic),90.96,2010.4,No
1714-XGXIJ,Male,0,Yes,No,63,Yes,Yes,DSL,No,No,Yes,No,Yes,Yes,Month-to-month,No,Mailed check,84.4,5292.14,No
6352-NXKJJ,Female,0,Yes,No,72,Yes,No,DSL,No,No,No,No,No,Yes,Month-to-month,No,Bank transfer (automatic),73.31,5262.5,No
5892-ANPJV,Male,0,Yes,No,52,Yes,Yes,No,No internet service,No internet service,No internet service,No internet service,No internet service,No internet service,Month-to-month,No,Bank transfer (automatic),44.37,2302.37,No
1250-KIWSL,Female,0,Yes,Yes,69,Yes,Yes,Fiber optic,No,Yes,No,No,No,No,Month-to-month,Yes,Mailed check,86.84,6016.42,No
3846-QTAZQ,Female,0,Yes,No,10,Yes,No,Fiber optic,No,Yes,No,Yes,Yes,No,Two year,No,Electronic check,110.8,1101.93,No
4633-HQUWA,Female,0,No,No,47,Yes,No,Fiber optic,No,No,No,Yes,Yes,No,One year,Yes,Mailed check,95.54,4499.74,No
6520-CGVDL,Female,0,No,Yes,3,Yes,No,DSL,No,No,No,Yes,No,No,Month-to-month,No,Bank transfer (automatic),71.9,216.82,No
1136-GOAXJ,Male,0,Yes,Yes,47,Yes,Yes,Fiber optic,No,Yes,No,Yes,No,No,Two year,Yes,Bank transfer (automatic),97.65,4590.91,No
1548-UANID,Male,0,No,No,24,Yes,Yes,No,No internet service,No internet service,No internet service,No internet service,No internet service,No internet service,Month-to-month,Yes,Credit card (automatic),42.87,1031.92,Yes
4081-JJIDC,Male,1,No,No,70,Yes,Yes,Fiber optic,No,No,No,No,No,No,Two year,No,Credit card (automatic),85.32,5956.11,No
9704-JZDTS,Female,0,No,No,36,Yes,No,Fiber optic,No,Yes,No,No,No,Yes,Month-to-month,Yes,Credit card (automatic),89.91,3233.68,Yes
5919-FFHSD,Female,0,No,Yes,55,Yes,Yes,Fiber optic,No,No,No,No,Yes,Yes,Two year,Yes,Credit card (automatic),103.36,5676.61,No
2624-UAYUF,Male,0,No,No,22,Yes,No,No,No internet service,No internet service,No internet service,No internet service,No internet service,No internet service,Two year,Yes,Bank transfer (automatic),37.87,832.0,No
2557-NLXIY,Female,0,No,No,5,Yes,No,Fiber optic,Yes,Yes,Yes,No,No,Yes,Two year,Yes,Credit card (automatic),114.17,557.28,No
6111-DKPHN,Female,0,No,No,54,Yes,No,DSL,No,No,Yes,No,No,No,Month-to-month,No,Mailed check,67.17,3663.51,No
6866-KUVZA,Female,0,No,No,16,Yes,Yes,Fiber optic,Yes,Yes,Yes,No,No,No,Two year,Yes,Electronic check,107.77,1690.19,No
2402-VVGZD,Male,0,Yes,No,52,Yes,No,DSL,No,No,No,Yes,Yes,Yes,One year,Yes,Credit card (automatic),92.59,4781.19,No
9199-QXYDN,Female,0,No,No,33,Yes,No,No,No internet service,No internet service,No internet service,No internet service,No internet service,No internet service,Month-to-month,Yes,Electronic check,39.97,1327.55,No
4302-ZZPHP,Female,0,No,No,70,Yes,No,Fiber optic,No,No,Yes,Yes,Yes,No,Month-to-month,Yes,Mailed check,105.63,7410.58,No
6349-ESDBQ,Male,0,No,Yes,25,Yes,No,Fiber optic,No,No,No,Yes,Yes,No,One year,Yes,Credit card (automatic),93.74,2375.63,No
8345-BPZZH,Male,1,No,No,29,Yes,No,Fiber optic,No,Yes,No,Yes,No,Yes,Two year,Yes,Bank transfer (automatic),105.21,3045.86,No
9850-MCENL,Male,0,Yes,No,54,No,No phone service,No,No internet service,No internet service,No internet service,No internet service,No internet service,No internet service,Two year,Yes,Electronic check,18.0,972.08,No
2102-GQVKB,Male,0,Yes,No,57,Yes,No,Fiber optic,No,Yes,No,Yes,No,No,Month-to-month,No,Electronic check,100.16,5719.14,Yes
5715-KOTSW,Female,0,No,No,9,Yes,Yes,Fiber optic,No,Yes,No,No,Yes,No,One year,No,Bank transfer (automatic),97.02,901.2,Yes
8118-ZLBOD,Female,0,No,No,54,Yes,No,No,No internet service,No internet service,No internet service,No internet service,No internet service,No internet service,Month-to-month,Yes,Bank transfer (automatic),37.18,1981.51,No
1973-GDYOZ,Female,0,No,Yes,35,Yes,No,No,No internet service,No internet service,No internet service,No internet service,No internet service,No internet service,Month-to-month,Yes,Bank transfer (automatic),45.36,1591.47,No
6157-OBTMM,Male,0,No,No,72,Yes,No,Fiber optic,Yes,No,Yes,No,No,Yes,Two year,No,Bank transfer (automatic),108.53,7826.96,No
9448-XNCUU,Female,0,No,No,46,Yes,No,Fiber optic,No,No,No,No,Yes,No,One year,No,Electronic check,95.81,4400.58,No
1683-MHLUO,Male,0,No,No,56,Yes,Yes,DSL,No,Yes,Yes,No,Yes,No,Two year,Yes,Bank transfer (automatic),89.2,5003.87,No
2725-MRWDG,Female,1,Yes,No,25,Yes,No,No,No internet service,No internet service,No internet service,No internet service,No internet service,No internet service,Month-to-month,Yes,Bank transfer (automatic),42.07,1039.5,Yes
3505-DKQPT,Male,0,No,Yes,20,Yes,No,DSL,Yes,Yes,No,Yes,No,Yes,Month-to-month,No,Mailed check,95.63,1937.02,No
3971-MXQLM,Male,0,Yes,Yes,57,No,No phone service,Fiber optic,No,No,Yes,Yes,Yes,No,One year,Yes,Credit card (automatic),88.07,4984.72,No
3367-VKSOY,Female,0,No,Yes,1,Yes,Yes,Fiber optic,Yes,Yes,No,No,No,No,Month-to-month,Yes,Mailed check,97.07,91.87,Yes
3696-PSRXN,Male,0,Yes,No,42,Yes,No,No,No internet service,No internet service,No internet service,No internet service,No internet service,No internet service,Two year,Yes,Electronic check,41.38,1749.33,No
4760-OHCXL,Female,0,No,No,70,No,No phone service,DSL,No,No,No,No,No,No,Two year,Yes,Electronic check,42.01,2934.94,No
7571-GEZEX,Female,0,Yes,No,72,Yes,No,DSL,No,No,Yes,No,Yes,Yes,Two year,No,Mailed check,93.3,6734.69,No
6714-KJCIK,Female,0,Yes,No,52,Yes,No,No,No internet service,No internet service,No internet service,No internet service,No internet service,No internet service,Two year,Yes,Bank transfer (automatic),40.03,2082.96,No
2058-ZXBPX,Female,0,No,No,36,Yes,Yes,Fiber optic,No,No,Yes,No,No,No,Month-to-month,No,Credit card (automatic),91.11,3285.98,No
1715-CHOPW,Male,0,No,No,59,Yes,No,DSL,Yes,No,No,No,Yes,Yes,Month-to-month,Yes,Mailed check,82.37,4871.13,No
9133-QBEUZ,Female,0,Yes,No,1,Yes,No,DSL,No,No,No,No,No,Yes,Two year,Yes,Bank transfer (automatic),72.4,71.35,No
1947-WKDTN,Male,0,No,No,57,Yes,Yes,No,No internet service,No internet service,No internet service,No internet service,No internet service,No internet service,Month-to-month,No,Credit card (automatic),39.93,2242.9,No
2930-QEPUJ,Female,0,Yes,Yes,13,Yes,No,Fiber optic,No,No,No,No,Yes,Yes,Two year,Yes,Bank transfer (automatic),94.28,1260.69,No
2388-VDHBH,Male,0,Yes,No,53,No,No phone service,Fiber optic,No,Yes,Yes,No,Yes,No,Month-to-month,No,Credit card (automatic),85.4,4553.55,No
1463-ODBVC,Male,0,Yes,No,25,Yes,No,No,No internet service,No internet service,No internet service,No internet service,No internet service,No internet service,Two year,Yes,Bank transfer (automatic),45.51,1152.22,No
4415-ZKLRO,Female,0,No,No,54,Yes,Yes,No,No internet service,No internet service,No internet service,No internet service,No internet service,No internet service,Month-to-month,Yes,Credit card (automatic),43.62,2348.23,Yes
8210-ZPZDU,Male,1,No,No,44,Yes,Yes,Fiber optic,No,Yes,Yes,Yes,Yes,No,Two year,No,Bank transfer (automatic),113.39,4998.1,No
5789-PVGPE,Female,0,No,Yes,67,Yes,Yes,DSL,No,No,No,No,No,Yes,Month-to-month,Yes,Electronic check,78.88,5250.43,No
8295-DEJNG,Female,0,No,No,57,Yes,Yes,Fiber optic,No,Yes,Yes,No,Yes,Yes,One year,No,Mailed check,117.65,6674.79,No
5933-VDXRP,Female,0,No,Yes,66,Yes,Yes,Fiber optic,Yes,No,No,No,No,No,Two year,Yes,Mailed check,91.28,6072.68,No
6273-QJNBC,Female,0,No,No,11,Yes,Yes,DSL,Yes,No,Yes,No,No,No,Month-to-month,Yes,Credit card (automatic),80.1,856.31,Yes
5905-WABMR,Female,0,No,Yes,27,Yes,No,No,No internet service,No internet service,No internet service,No internet service,No internet service,No internet service,Month-to-month,No,Electronic check,39.53,1061.24,No
8509-EYUSQ,Male,0,Yes,No,31,Yes,No,DSL,No,Yes,No,No,Yes,Yes,Month-to-month,Yes,Mailed check,94.1,2919.99,Yes
9896-GYUTU,Male,0,Yes,No,2,Yes,No,Fiber optic,No,No,No,No,Yes,No,One year,Yes,Electronic check,93.01,192.92,Yes
1074-MQOYC,Male,0,Yes,Yes,1,Yes,No,Fiber optic,No,Yes,No,No,Yes,Yes,One year,Yes,Mailed check,110.93,110.91,Yes
9368-LLRUB,Female,0,No,No,2,Yes,No,No,No internet service,No internet service,No internet service,No internet service,No internet service,No internet service,One year,No,Electronic check,37.65,67.91,No
7620-JRLES,Male,0,No,Yes,56,Yes,No,DSL,No,Yes,No,No,No,Yes,Month-to-month,Yes,Credit card (automatic),78.47,4392.29,No
7505-JDYIU,Male,0,Yes,No,32,Yes,Yes,Fiber optic,No,Yes,Yes,Yes,No,No,Month-to-month,No,Credit card (automatic),98.82,3184.97,No
4160-NVSQI,Male,0,No,No,54,Yes,No,Fiber optic,No,Yes,No,No,No,No,Two year,No,Bank transfer (automatic),85.01,4603.31,No
2004-MKOMH,Male,0,No,No,60,Yes,No,No,No internet service,No internet service,No internet service,No internet service,No internet service,No internet service,One year,Yes,Electronic check,45.12,2720.84,No
1577-VCOOM,Male,0,Yes,No,2,Yes,No,Fiber optic,Yes,Yes,Yes,No,No,Yes,Month-to-month,Yes,Credit card (automatic),111.31,183.85,Yes
1851-IMXZI,Male,0,Yes,No,61,Yes,No,Fiber optic,No,No,No,No,No,No,Month-to-month,Yes,Electronic check,85.64,5234.56,No
7070-DMCKW,Male,0,Yes,No,16,Yes,No,No,No internet service,No internet service,No internet service,No internet service,No internet service,No internet service,Month-to-month,Yes,Electronic check,36.16,581.1,No
1879-ILQRZ,Male,0,Yes,No,29,Yes,No,Fiber optic,No,No,Yes,Yes,Yes,No,Two year,No,Electronic check,99.6,2875.69,No
6549-GUQMO,Male,0,No,No,70,Yes,Yes,DSL,Yes,Yes,No,No,No,No,One year,No,Electronic check,80.45,5668.33,No
5365-BAIRD,Male,0,No,No,22,Yes,Yes,DSL,No,Yes,No,No,Yes,Yes,One year,No,Electronic check,83.51,1807.85,No
5055-GTWWI,Female,1,Yes,Yes,68,Yes,No,Fiber optic,No,No,Yes,Yes,No,No,One year,Yes,Electronic check,96.56,6565.4,No
8013-AHXNX,Male,0,Yes,Yes,36,Yes,Yes,Fiber optic,Yes,Yes,No,Yes,No,No,Two year,Yes,Electronic check,97.54,3535.08,No
7022-OIJBV,Male,0,Yes,No,0,Yes,Yes,DSL,Yes,Yes,No,Yes,Yes,No,Month-to-month,Yes,Credit card (automatic),87.54, ,Yes
3791-CRPYD,Male,0,Yes,No,60,Yes,Yes,Fiber optic,No,No,No,No,Yes,No,Month-to-month,No,Credit card (automatic),96.48,5749.56,No
8044-WETNX,Female,0,Yes,Yes,3,Yes,No,No,No internet service,No internet service,No internet service,No internet service,No internet service,No internet service,Month-to-month,Yes,Credit card (automatic),36.52,138.38,No
2201-ZPUKG,Female,0,No,No,46,Yes,No,Fiber optic,No,No,No,No,Yes,No,Two year,No,Bank transfer (automatic),92.65,4227.86,No
6922-QVYKE,Female,0,No,No,33,Yes,No,Fiber optic,No,Yes,No,No,No,No,One year,Yes,Bank transfer (automatic),89.46,2928.24,No
8402-EXTWQ,Male,0,No,No,10,Yes,No,DSL,No,No,Yes,Yes,No,Yes,Month-to-month,Yes,Bank transfer (automatic),77.06,789.93,No
3942-LTCBT,Male,0,Yes,No,37,Yes,No,DSL,No,No,No,No,Yes,No,Two year,No,Credit card (automatic),78.83,2897.44,No
7463-IQXNP,Male,0,No,No,26,No,No phone service,No,No internet service,No internet service,No internet service,No internet service,No internet service,No internet service,Month-to-month,Yes,Electronic check,27.66,714.04,No
8788-THEAR,Female,1,Yes,No,7,Yes,No,Fiber optic,No,No,Yes,Yes,No,Yes,Month-to-month,No,Bank transfer (automatic),106.95,729.16,Yes
9227-ZHFWT,Female,0,Yes,Yes,40,Yes,No,DSL,No,Yes,No,No,No,Yes,One year,No,Electronic check,73.81,2953.84,No
3513-KECHX,Female,0,No,Yes,3,Yes,No,Fiber optic,Yes,No,No,No,No,Yes,Two year,Yes,Electronic check,101.65,328.89,No
6168-LTJFU,Female,1,No,Yes,39,Yes,Yes,DSL,No,No,No,Yes,No,Yes,Month-to-month,Yes,Bank transfer (automatic),78.1,3014.33,No
4097-ABPAB,Female,0,Yes,No,16,Yes,No,Fiber optic,No,Yes,No,No,No,Yes,Month-to-month,Yes,Credit card (automatic),96.48,1548.54,No
3243-YHXMQ,Female,0,No,No,60,No,No phone service,DSL,No,No,No,No,Yes,Yes,Two year,No,Credit card (automatic),63.43,3771.37,No
3727-NHUXS,Female,0,No,No,69,Yes,No,No,No internet service,No internet service,No internet service,No internet service,No internet service,No internet service,One year,No,Electronic check,38.17,2675.73,No
2002-LEEAV,Male,1,No,Yes,68,Yes,No,Fiber optic,No,No,No,No,Yes,No,One year,No,Electronic check,97.84,6634.69,No
6675-RHIQL,Male,0,No,No,68,Yes,Yes,Fiber optic,No,No,No,No,No,No,Month-to-month,No,Credit card (automatic),87.6,5968.04,Yes
2985-SSQFX,Female,0,Yes,No,7,No,No phone service,Fiber optic,No,Yes,Yes,Yes,Yes,No,Month-to-month,No,Mailed check,85.13,601.77,Yes
8796-AQQSJ,Male,1,No,No,37,Yes,Yes,No,No internet service,No internet service,No internet service,No internet service,No internet service,No internet service,Month-to-month,Yes,Electronic check,35.17,1303.99,No
3971-HWXJL,Male,0,Yes,No,16,Yes,Yes,DSL,Yes,Yes,No,No,No,No,Month-to-month,Yes,Mailed check,71.54,1135.85,No
7441-LPHQT,Female,1,Yes,No,7,Yes,Yes,DSL,No,No,No,No,No,No,Two year,Yes,Bank transfer (automatic),60.46,395.84,No
4454-LXKFR,Male,1,No,No,28,No,No phone service,No,No internet service,No internet service,No internet service,No internet service,No internet service,No internet service,One year,Yes,Bank transfer (automatic),25.15,733.67,No
5729-QVZJI,Female,1,No,No,31,Yes,No,No,No internet service,No internet service,No internet service,No internet service,No internet service,No internet service,Two year,Yes,Credit card (automatic),41.2,1258.33,No
2395-YRNWA,Female,0,Yes,Yes,21,No,No phone service,DSL,No,Yes,No,No,No,Yes,Month-to-month,Yes,Electronic check,59.49,1246.93,No
9844-SIKVW,Male,0,No,No,8,Yes,No,DSL,Yes,Yes,No,No,Yes,Yes,Month-to-month,No,Electronic check,93.35,739.87,Yes
2161-KNDIR,Female,0,No,No,29,Yes,Yes,Fiber optic,No,No,No,No,No,Yes,Two year,Yes,Electronic check,96.82,2827.44,Yes
3639-IDQAH,Female,0,No,No,11,No,No phone service,DSL,No,No,No,Yes,Yes,No,Month-to-month,Yes,Electronic check,57.67,679.86,Yes
9645-ITNEN,Female,0,Yes,No,2,Yes,No,Fiber optic,No,No,No,No,Yes,No,Month-to-month,Yes,Mailed check,96.53,179.43,Yes
5302-ZYOYP,Male,1,Yes,Yes,32,Yes,No,Fiber optic,No,No,Yes,No,No,Yes,Month-to-month,No,Mailed check,99.78,3195.75,No
1879-WTAAY,Female,0,Yes,No,4,Yes,Yes,Fiber optic,No,No,No,No,Yes,No,Month-to-month,Yes,Mailed check,95.03,401.62,No
3839-IOVOP,Female,0,Yes,No,70,Yes,Yes,Fiber optic,No,No,Yes,No,Yes,No,Month-to-month,Yes,Mailed check,98.0,6886.62,No
1561-WEJPW,Female,0,Yes,No,61,Yes,Yes,No,No internet service,No internet service,No internet service,No internet service,No internet service,No internet service,Month-to-month,No,Electronic check,35.92,2188.02,Yes
5639-YFHTQ,Male,0,Yes,No,67,Yes,No,No,No internet service,No internet service,No internet service,No internet service,No internet service,No internet service,Two year,Yes,Credit card (automatic),43.53,2914.17,No
3107-FJRTY,Male,0,Yes,No,7,Yes,No,Fiber optic,Yes,No,No,No,Yes,Yes,Month-to-month,Yes,Bank transfer (automatic),101.39,735.4,Yes
7174-QITPW,Female,0,Yes,No,33,Yes,Yes,Fiber optic,No,No,No,Yes,No,No,One year,No,Mailed check,94.78,3090.82,No
1896-RGGAR,Male,0,No,No,60,Yes,No,No,No internet service,No internet service,No internet service,No internet service,No internet service,No internet service,One year,No,Electronic check,38.01,2298.83,No
3315-YMSMG,Male,0,No,No,42,Yes,No,Fiber optic,No,No,Yes,No,No,Yes,Month-to-month,Yes,Electronic check,93.8,3923.62,Yes
7073-XQYHG,Male,0,Yes,No,22,Yes,Yes,DSL,No,Yes,No,No,No,Yes,Month-to-month,Yes,Bank transfer (automatic),76.66,1689.5,No
2372-JYCPY,Male,0,No,Yes,60,Yes,No,DSL,Yes,No,No,No,No,No,Month-to-month,No,Mailed check,63.77,3827.45,No
5967-PTIQH,Male,0,Yes,No,22,Yes,Yes,Fiber optic,No,No,No,No,No,Yes,Month-to-month,No,Electronic check,90.83,1986.12,No
9121-OKZMM,Male,0,Yes,No,71,Yes,Yes,DSL,No,No,No,Yes,No,No,Month-to-month,No,Electronic check,65.55,4660.27,No
3205-ZRTXS,Female,1,No,No,7,Yes,No,Fiber optic,Yes,No,Yes,No,Yes,No,Two year,Yes,Credit card (automatic),100.67,697.53,No
9606-DMFIT,Male,0,Yes,No,51,Yes,Yes,DSL,No,Yes,No,Yes,Yes,Yes,Month-to-month,No,Mailed check,88.33,4525.07,No
5937-ESOJN,Male,0,Yes,No,0,Yes,No,Fiber optic,Yes,No,No,No,No,No,Month-to-month,No,Electronic check,89.7, ,No
8016-SEOJF,Male,0,Yes,No,66,Yes,No,No,No internet service,No internet service,No internet service,No internet service,No internet service,No internet service,Two year,No,Bank transfer (automatic),43.01,2817.73,No
9566-UWUUB,Female,0,No,Yes,25,Yes,Yes,DSL,No,No,No,No,Yes,No,Two year,No,Credit card (automatic),71.48,1789.22,No
9946-OICAD,Male,1,No,No,1,Yes,No,Fiber optic,No,No,No,No,Yes,No,Two year,Yes,Bank transfer (automatic),95.08,93.63,Yes
3895-BGTIO,Female,0,Yes,Yes,60,No,No phone service,No,No internet service,No internet service,No internet service,No internet service,No internet service,No internet service,Month-to-month,Yes,Mailed check,22.71,1392.82,No
7562-NMFFA,Female,0,Yes,No,70,Yes,Yes,DSL,No,Yes,No,No,Yes,No,Two year,Yes,Bank transfer (automatic),80.35,5623.99,No
1197-FBIAW,Female,0,Yes,No,67,No,No phone service,Fiber optic,No,No,No,No,No,Yes,One year,Yes,Electronic check,75.32,5046.41,No
7128-DEFED,Female,0,No,Yes,35,Yes,No,DSL,No,Yes,No,Yes,No,No,One year,Yes,Mailed check,74.25,2574.57,No
3059-UODEC,Male,0,Yes,No,4,Yes,No,Fiber optic,No,No,No,No,No,Yes,Two year,No,Electronic check,99.56,402.09,No
8510-NLNML,Female,0,No,No,16,Yes,No,Fiber optic,No,No,Yes,No,No,No,Month-to-month,Yes,Electronic check,84.49,1329.0,Yes
4731-WVOVA,Male,0,No,No,2,Yes,No,No,No internet service,No internet service,No internet service,No internet service,No internet service,No internet service,Two year,No,Mailed check,37.64,71.52,No
7475-ICUVD,Female,0,Yes,No,3,Yes,Yes,Fiber optic,No,No,No,No,No,Yes,Two year,Yes,Electronic check,101.88,287.3,No
6247-VRNGI,Female,1,No,No,11,No,No phone service,Fiber optic,No,No,No,No,No,No,One year,No,Bank transfer (automatic),64.58,720.66,No
8634-FCIJB,Female,0,Yes,No,41,Yes,Yes,No,No internet service,No internet service,No internet service,No internet service,No internet service,No internet service,Month-to-month,Yes,Mailed check,36.42,1491.04,No
5733-OXGHW,Female,1,Yes,No,55,Yes,No,DSL,Yes,No,No,No,No,Yes,Two year,Yes,Mailed check,79.48,4394.4,No
4915-DPMOS,Male,0,Yes,No,42,Yes,No,No,No internet service,No internet service,No internet service,No internet service,No internet service,No internet service,Month-to-month,Yes,Mailed check,41.76,1733.84,No
9272-TUFWY,Female,0,Yes,No,14,Yes,No,Fiber optic,No,Yes,Yes,No,Yes,Yes,One year,No,Bank transfer (automatic),115.04,1611.32,No
1980-YKKQL,Female,0,No,No,43,Yes,No,Fiber optic,No,No,Yes,Yes,No,Yes,Month-to-month,Yes,Bank transfer (automatic),106.66,4588.85,No
5309-IIKPU,Female,0,No,No,16,Yes,Yes,Fiber optic,No,No,No,Yes,No,No,Two year,No,Bank transfer (automatic),86.15,1375.33,No
2250-NMXDK,Male,0,Yes,No,33,Yes,No,DSL,Yes,No,Yes,Yes,No,Yes,Two year,Yes,Electronic check,85.37,2838.74,No
3691-SCTZI,Female,1,Yes,No,64,Yes,No,No,No internet service,No internet service,No internet service,No internet service,No internet service,No internet service,Month-to-month,Yes,Bank transfer (automatic),39.65,2535.99,No
3818-XGNDN,Male,0,No,No,9,Yes,No,Fiber optic,No,No,No,No,Yes,Yes,One year,No,Mailed check,102.69,903.11,No
8362-BTWDP,Male,0,Yes,No,63,No,No phone service,Fiber optic,Yes,Yes,No,No,Yes,No,Two year,Yes,Electronic check,83.48,5267.03,No
6323-FBIOJ,Male,0,Yes,No,19,Yes,Yes,No,No internet service,No internet service,No internet service,No internet service,No internet service,No internet service,Month-to-month,Yes,Electronic check,41.93,832.23,Yes
1480-VTUWO,Female,0,No,No,48,Yes,No,Fiber optic,No,Yes,Yes,Yes,No,Yes,Month-to-month,No,Bank transfer (automatic),107.67,5154.27,Yes
5147-UXOED,Male,0,No,No,19,No,No phone service,No,No internet service,No internet service,No internet service,No internet service,No internet service,No internet service,Month-to-month,Yes,Bank transfer (automatic),18.0,340.34,No
8083-FMIUF,Male,0,No,No,11,Yes,No,DSL,No,No,No,No,No,No,Two year,No,Bank transfer (automatic),72.47,800.99,No
5402-XMFIC,Male,0,Yes,No,32,Yes,Yes,DSL,No,No,Yes,Yes,Yes,Yes,Month-to-month,Yes,Bank transfer (automatic),95.09,3061.42,No
8409-VZDGA,Female,0,Yes,No,27,Yes,Yes,DSL,Yes,No,Yes,No,No,No,Month-to-month,No,Mailed check,70.37,1914.74,Yes
5340-RHDCK,Male,0,Yes,No,37,No,No phone service,DSL,No,Yes,No,No,No,Yes,Month-to-month,No,Mailed check,59.66,2209.64,No
8138-IRZBC,Female,0,No,No,17,Yes,No,Fiber optic,Yes,No,No,Yes,No,No,Month-to-month,Yes,Mailed check,96.2,1626.79,No
7636-BMUUI,Female,0,Yes,No,71,Yes,No,DSL,No,No,No,Yes,No,No,Month-to-month,No,Credit card (automatic),83.79,5939.46,No
2023-OJAWZ,Female,0,Yes,No,49,Yes,No,Fiber optic,Yes,Yes,No,No,No,Yes,One year,No,Bank transfer (automatic),103.94,5102.45,No
1262-QGRCT,Female,0,Yes,No,61,Yes,No,No,No internet service,No internet service,No internet service,No internet service,No internet service,No internet service,Month-to-month,No,Mailed check,46.62,2829.37,No
1909-JIKML,Male,0,No,Yes,56,Yes,Yes,Fiber optic,No,No,No,Yes,Yes,No,Two year,No,Bank transfer (automatic),98.61,5494.36,No
2727-UYCPH,Male,0,No,Yes,52,Yes,Yes,Fiber optic,No,No,Yes,No,Yes,No,One year,No,Mailed check,97.78,5079.85,No
9575-UQBUY,Male,1,No,No,10,Yes,No,No,No internet service,No internet service,No internet service,No internet service,No internet service,No internet service,Two year,Yes,Bank transfer (automatic),36.62,355.7,No
9413-OQDBF,Female,0,Yes,No,42,No,No phone service,Fiber optic,No,Yes,Yes,Yes,No,No,Month-to-month,Yes,Credit card (automatic),85.31,3575.25,No
4067-FMEVN,Female,0,No,Yes,65,Yes,Yes,No,No internet service,No internet service,No internet service,No internet service,No internet service,No internet service,One year,Yes,Bank transfer (automatic),37.88,2472.76,No
1941-VAERB,Female,1,Yes,No,7,Yes,Yes,DSL,No,No,Yes,No,No,Yes,Two year,Yes,Credit card (automatic),75.26,528.58,Yes
3280-ABDDF,Male,0,Yes,No,33,Yes,No,Fiber optic,No,No,Yes,No,No,Yes,Month-to-month,Yes,Mailed check,98.99,3261.9,No
8867-KATBA,Male,0,Yes,No,13,Yes,Yes,DSL,No,Yes,No,No,Yes,No,Month-to-month,Yes,Bank transfer (automatic),75.98,963.9,No
6886-HYAGZ,Male,1,No,No,58,No,No phone service,DSL,No,No,No,No,Yes,Yes,Month-to-month,Yes,Mailed check,61.83,3578.0,No
7661-SCFPC,Male,1,Yes,No,67,Yes,Yes,DSL,No,Yes,No,No,Yes,Yes,One year,Yes,Mailed check,85.59,5702.07,No
7547-HMTBZ,Male,0,No,No,3,Yes,Yes,Fiber optic,No,No,No,No,Yes,Yes,Month-to-month,Yes,Mailed check,96.68,274.46,No
8842-GHVRV,Female,0,Yes,No,58,Yes,Yes,DSL,Yes,No,Yes,No,No,Yes,Two year,Yes,Bank transfer (automatic),88.65,5125.52,No
5824-RZNKY,Male,0,Yes,No,26,Yes,Yes,Fiber optic,No,Yes,No,No,Yes,Yes,Two year,Yes,Electronic check,109.72,2852.87,No
8560-RKNSP,Female,1,No,Yes,70,Yes,Yes,Fiber optic,No,Yes,No,No,No,Yes,One year,No,Bank transfer (automatic),98.13,6870.18,No
5108-UPDDV,Male,1,No,No,1,Yes,No,DSL,No,No,Yes,Yes,No,Yes,Two year,Yes,Mailed check,85.28,80.18,No
5807-WLJGB,Male,0,Yes,No,13,Yes,No,Fiber optic,Yes,No,No,No,Yes,No,One year,No,Bank transfer (automatic),99.26,1267.52,No
6945-UTWVP,Female,0,No,Yes,52,Yes,No,No,No internet service,No internet service,No internet service,No internet service,No internet service,No internet service,Month-to-month,No,Electronic check,36.25,1850.49,No
1981-TPTOH,Female,0,Yes,No,56,Yes,Yes,No,No internet service,No internet service,No internet service,No internet service,No internet service,No internet service,Month-to-month,No,Electronic check,50.41,2849.89,No
3054-CJWEG,Male,0,Yes,Yes,5,Yes,Yes,No,No internet service,No internet service,No internet service,No internet service,No internet service,No internet service,Two year,Yes,Mailed check,48.26,224.34,No
2607-LDWXI,Male,0,No,No,11,Yes,No,Fiber optic,Yes,Yes,Yes,No,No,No,Month-to-month,Yes,Mailed check,103.38,1131.37,No
1819-KAAMB,Male,0,No,No,24,No,No phone service,DSL,No,Yes,No,No,No,No,Two year,Yes,Electronic check,45.82,1090.01,No
5386-RJYRD,Female,0,Yes,No,2,Yes,No,DSL,No,No,No,No,Yes,No,Month-to-month,Yes,Electronic check,74.31,165.83,Yes
9912-XGCLW,Male,0,Yes,No,57,Yes,No,Fiber optic,No,Yes,No,No,Yes,No,Month-to-month,Yes,Mailed check,97.11,5541.09,No
6738-XVASJ,Female,0,No,No,48,Yes,Yes,No,No internet service,No internet service,No internet service,No internet service,No internet service,No internet service,Two year,Yes,Mailed check,38.93,1854.3,No
9895-FQZTH,Male,0,Yes,No,54,Yes,No,DSL,Yes,No,No,No,Yes,Yes,Two year,Yes,Mailed check,89.08,4820.63,No
9661-OVLQN,Female,0,No,Yes,34,Yes,No,DSL,No,Yes,Yes,No,No,No,Two year,Yes,Credit card (automatic),78.54,2643.3,No
6547-RVJQX,Male,0,No,No,46,Yes,Yes,Fiber optic,No,Yes,Yes,No,No,No,Month-to-month,No,Electronic check,96.62,4442.5,Yes
8268-GHWYO,Female,1,No,No,41,Yes,No,Fiber optic,No,No,No,Yes,No,No,Month-to-month,Yes,Bank transfer (automatic),96.31,3888.64,No
4656-YCVZT,Female,0,Yes,Yes,50,No,No phone service,Fiber optic,Yes,Yes,No,Yes,Yes,Yes,One year,Yes,Electronic check,103.08,5160.27,No
4359-IJFHX,Male,0,No,Yes,32,Yes,Yes,No,No internet service,No internet service,No internet service,No internet service,No internet service,No internet service,Two year,Yes,Electronic check,41.29,1312.79,No
6278-DFAUV,Male,0,Yes,No,47,Yes,No,Fiber optic,No,No,No,No,No,No,Month-to-month,Yes,Bank transfer (automatic),82.13,3855.58,Yes
6983-VIXXT,Female,0,Yes,Yes,47,Yes,Yes,No,No internet service,No internet service,No internet service,No internet service,No internet service,No internet service,One year,Yes,Credit card (automatic),35.69,1701.59,No
2462-VJDXP,Male,0,Yes,No,46,Yes,No,Fiber optic,No,No,No,No,No,No,Month-to-month,Yes,Electronic check,80.75,3699.5,Yes
5664-XDXJX,Male,0,Yes,Yes,63,Yes,No,Fiber optic,Yes,No,No,No,No,Yes,One year,Yes,Mailed check,106.08,6668.9,No
1150-SIJZF,Male,0,No,No,25,Yes,Yes,DSL,No,No,No,No,No,No,Month-to-month,No,Bank transfer (automatic),56.6,1385.22,No
2455-CSCZE,Male,0,No,No,64,Yes,No,Fiber optic,Yes,No,No,No,Yes,Yes,Two year,No,Bank transfer (automatic),110.57,7077.43,No
6346-OKASE,Male,0,No,No,2,No,No phone service,DSL,No,Yes,No,Yes,No,Yes,Month-to-month,No,Bank transfer (automatic),70.88,140.39,No
3287-JOQYW,Male,0,No,No,35,Yes,Yes,DSL,No,Yes,Yes,Yes,Yes,Yes,One year,Yes,Credit card (automatic),99.42,3494.26,No
6173-KXJNN,Male,0,No,Yes,32,Yes,No,DSL,No,No,Yes,No,No,Yes,Two year,No,Electronic check,79.08,2529.84,No
3660-PRJAQ,Male,0,No,No,63,Yes,No,Fiber optic,Yes,No,No,No,No,Yes,Month-to-month,Yes,Bank transfer (automatic),98.85,6234.24,No
2582-KXFBW,Male,0,No,No,3,Yes,No,DSL,No,No,No,No,Yes,No,Month-to-month,No,Credit card (automatic),78.56,246.1,No
8774-FFUPP,Male,0,No,No,15,Yes,No,DSL,Yes,No,No,Yes,No,No,One year,Yes,Mailed check,77.78,1173.93,Yes
8427-TIAHF,Female,0,No,No,34,Yes,No,Fiber optic,No,Yes,Yes,No,Yes,No,One year,No,Bank transfer (automatic),103.51,3516.71,No
6963-LBWCC,Male,0,Yes,Yes,59,Yes,Yes,DSL,Yes,No,No,No,Yes,No,One year,No,Bank transfer (automatic),83.31,4926.03,No
9315-OVVDA,Male,0,No,No,33,Yes,No,DSL,No,No,No,No,Yes,No,One year,Yes,Electronic check,74.06,2456.88,No
4647-AHKLC,Male,1,Yes,No,46,Yes,No,No,No internet service,No internet service,No internet service,No internet service,No internet service,No internet service,Month-to-month,Yes,Mailed check,39.4,1832.45,No
2937-CQFPM,Female,1,Yes,Yes,13,Yes,No,Fiber optic,Yes,No,No,Yes,No,No,Two year,No,Credit card (automatic),92.05,1242.25,No
7564-IAZYL,Male,1,No,No,68,Yes,No,No,No internet service,No internet service,No internet service,No internet service,No internet service,No internet service,Month-to-month,Yes,Mailed check,41.72,2816.98,No
1546-OPJGC,Male,0,Yes,Yes,57,Yes,No,DSL,No,No,Yes,Yes,No,No,One year,Yes,Electronic check,71.54,4088.13,No
5394-KOLZY,Male,0,Yes,No,3,Yes,Yes,Fiber optic,No,Yes,Yes,No,No,No,Two year,Yes,Credit card (automatic),93.63,280.57,No
9938-XXAXH,Male,0,Yes,No,51,Yes,Yes,DSL,No,No,Yes,No,Yes,No,Two year,No,Electronic check,76.67,3914.18,No
3141-OOSWL,Male,0,Yes,No,9,No,No phone service,Fiber optic,No,No,No,No,Yes,No,Month-to-month,No,Electronic check,74.4,684.74,No
8477-SSSMS,Male,0,No,Yes,40,Yes,No,No,No internet service,No internet service,No internet service,No internet service,No internet service,No internet service,Month-to-month,Yes,Electronic check,46.51,1864.84,No
6482-GRAWF,Female,0,No,Yes,51,Yes,No,No,No internet service,No internet service,No internet service,No internet service,No internet service,No internet service,One year,No,Credit card (automatic),41.73,2106.92,No
8396-JTLSC,Female,0,Yes,No,67,No,No phone service,Fiber optic,No,No,No,No,Yes,Yes,Month-to-month,Yes,Electronic check,88.7,5932.47,No
7635-SXDLH,Male,0,No,Yes,5,Yes,No,DSL,No,No,No,No,Yes,No,One year,Yes,Credit card (automatic),77.6,399.46,No
9906-IQPNT,Female,0,No,No,20,Yes,No,Fiber optic,No,No,No,Yes,No,No,Month-to-month,Yes,Credit card (automatic),87.45,1733.49,Yes
1810-IRVOJ,Female,0,No,No,50,Yes,Yes,Fiber optic,Yes,No,No,Yes,Yes,Yes,Month-to-month,Yes,Electronic check,114.39,5697.46,Yes
6583-UHEWJ,Male,0,Yes,No,19,Yes,Yes,Fiber optic,Yes,Yes,Yes,No,Yes,No,Month-to-month,Yes,Bank transfer (automatic),108.74,2059.99,No
9698-PUNEJ,Male,1,No,No,52,Yes,Yes,Fiber optic,No,Yes,No,No,Yes,Yes,One year,No,Mailed check,106.64,5516.37,No
1051-FSNYC,Male,0,Yes,Yes,13,Yes,Yes,Fiber optic,Yes,No,No,No,No,No,Two year,Yes,Bank transfer (automatic),88.73,1138.25,No
1944-KWBNL,Female,0,Yes,Yes,11,Yes,No,DSL,No,No,No,No,Yes,No,Month-to-month,Yes,Mailed check,72.21,833.09,Yes
8017-ZNMHP,Male,0,No,No,39,Yes,No,Fiber optic,No,No,Yes,Yes,No,No,Month-to-month,No,Electronic check,98.01,3811.45,No
2315-NBFEC,Female,0,Yes,No,50,Yes,No,DSL,No,No,No,No,Yes,No,Month-to-month,Yes,Electronic check,77.08,3861.66,No
1593-IHNKS,Male,0,No,No,14,Yes,Yes,Fiber optic,No,No,No,No,No,No,One year,Yes,Electronic check,84.53,1166.92,No
7015-QYNNJ,Female,0,No,No,63,Yes,No,Fiber optic,No,No,No,No,No,No,One year,Yes,Electronic check,85.6,5405.38,No
5553-GZTLX,Female,0,Yes,No,63,Yes,No,Fiber optic,No,Yes,No,Yes,Yes,No,Two year,No,Bank transfer (automatic),106.74,6719.37,No
8524-QHCCU,Male,0,Yes,No,5,Yes,Yes,DSL,Yes,No,No,Yes,Yes,Yes,Two year,Yes,Electronic check,87.3,452.3,No
2181-PMQBR,Male,0,No,No,22,Yes,No,Fiber optic,No,No,No,No,Yes,No,Month-to-month,Yes,Mailed check,92.05,2018.64,No
1983-MLNBI,Female,1,No,No,40,Yes,No,Fiber optic,Yes,Yes,No,No,No,Yes,Two year,Yes,Bank transfer (automatic),106.45,4248.64,No
4582-QGMNI,Male,0,Yes,No,35,Yes,Yes,DSL,Yes,Yes,No,Yes,No,No,Month-to-month,No,Bank transfer (automatic),76.68,2680.76,No
1375-FKQCL,Male,0,No,No,18,No,No phone service,Fiber optic,Yes,No,No,No,No,Yes,One year,Yes,Credit card (automatic),76.3,1373.49,No
4170-FRUOO,Female,0,No,No,38,Yes,No,DSL,No,Yes,Yes,No,Yes,No,Month-to-month,No,Mailed check,81.67,3108.03,No
5948-QTOWQ,Male,0,No,No,70,Yes,Yes,Fiber optic,No,No,Yes,No,No,Yes,Two year,Yes,Bank transfer (automatic),97.06,6780.31,No
5163-CFHNU,Male,0,Yes,Yes,22,Yes,Yes,Fiber optic,Yes,No,Yes,Yes,No,No,Two year,Yes,Mailed check,100.13,2184.89,No
5588-UWBPT,Male,0,No,No,15,No,No phone service,Fiber optic,No,Yes,Yes,No,Yes,No,Month-to-month,No,Bank transfer (automatic),82.94,1215.83,Yes
9617-FRVMK,Male,0,No,No,53,Yes,Yes,Fiber optic,No,No,No,Yes,No,Yes,Two year,No,Credit card (automatic),103.92,5496.01,No
3968-HPHZR,Female,0,Yes,No,41,Yes,Yes,DSL,No,Yes,Yes,Yes,Yes,No,Two year,No,Electronic check,92.76,3769.32,No
5121-RLPMY,Female,0,No,Yes,50,Yes,No,Fiber optic,Yes,No,No,Yes,Yes,Yes,Two year,No,Mailed check,112.26,5587.4,No
2926-ISPGL,Male,0,No,No,47,Yes,Yes,DSL,No,Yes,No,Yes,No,Yes,Month-to-month,No,Electronic check,83.56,3922.46,No
6990-OYDHX,Male,1,No,No,55,Yes,No,No,No internet service,No internet service,No internet service,No internet service,No internet service,No internet service,Two year,No,Mailed check,41.46,2291.98,No
7141-WHYLT,Female,0,No,No,53,Yes,No,Fiber optic,No,No,Yes,No,No,No,Two year,Yes,Mailed check,84.05,4447.88,No
4613-SXBYL,Male,1,No,No,44,Yes,No,Fiber optic,No,No,No,Yes,No,Yes,One year,Yes,Credit card (automatic),97.79,4342.6,No
5791-ABYYP,Male,0,No,No,33,Yes,Yes,DSL,No,Yes,Yes,Yes,Yes,No,Month-to-month,Yes,Bank transfer (automatic),83.86,2773.45,Yes
6697-BRPYQ,Male,0,No,No,33,Yes,Yes,No,No internet service,No internet service,No internet service,No internet service,No internet service,No internet service,Two year,No,Mailed check,42.25,1398.32,No
8907-ZYRXV,Male,0,Yes,No,19,Yes,No,Fiber optic,No,No,No,Yes,Yes,Yes,Two year,Yes,Electronic check,106.66,2003.9,No
2466-UNSPC,Female,1,Yes,No,32,Yes,Yes,Fiber optic,No,No,No,Yes,Yes,No,One year,Yes,Electronic check,99.0,3179.63,No
6521-IUTXX,Male,0,Yes,No,44,Yes,Yes,Fiber optic,No,No,Yes,No,No,No,Two year,Yes,Mailed check,88.77,3917.41,No
8763-EOAIW,Male,0,No,No,52,Yes,No,DSL,No,No,No,Yes,Yes,No,Month-to-month,No,Credit card (automatic),79.58,4119.2,No
7097-GVNUZ,Female,0,Yes,Yes,56,Yes,No,No,No internet service,No internet service,No internet service,No internet service,No internet service,No internet service,One year,Yes,Bank transfer (automatic),33.66,1885.75,No
5321-TNERY,Male,0,No,No,27,Yes,Yes,DSL,Yes,No,Yes,No,Yes,Yes,Month-to-month,No,Electronic check,96.11,2625.57,No
8616-FWVFA,Female,0,Yes,No,53,Yes,Yes,No,No internet service,No internet service,No internet service,No internet service,No internet service,No internet service,Month-to-month,Yes,Credit card (automatic),35.77,1901.03,No
9151-GACZO,Male,0,Yes,No,31,Yes,No,No,No internet service,No internet service,No internet service,No internet service,No internet service,No internet service,Month-to-month,Yes,Credit card (automatic),41.0,1288.0,No
4599-PGSBH,Male,0,No,No,26,No,No phone service,Fiber optic,No,No,No,No,No,Yes,Month-to-month,No,Mailed check,74.83,1938.82,No
3791-YQAGI,Male,1,No,No,11,Yes,No,No,No internet service,No internet service,No internet service,No internet service,No internet service,No internet service,Month-to-month,Yes,Bank transfer (automatic),46.23,473.43,No
8173-BXJJY,Female,0,Yes,No,19,Yes,No,DSL,No,No,Yes,No,No,No,Month-to-month,Yes,Electronic check,69.44,1328.98,Yes
2266-HOHPH,Female,0,Yes,No,49,Yes,No,Fiber optic,Yes,No,No,Yes,No,Yes,Month-to-month,No,Credit card (automatic),110.48,5410.36,No
2788-VWPTK,Male,0,Yes,No,15,Yes,No,Fiber optic,No,Yes,Yes,No,No,No,One year,Yes,Electronic check,90.53,1362.78,No
7427-JIRRZ,Male,0,Yes,No,5,Yes,Yes,Fiber optic,No,Yes,No,Yes,No,No,Month-to-month,Yes,Credit card (automatic),92.79,464.9,Yes
1512-LIFIK,Male,0,Yes,No,19,Yes,No,Fiber optic,No,No,Yes,Yes,No,No,Month-to-month,Yes,Mailed check,95.61,1800.88,Yes
8215-EVRZA,Female,1,No,No,72,Yes,Yes,Fiber optic,No,Yes,No,No,Yes,Yes,Month-to-month,Yes,Bank transfer (automatic),108.03,7779.43,No
8798-LDACA,Male,0,Yes,No,10,Yes,No,Fiber optic,Yes,No,Yes,Yes,Yes,No,Month-to-month,Yes,Electronic check,115.67,1144.0,No
6202-JMTSR,Female,0,Yes,Yes,10,Yes,Yes,DSL,Yes,No,Yes,Yes,No,No,Month-to-month,Yes,Mailed check,79.71,776.51,No
5296-XPLUE,Female,0,Yes,No,29,Yes,No,Fiber optic,No,No,No,Yes,No,No,Two year,Yes,Bank transfer (automatic),86.16,2514.29,No
9460-BNGTN,Female,0,Yes,No,27,Yes,No,DSL,No,No,No,No,No,No,One year,No,Mailed check,58.55,1563.95,Yes
7950-HUTVR,Male,0,No,No,67,Yes,No,Fiber optic,No,No,No,Yes,No,Yes,Month-to-month,Yes,Mailed check,110.88,7426.0,No
8103-LQSTL,Male,0,Yes,Yes,17,Yes,No,DSL,No,Yes,No,Yes,No,No,Month-to-month,Yes,Credit card (automatic),79.7,1337.13,No
7451-BCTAR,Male,1,Yes,No,30,Yes,No,Fiber optic,No,Yes,No,No,No,Yes,Month-to-month,No,Mailed check,99.27,3007.02,Yes
7489-NODIN,Female,0,No,No,21,Yes,No,No,No internet service,No internet service,No internet service,No internet service,No internet service,No internet service,One year,No,Electronic check,40.53,860.92,No
8367-GXZPM,Female,0,No,No,18,No,No phone service,No,No internet service,No internet service,No internet service,No internet service,No internet service,No internet service,Two year,Yes,Mailed check,21.24,362.43,No
8115-UQORV,Female,0,No,No,23,Yes,No,Fiber optic,Yes,No,No,No,No,Yes,Month-to-month,Yes,Credit card (automatic),107.53,2473.31,Yes
4442-MOPFM,Male,0,No,No,18,Yes,No,DSL,No,No,Yes,No,Yes,Yes,Month-to-month,Yes,Electronic check,88.21,1588.27,Yes
7394-YADLJ,Male,1,No,Yes,52,Yes,No,Fiber optic,No,No,No,No,No,No,One year,No,Electronic check,87.55,4554.74,No
8469-OLCAV,Female,0,No,No,57,Yes,No,Fiber optic,No,Yes,No,No,No,Yes,Month-to-month,No,Electronic check,98.41,5597.0,No
6120-WLFPY,Female,1,No,No,12,Yes,Yes,DSL,No,Yes,Yes,No,Yes,Yes,Month-to-month,No,Mailed check,93.19,1104.81,No
2022-PHPNJ,Female,0,Yes,Yes,36,Yes,No,No,No internet service,No internet service,No internet service,No internet service,No internet service,No internet service,One year,Yes,Mailed check,34.36,1266.54,No
3767-OOGIA,Female,0,No,Yes,19,Yes,Yes,DSL,No,No,No,No,Yes,No,One year,Yes,Electronic check,70.27,1317.2,Yes
4253-TVYPC,Male,1,No,Yes,63,No,No phone service,Fiber optic,No,No,No,No,No,No,Month-to-month,Yes,Electronic check,65.42,4100.6,No
1890-PEGJJ,Male,0,No,Yes,7,Yes,No,Fiber optic,No,No,No,No,No,No,Two year,No,Electronic check,87.01,572.55,Yes
6659-HQBUZ,Male,0,Yes,No,29,Yes,Yes,No,No internet service,No internet service,No internet service,No internet service,No internet service,No internet service,Month-to-month,Yes,Mailed check,40.46,1168.27,No
2172-OWOXP,Female,0,No,No,24,Yes,No,No,No internet service,No internet service,No internet service,No internet service,No internet service,No internet service,Month-to-month,Yes,Mailed check,36.65,853.81,No
1386-CTKWY,Female,0,Yes,No,26,Yes,Yes,DSL,No,No,Yes,Yes,No,No,One year,Yes,Bank transfer (automatic),69.59,1853.3,No
2719-OSKWF,Male,0,No,No,68,Yes,No,Fiber optic,No,No,No,No,No,No,One year,No,Bank transfer (automatic),86.84,5877.89,No
3585-GEUVQ,Female,0,Yes,No,39,Yes,Yes,No,No internet service,No internet service,No internet service,No internet service,No internet service,No internet service,One year,No,Credit card (automatic),43.74,1690.48,No
2817-IDXNA,Female,0,No,No,27,No,No phone service,Fiber optic,Yes,No,No,Yes,Yes,Yes,One year,Yes,Electronic check,94.25,2588.21,No
9348-TRNBX,Female,1,No,No,58,Yes,No,DSL,No,Yes,No,No,No,Yes,One year,Yes,Bank transfer (automatic),78.77,4590.25,No
1784-WCIZA,Female,0,Yes,No,56,Yes,Yes,Fiber optic,No,Yes,No,No,No,No,Two year,No,Electronic check,88.53,4921.12,No
4794-WAVHE,Male,0,Yes,No,10,Yes,No,No,No internet service,No internet service,No internet service,No internet service,No internet service,No internet service,One year,No,Bank transfer (automatic),37.39,374.11,No
9682-NNJXS,Male,0,Yes,No,33,Yes,Yes,DSL,Yes,Yes,No,No,No,No,Month-to-month,Yes,Credit card (automatic),76.99,2545.4,No
7444-WJQCY,Female,0,No,No,30,Yes,No,Fiber optic,Yes,No,No,No,No,Yes,Two year,No,Credit card (automatic),102.14,3044.46,No
4475-BGKBJ,Female,0,No,No,32,Yes,Yes,Fiber optic,No,No,No,No,Yes,Yes,Month-to-month,No,Bank transfer (automatic),100.11,3215.78,Yes
5342-GUJXD,Male,0,No,No,25,Yes,No,Fiber optic,No,No,No,No,No,No,One year,Yes,Electronic check,85.72,2114.49,No
8042-NUIVP,Male,0,Yes,No,60,Yes,Yes,DSL,No,No,No,No,No,No,Month-to-month,Yes,Electronic check,66.57,3959.95,No
3404-LEAKN,Female,0,No,Yes,72,Yes,Yes,DSL,No,No,No,No,No,No,Month-to-month,Yes,Mailed check,66.97,4840.75,No
7402-OHVZH,Female,0,No,No,1,Yes,Yes,Fiber optic,No,No,No,No,No,No,One year,No,Mailed check,83.06,94.37,No
6832-TAWUR,Male,0,Yes,No,62,Yes,No,DSL,No,No,No,No,No,No,One year,No,Bank transfer (automatic),57.69,3613.47,No
2285-COKBK,Female,0,Yes,No,63,Yes,Yes,DSL,No,No,No,No,Yes,No,Month-to-month,Yes,Electronic check,66.39,4180.27,No
2088-GPIBS,Male,0,Yes,No,26,No,No phone service,Fiber optic,Yes,Yes,No,No,Yes,Yes,Month-to-month,Yes,Electronic check,98.74,2598.25,No
1061-JBFVU,Male,0,Yes,Yes,35,Yes,No,DSL,No,No,Yes,No,No,No,Two year,No,Bank transfer (automatic),68.39,2382.26,No
6321-KJLOC,Female,0,Yes,No,7,Yes,Yes,Fiber optic,No,No,No,No,No,No,Two year,No,Bank transfer (automatic),83.42,606.72,No
4613-UMCLO,Male,0,Yes,No,25,Yes,No,No,No internet service,No internet service,No internet service,No internet service,No internet service,No internet service,Month-to-month,Yes,Mailed check,37.88,984.13,No
6790-TEDOH,Female,0,Yes,No,17,Yes,Yes,Fiber optic,Yes,No,Yes,No,Yes,No,Month-to-month,Yes,Bank transfer (automatic),101.21,1702.08,Yes
9745-ZOLNP,Male,1,Yes,No,66,Yes,Yes,DSL,Yes,Yes,Yes,No,No,No,Month-to-month,Yes,Mailed check,81.16,5320.57,No
9282-WAXFI,Female,0,Yes,Yes,7,Yes,No,DSL,No,Yes,No,No,No,Yes,Month-to-month,Yes,Credit card (automatic),81.17,572.43,Yes
5225-VYIQV,Male,0,No,Yes,24,Yes,No,Fiber optic,Yes,No,No,No,Yes,No,Month-to-month,No,Credit card (automatic),102.11,2454.38,No
9867-UZPBQ,Female,0,No,No,35,Yes,No,Fiber optic,No,No,No,No,Yes,No,Two year,No,Bank transfer (automatic),89.78,3138.94,No
7194-OGCBL,Male,0,Yes,Yes,71,Yes,No,No,No internet service,No internet service,No internet service,No internet service,No internet service,No internet service,Month-to-month,Yes,Credit card (automatic),33.99,2432.45,No
5056-DKBGM,Female,0,No,No,59,Yes,Yes,Fiber optic,No,Yes,No,No,Yes,No,Month-to-month,No,Electronic check,97.88,5752.26,Yes
3044-GBJXQ,Male,0,No,No,68,Yes,No,Fiber optic,No,No,No,No,No,No,Month-to-month,Yes,Electronic check,85.47,5809.34,Yes
2333-MXONR,Male,0,Yes,No,22,Yes,No,Fiber optic,No,No,Yes,Yes,No,No,Month-to-month,No,Credit card (automatic),101.09,2208.33,No
9439-RRRVL,Male,0,Yes,No,19,Yes,No,Fiber optic,No,No,Yes,No,Yes,Yes,Month-to-month,No,Bank transfer (automatic),113.9,2196.52,Yes
1976-SMGQT,Female,0,Yes,Yes,41,Yes,No,DSL,No,No,No,No,No,Yes,Month-to-month,Yes,Mailed check,75.54,3112.45,No
2542-UNXUY,Male,0,No,No,24,Yes,Yes,Fiber optic,No,Yes,No,No,Yes,No,Month-to-month,No,Mailed check,98.1,2340.04,No
8836-NKNHJ,Female,0,Yes,No,1,Yes,No,DSL,No,No,Yes,No,No,No,One year,No,Electronic check,70.21,70.94,No
9124-UAHPQ,Female,0,Yes,Yes,59,Yes,No,Fiber optic,No,No,No,No,No,No,Month-to-month,Yes,Mailed check,76.17,4490.4,No
1258-OQHLG,Female,0,No,No,6,No,No phone service,Fiber optic,Yes,No,Yes,No,Yes,No,One year,Yes,Electronic check,83.77,476.08,No
4104-EXTCV,Female,1,No,No,14,Yes,Yes,No,No internet service,No internet service,No internet service,No internet service,No internet service,No internet service,Two year,Yes,Electronic check,36.56,543.46,No
6783-EDXHF,Male,0,Yes,Yes,68,Yes,No,DSL,No,No,No,No,No,Yes,Month-to-month,No,Bank transfer (automatic),78.67,5340.82,No
3311-CNWOX,Female,0,No,Yes,53,Yes,No,No,No internet service,No internet service,No internet service,No internet service,No internet service,No internet service,Month-to-month,Yes,Bank transfer (automatic),40.3,2197.5,No
9221-EMEQH,Female,0,No,No,46,No,No phone service,Fiber optic,No,Yes,No,No,No,No,Two year,Yes,Bank transfer (automatic),74.65,3434.48,No
1461-BNKVS,Male,0,No,No,9,Yes,Yes,Fiber optic,No,No,No,No,No,No,Month-to-month,Yes,Mailed check,88.99,825.77,Yes
9661-CTHSJ,Male,1,No,No,18,Yes,Yes,Fiber optic,No,No,No,No,No,No,Month-to-month,Yes,Credit card (automatic),82.57,1486.75,No
8131-YETDJ,Female,0,No,No,15,Yes,No,No,No internet service,No internet service,No internet service,No internet service,No internet service,No internet service,Two year,Yes,Mailed check,40.37,611.62,No
6689-FWWTH,Male,0,Yes,No,46,Yes,No,Fiber optic,No,Yes,Yes,Yes,No,No,One year,Yes,Electronic check,99.21,4555.26,No
8938-QSRCU,Female,0,Yes,Yes,36,Yes,No,DSL,Yes,No,Yes,Yes,No,Yes,Two year,No,Bank transfer (automatic),101.11,3603.96,No
9224-QJKUD,Male,1,No,No,26,Yes,No,Fiber optic,No,No,Yes,No,No,Yes,Month-to-month,Yes,Mailed check,94.63,2493.72,Yes
8189-FNPYM,Male,0,Yes,No,54,Yes,Yes,No,No internet service,No internet service,No internet service,No internet service,No internet service,No internet service,Month-to-month,No,Bank transfer (automatic),44.62,2397.2,Yes
6298-JVNDW,Female,0,No,No,56,Yes,Yes,Fiber optic,No,No,No,Yes,No,Yes,Month-to-month,Yes,Mailed check,104.03,5854.93,No
9750-BKDNA,Male,0,Yes,No,53,Yes,Yes,No,No internet service,No internet service,No internet service,No internet service,No internet service,No internet service,Month-to-month,Yes,Credit card (automatic),37.78,2044.14,No
2777-IBEPH,Female,0,No,No,7,Yes,No,No,No internet service,No internet service,No internet service,No internet service,No internet service,No internet service,Month-to-month,No,Mailed check,36.99,245.75,No
5903-BWIDK,Female,0,Yes,Yes,44,Yes,No,DSL,No,No,Yes,No,No,Yes,Month-to-month,Yes,Electronic check,75.04,3284.83,Yes
4267-YFODV,Male,0,Yes,No,15,Yes,Yes,No,No internet service,No internet service,No internet service,No internet service,No internet service,No internet service,Month-to-month,Yes,Bank transfer (automatic),37.82,555.62,No
8621-QNLZX,Male,0,No,Yes,19,Yes,No,Fiber optic,No,No,No,No,No,No,Month-to-month,Yes,Bank transfer (automatic),85.78,1591.59,Yes
6588-UQAOF,Female,0,Yes,No,71,Yes,No,DSL,No,No,No,Yes,Yes,No,Month-to-month,Yes,Mailed check,80.09,5693.27,No
6218-ZKUZK,Female,1,No,Yes,30,No,No phone service,Fiber optic,No,Yes,No,No,Yes,Yes,Month-to-month,Yes,Electronic check,87.84,2661.07,Yes
7435-PGUJK,Male,0,No,No,57,Yes,No,No,No internet service,No internet service,No internet service,No internet service,No internet service,No internet service,One year,No,Mailed check,39.25,2218.29,No
1828-BHQYD,Female,0,No,Yes,17,Yes,No,Fiber optic,Yes,No,Yes,Yes,No,No,Month-to-month,Yes,Bank transfer (automatic),99.91,1707.83,Yes
4219-GNNWU,Male,1,No,No,70,Yes,No,DSL,Yes,No,No,No,Yes,Yes,Two year,No,Bank transfer (automatic),91.26,6383.64,No
5153-FPFZL,Male,0,No,Yes,20,No,No phone service,Fiber optic,Yes,No,No,Yes,No,No,Month-to-month,Yes,Mailed check,76.92,1533.97,Yes
4839-DRGHH,Female,1,No,No,13,Yes,No,Fiber optic,No,No,Yes,Yes,Yes,No,Month-to-month,Yes,Mailed check,105.06,1365.37,Yes
3150-UWRYJ,Male,0,Yes,No,23,Yes,No,Fiber optic,No,No,No,No,No,Yes,Two year,No,Credit card (automatic),94.09,2170.68,Yes
8981-YCHNN,Female,1,No,No,12,Yes,No,Fiber optic,Yes,No,No,No,No,Yes,Two year,No,Electronic check,93.34,1107.29,No
6432-QDYAW,Female,0,No,No,43,Yes,No,Fiber optic,Yes,No,No,Yes,No,Yes,Month-to-month,Yes,Mailed check,106.51,4580.14,No
5503-JLNAL,Female,0,Yes,No,10,Yes,No,Fiber optic,Yes,No,No,Yes,Yes,Yes,Month-to-month,Yes,Bank transfer (automatic),114.32,1131.14,Yes
9695-HIMYC,Female,0,No,No,15,Yes,Yes,DSL,No,Yes,No,No,No,No,Two year,Yes,Mailed check,67.48,1014.73,No
3678-BCBID,Male,0,Yes,No,51,Yes,No,No,No internet service,No internet service,No internet service,No internet service,No internet service,No internet service,Month-to-month,No,Mailed check,44.6,2256.2,No
7978-HLQIV,Male,1,No,Yes,3,Yes,Yes,DSL,No,No,No,No,Yes,Yes,Month-to-month,No,Electronic check,82.5,265.66,Yes
6904-URIPB,Female,0,Yes,No,32,Yes,Yes,Fiber optic,No,No,No,No,Yes,Yes,Month-to-month,No,Mailed check,106.36,3396.52,Yes
2694-BBUFW,Female,0,No,No,50,Yes,No,No,No internet service,No internet service,No internet service,No internet service,No internet service,No internet service,Month-to-month,Yes,Credit card (automatic),38.41,1895.48,No
9558-YPZCW,Male,0,Yes,No,32,Yes,Yes,Fiber optic,No,No,No,No,Yes,No,Two year,Yes,Credit card (automatic),87.09,2782.56,No
2001-JIMRV,Female,0,No,No,1,No,No phone service,Fiber optic,No,Yes,No,No,No,Yes,One year,No,Bank transfer (automatic),81.52,80.02,No
6323-XPJOQ,Male,0,Yes,No,11,Yes,No,DSL,Yes,No,No,No,Yes,Yes,Month-to-month,No,Mailed check,86.11,937.4,Yes
5431-EHAPJ,Female,0,No,No,70,Yes,No,Fiber optic,No,No,No,No,Yes,Yes,Month-to-month,No,Credit card (automatic),102.77,7161.64,Yes
8078-XZRYX,Male,0,No,No,56,Yes,Yes,Fiber optic,No,No,Yes,No,Yes,No,Month-to-month,Yes,Credit card (automatic),91.75,5135.38,No
9577-JHBOJ,Female,1,No,No,25,No,No phone service,No,No internet service,No internet service,No internet service,No internet service,No internet service,No internet service,One year,Yes,Electronic check,21.72,546.23,No
8575-LFRGZ,Male,0,Yes,Yes,63,Yes,No,Fiber optic,No,No,No,Yes,No,No,Two year,No,Mailed check,87.78,5538.57,No
6041-IPTJX,Male,0,Yes,No,0,Yes,No,DSL,No,Yes,Yes,No,Yes,No,Month-to-month,No,Credit card (automatic),81.63, ,Yes
1909-GEULY,Female,0,Yes,No,3,Yes,No,DSL,Yes,No,Yes,Yes,Yes,Yes,Two year,No,Credit card (automatic),95.89,297.67,No
3345-URKXP,Male,0,No,Yes,64,Yes,Yes,No,No internet service,No internet service,No internet service,No internet service,No internet service,No internet service,Month-to-month,No,Credit card (automatic),34.11,2189.61,No
5142-TXVDS,Male,0,Yes,No,49,Yes,No,Fiber optic,No,Yes,Yes,No,Yes,Yes,One year,Yes,Credit card (automatic),112.3,5514.06,Yes
5858-ZXWDF,Female,0,No,No,43,Yes,Yes,DSL,No,No,No,No,No,No,Month-to-month,Yes,Electronic check,62.06,2657.23,Yes
9000-ZTSNX,Male,0,Yes,No,25,Yes,No,Fiber optic,No,Yes,No,Yes,No,No,Month-to-month,Yes,Bank transfer (automatic),94.3,2376.16,No
1763-MCXKZ,Male,0,No,No,59,Yes,Yes,DSL,No,No,No,No,No,Yes,Month-to-month,Yes,Electronic check,76.38,4504.87,No
1585-VFUUF,Male,0,Yes,No,44,Yes,Yes,DSL,No,No,No,No,No,No,Two year,No,Mailed check,66.31,2913.82,No
4667-DQUBS,Female,0,Yes,No,31,Yes,Yes,No,No internet service,No internet service,No internet service,No internet service,No internet service,No internet service,Month-to-month,Yes,Electronic check,45.66,1390.51,No
3527-QYLSB,Female,0,Yes,No,27,Yes,No,Fiber optic,No,No,No,No,No,Yes,Month-to-month,Yes,Mailed check,92.71,2512.0,No
1447-OQNSS,Female,0,Yes,No,25,Yes,No,DSL,No,No,No,No,No,Yes,Two year,Yes,Mailed check,78.3,1964.23,No
9672-CKKOK,Male,0,Yes,Yes,41,Yes,No,No,No internet service,No internet service,No internet service,No internet service,No internet service,No internet service,Two year,No,Bank transfer (automatic),37.57,1555.24,No
7718-MJAJP,Male,0,Yes,No,47,Yes,No,No,No internet service,No internet service,No internet service,No internet service,No internet service,No internet service,Month-to-month,No,Electronic check,38.65,1788.85,No
9887-FTXNQ,Male,0,No,No,58,No,No phone service,No,No internet service,No internet service,No internet service,No internet service,No internet service,No internet service,Month-to-month,Yes,Credit card (automatic),18.0,1058.37,No
2790-VRMRJ,Female,0,No,Yes,29,Yes,Yes,Fiber optic,Yes,Yes,No,Yes,Yes,No,Two year,No,Electronic check,111.41,3227.32,No
2738-GAKLX,Male,0,Yes,No,18,Yes,No,No,No internet service,No internet service,No internet service,No internet service,No internet service,No internet service,Month-to-month,No,Bank transfer (automatic),42.1,739.87,No
4822-YDYKT,Male,0,No,No,40,Yes,Yes,DSL,No,Yes,No,No,No,No,Month-to-month,No,Credit card (automatic),69.83,2783.95,No
3139-EOSGI,Female,1,Yes,No,42,Yes,No,No,No internet service,No internet service,No internet service,No internet service,No internet service,No internet service,Month-to-month,Yes,Credit card (automatic),35.09,1457.45,Yes
4818-LZLTG,Female,0,Yes,No,20,No,No phone service,Fiber optic,No,No,No,Yes,Yes,No,Month-to-month,Yes,Mailed check,85.3,1712.58,No
7096-FSCHL,Female,0,Yes,No,5,No,No phone service,DSL,No,No,Yes,No,No,Yes,One year,No,Electronic check,63.35,308.04,No
9370-PFWUA,Male,0,Yes,No,24,Yes,No,DSL,Yes,No,No,No,Yes,Yes,Two year,Yes,Electronic check,84.21,2019.39,No
2199-BGTEU,Female,0,Yes,No,5,Yes,Yes,DSL,No,No,Yes,No,No,Yes,Month-to-month,Yes,Bank transfer (automatic),78.42,382.76,Yes
4638-AOTJO,Female,0,No,No,5,Yes,Yes,Fiber optic,Yes,Yes,No,No,No,Yes,Two year,Yes,Electronic check,111.99,557.42,No
8297-IJQYH,Male,1,No,No,70,Yes,No,No,No internet service,No internet service,No internet service,No internet service,No internet service,No internet service,One year,Yes,Electronic check,36.19,2510.57,No
2979-LBMIH,Female,0,No,No,57,Yes,No,DSL,No,No,No,Yes,No,Yes,One year,Yes,Mailed check,73.12,4127.65,No
3484-IIXDK,Female,0,No,Yes,2,Yes,No,No,No internet service,No internet service,No internet service,No internet service,No internet service,No internet service,Month-to-month,Yes,Electronic check,47.87,148.93,No
4173-HENND,Male,0,Yes,No,25,Yes,No,Fiber optic,No,Yes,Yes,No,Yes,Yes,Month-to-month,Yes,Credit card (automatic),116.17,2904.99,No
9881-OTVGM,Female,0,No,No,18,Yes,No,DSL,No,No,Yes,No,Yes,No,One year,No,Mailed check,73.45,1381.12,No
8226-AHXRT,Female,0,Yes,No,71,Yes,Yes,Fiber optic,Yes,Yes,No,No,Yes,No,One year,No,Credit card (automatic),99.51,7063.69,No
5489-ZRUOW,Female,0,Yes,No,31,Yes,No,DSL,No,No,No,No,No,No,Month-to-month,Yes,Mailed check,65.43,2027.71,No
7267-XBGKZ,Female,0,Yes,No,18,Yes,No,DSL,No,No,No,No,Yes,No,Month-to-month,No,Credit card (automatic),75.1,1345.9,No
3486-GPZZU,Female,1,Yes,No,46,Yes,Yes,Fiber optic,No,No,No,No,No,No,Month-to-month,Yes,Credit card (automatic),84.63,3904.16,No
8253-TKFQH,Female,0,No,Yes,34,Yes,No,No,No internet service,No internet service,No internet service,No internet service,No internet service,No internet service,Month-to-month,No,Mailed check,33.19,1130.37,No
9186-EWHPX,Male,1,Yes,No,13,Yes,Yes,DSL,No,Yes,Yes,Yes,No,No,Month-to-month,Yes,Electronic check,70.98,895.75,Yes
2907-LOYAP,Female,0,Yes,No,22,Yes,No,Fiber optic,Yes,No,Yes,No,Yes,No,Month-to-month,No,Electronic check,102.56,2235.08,No
9794-AJIBI,Female,0,No,Yes,9,Yes,No,Fiber optic,No,Yes,No,Yes,Yes,Yes,Month-to-month,Yes,Credit card (automatic),112.42,987.36,Yes
5359-LORLG,Female,0,No,No,50,Yes,No,Fiber optic,Yes,No,No,No,No,Yes,Two year,Yes,Mailed check,104.83,5243.51,No
9229-KYZQJ,Male,0,No,No,70,Yes,No,No,No internet service,No internet service,No internet service,No internet service,No internet service,No internet service,Two year,No,Electronic check,38.34,2686.72,No
9798-NJNSF,Male,1,No,No,59,Yes,No,Fiber optic,No,No,No,No,No,No,Month-to-month,No,Mailed check,82.67,4879.51,No
2777-MQFCC,Female,0,No,No,27,Yes,Yes,No,No internet service,No internet service,No internet service,No internet service,No internet service,No internet service,Month-to-month,Yes,Credit card (automatic),37.98,1010.9,No
1425-VPSNH,Female,1,Yes,Yes,35,Yes,No,Fiber optic,No,Yes,No,Yes,Yes,No,Month-to-month,Yes,Credit card (automatic),104.54,3634.41,Yes
4724-DJZYX,Female,0,Yes,No,4,No,No phone service,DSL,Yes,Yes,Yes,No,Yes,Yes,Month-to-month,No,Electronic check,80.4,344.11,Yes
7550-JTQTH,Male,0,Yes,No,26,Yes,Yes,Fiber optic,Yes,Yes,Yes,Yes,No,No,Two year,No,Mailed check,105.94,2758.23,No
8288-JQOHG,Male,0,Yes,No,2,Yes,No,DSL,No,No,No,Yes,No,No,Month-to-month,No,Credit card (automatic),62.05,135.38,Yes
5143-CASXE,Female,0,No,No,54,Yes,No,Fiber optic,No,Yes,No,Yes,Yes,Yes,Two year,Yes,Bank transfer (automatic),117.0,6336.82,No
1187-HTYJP,Male,1,No,No,66,Yes,No,DSL,Yes,Yes,No,No,No,Yes,Month-to-month,No,Bank transfer (automatic),88.51,5800.38,No
9695-FEHTF,Female,0,No,Yes,13,Yes,Yes,DSL,No,Yes,No,No,Yes,No,Two year,No,Credit card (automatic),79.66,1036.49,No
1407-WUUQO,Male,0,No,No,49,Yes,Yes,No,No internet service,No internet service,No internet service,No internet service,No internet service,No internet service,Two year,No,Credit card (automatic),42.99,2128.53,No
2960-DQTVW,Male,0,No,No,43,No,No phone service,No,No internet service,No internet service,No internet service,No internet service,No internet service,No internet service,One year,Yes,Bank transfer (automatic),19.6,817.75,No
7299-NLFHS,Female,0,No,No,30,Yes,No,Fiber optic,No,Yes,Yes,No,Yes,Yes,Two year,Yes,Mailed check,113.81,3391.32,No
6464-IJXKV,Male,0,No,No,53,Yes,Yes,Fiber optic,Yes,No,No,No,No,Yes,Month-to-month,Yes,Credit card (automatic),94.75,4998.34,No
4957-KPBIY,Female,0,Yes,Yes,49,Yes,Yes,No,No internet service,No internet service,No internet service,No internet service,No internet service,No internet service,Month-to-month,No,Bank transfer (automatic),37.58,1810.44,No
8199-YVMXA,Female,0,Yes,No,19,Yes,Yes,DSL,Yes,No,Yes,No,No,No,Month-to-month,Yes,Electronic check,69.18,1325.52,No
3165-SEHFT,Female,0,No,No,58,Yes,No,Fiber optic,No,Yes,Yes,Yes,No,No,Two year,No,Mailed check,101.05,5864.22,No
8098-AFQXY,Male,0,Yes,No,47,Yes,No,DSL,No,No,No,No,No,Yes,Two year,Yes,Bank transfer (automatic),71.51,3335.49,No
8280-NBYTS,Male,0,No,No,22,Yes,No,No,No internet service,No internet service,No internet service,No internet service,No internet service,No internet service,Month-to-month,No,Credit card (automatic),36.56,767.11,No
8700-PTVVX,Female,0,Yes,No,53,No,No phone service,DSL,Yes,No,No,No,Yes,Yes,One year,Yes,Mailed check,72.86,3843.86,No
2726-WMXZB,Male,0,No,Yes,46,Yes,No,No,No internet service,No internet service,No internet service,No internet service,No internet service,No internet service,Month-to-month,No,Electronic check,35.98,1675.96,No
8908-FXGRY,Male,1,Yes,No,8,Yes,No,DSL,No,No,No,No,No,No,Month-to-month,No,Electronic check,57.82,438.34,Yes
1832-XVVXU,Male,0,Yes,No,12,Yes,Yes,Fiber optic,No,No,No,No,No,No,One year,No,Credit card (automatic),85.63,991.73,No
3499-LOCWR,Female,0,No,No,23,Yes,No,No,No internet service,No internet service,No internet service,No internet service,No internet service,No internet service,Month-to-month,Yes,Mailed check,43.24,990.42,No
9400-NAKFJ,Male,0,Yes,No,3,Yes,No,DSL,No,No,No,Yes,No,No,Month-to-month,Yes,Electronic check,68.35,179.28,Yes
6187-EQKVY,Male,0,No,No,29,Yes,No,No,No internet service,No internet service,No internet service,No internet service,No internet service,No internet service,Two year,No,Mailed check,43.87,1304.34,No
4220-FAPLQ,Female,0,Yes,No,33,Yes,No,DSL,No,No,No,No,Yes,No,Month-to-month,No,Electronic check,78.07,2577.4,No
3378-JYHOE,Male,0,Yes,No,56,Yes,Yes,Fiber optic,Yes,No,No,No,Yes,No,Month-to-month,Yes,Electronic check,99.12,5541.12,No
1781-KCNDA,Female,0,Yes,No,12,Yes,No,Fiber optic,No,No,No,No,No,Yes,Month-to-month,Yes,Mailed check,93.99,1118.59,No
6602-YZAPB,Female,0,No,Yes,41,No,No phone service,DSL,No,Yes,Yes,No,No,No,Month-to-month,Yes,Bank transfer (automatic),60.04,2447.68,No
6689-RDUWL,Female,0,No,No,48,Yes,Yes,Fiber optic,Yes,Yes,No,Yes,No,No,One year,No,Bank transfer (automatic),103.04,4933.93,No
5757-IZSLW,Female,0,Yes,No,32,Yes,No,Fiber optic,No,No,No,No,Yes,No,Two year,No,Electronic check,96.0,3118.2,No
8379-IZPBX,Male,0,Yes,Yes,66,No,No phone service,Fiber optic,Yes,No,Yes,Yes,No,No,Month-to-month,Yes,Bank transfer (automatic),80.08,5302.36,No
3610-RUCVE,Male,0,No,Yes,23,Yes,No,Fiber optic,No,No,Yes,Yes,Yes,No,Two year,No,Bank transfer (automatic),103.85,2382.03,No
2659-UNMOG,Male,0,No,No,29,Yes,Yes,Fiber optic,No,No,No,No,Yes,No,Two year,No,Electronic check,88.08,2556.47,No
9997-CECAN,Male,0,Yes,No,0,Yes,No,DSL,No,No,No,Yes,No,No,Two year,No,Electronic check,73.11, ,No
2001-TZKEK,Female,0,Yes,Yes,29,Yes,No,DSL,No,No,No,No,No,Yes,One year,No,Bank transfer (automatic),73.7,2155.15,Yes
4617-ASJTE,Female,0,Yes,Yes,1,Yes,Yes,No,No internet service,No internet service,No internet service,No internet service,No internet service,No internet service,Month-to-month,Yes,Mailed check,36.82,0.0,No
1209-KMBOO,Female,0,Yes,No,71,Yes,Yes,Fiber optic,No,No,No,No,Yes,No,Two year,No,Mailed check,96.71,6851.99,No
9842-PEVYE,Female,0,No,No,17,Yes,No,DSL,Yes,No,Yes,No,No,Yes,Month-to-month,No,Bank transfer (automatic),88.13,1473.71,No
4082-PBVSX,Female,0,No,No,59,Yes,Yes,DSL,No,No,Yes,No,Yes,Yes,Month-to-month,No,Credit card (automatic),90.9,5377.73,No
7815-ESQHD,Male,0,No,No,8,Yes,Yes,Fiber optic,Yes,No,No,No,No,No,Month-to-month,Yes,Electronic check,91.68,729.74,Yes
9119-FDSUV,Male,1,No,No,20,Yes,Yes,Fiber optic,Yes,No,No,No,No,No,Month-to-month,No,Mailed check,91.61,1793.45,Yes
5652-JSUER,Female,0,Yes,Yes,8,Yes,No,DSL,No,No,No,No,No,Yes,Month-to-month,Yes,Electronic check,69.02,545.92,Yes
2857-JXHTS,Male,0,No,No,26,No,No phone service,No,No internet service,No internet service,No internet service,No internet service,No internet service,No internet service,Two year,Yes,Electronic check,24.71,638.01,No
2931-VRCVM,Female,0,Yes,No,43,Yes,No,No,No internet service,No internet service,No internet service,No internet service,No internet service,No internet service,Month-to-month,Yes,Bank transfer (automatic),44.79,1951.22,No
5831-HECAE,Female,0,Yes,No,30,Yes,No,No,No internet service,No internet service,No internet service,No internet service,No internet service,No internet service,Month-to-month,No,Bank transfer (automatic),38.32,1150.79,No
3081-VERRZ,Female,0,No,No,44,Yes,No,Fiber optic,No,No,No,Yes,Yes,No,Two year,Yes,Credit card (automatic),99.78,4384.96,No
9593-IGXIC,Female,0,Yes,No,58,Yes,Yes,Fiber optic,Yes,No,No,No,Yes,Yes,Month-to-month,No,Mailed check,110.92,6429.91,No
9972-WWBGE,Female,1,No,No,3,Yes,Yes,DSL,No,Yes,Yes,No,No,Yes,Month-to-month,No,Mailed check,86.27,208.41,Yes
4965-UTYNP,Female,0,No,Yes,30,Yes,Yes,Fiber optic,No,No,Yes,No,Yes,No,Two year,No,Electronic check,103.43,3081.84,No
8530-WYDBW,Female,0,No,No,43,Yes,No,Fiber optic,No,Yes,No,No,Yes,Yes,Two year,No,Credit card (automatic),105.73,4502.27,No
7466-HXYYL,Male,0,No,No,38,No,No phone service,DSL,No,Yes,No,No,No,No,One year,Yes,Bank transfer (automatic),54.38,2102.13,No
7342-UDSGA,Male,0,Yes,No,10,Yes,Yes,Fiber optic,No,No,No,Yes,No,No,Month-to-month,Yes,Credit card (automatic),91.16,897.25,Yes
9153-FMOSF,Female,1,Yes,No,15,Yes,Yes,Fiber optic,No,No,No,No,No,No,Month-to-month,Yes,Bank transfer (automatic),86.76,1309.68,No
4330-UUVNA,Female,0,No,Yes,27,Yes,No,Fiber optic,No,Yes,No,No,No,No,Two year,No,Electronic check,88.2,2356.24,No
9050-PKZXN,Female,0,No,No,47,Yes,Yes,DSL,Yes,Yes,No,No,No,No,Two year,No,Mailed check,74.86,3505.82,No
7005-WCCDS,Female,0,No,Yes,72,Yes,No,No,No internet service,No internet service,No internet service,No internet service,No internet service,No internet service,Month-to-month,Yes,Credit card (automatic),37.93,2719.49,No
6870-FQHRM,Female,0,Yes,Yes,26,Yes,No,Fiber optic,Yes,No,No,No,Yes,No,Two year,No,Electronic check,91.37,2381.29,No
5283-YURUY,Female,0,Yes,No,38,Yes,No,Fiber optic,No,No,No,No,Yes,Yes,One year,No,Electronic check,104.11,3948.27,No
4623-TPTWW,Female,0,Yes,No,22,Yes,No,No,No internet service,No internet service,No internet service,No internet service,No internet service,No internet service,Month-to-month,No,Bank transfer (automatic),34.62,743.63,No
5854-IGUOV,Male,1,No,No,2,Yes,No,DSL,No,No,No,No,Yes,No,Month-to-month,Yes,Mailed check,73.95,101.79,No
5200-THREE,Male,0,No,No,29,No,No phone service,No,No internet service,No internet service,No internet service,No internet service,No internet service,No internet service,Month-to-month,No,Electronic check,21.98,677.01,No
8623-YLHWK,Male,0,No,Yes,25,Yes,Yes,No,No internet service,No internet service,No internet service,No internet service,No internet service,No internet service,Two year,Yes,Electronic check,39.77,978.76,No
7130-BVATE,Male,0,Yes,Yes,10,Yes,No,No,No internet service,No internet service,No internet service,No internet service,No internet service,No internet service,Month-to-month,Yes,Electronic check,30.21,289.21,No
9237-QNHGW,Female,0,No,Yes,48,Yes,Yes,Fiber optic,No,No,Yes,No,No,No,One year,Yes,Mailed check,90.25,4315.31,No
4404-ACFYC,Male,0,Yes,No,18,Yes,No,DSL,No,No,No,No,No,No,Month-to-month,Yes,Credit card (automatic),67.84,1244.08,No
7430-CAGCW,Male,0,Yes,Yes,16,Yes,No,DSL,No,No,No,No,No,Yes,Two year,Yes,Mailed check,77.51,1221.79,No
9348-WOIZB,Male,0,Yes,No,28,Yes,No,No,No internet service,No internet service,No internet service,No internet service,No internet service,No internet service,Month-to-month,Yes,Mailed check,40.62,1122.53,No
3958-RISWY,Female,0,No,No,70,Yes,Yes,DSL,No,Yes,No,Yes,No,No,Two year,Yes,Electronic check,75.41,5277.75,No
2070-XZGAX,Female,1,Yes,No,46,Yes,No,DSL,No,No,No,Yes,No,No,Month-to-month,Yes,Credit card (automatic),69.04,3195.11,No
9193-NHXUR,Male,0,Yes,No,31,Yes,No,No,No internet service,No internet service,No internet service,No internet service,No internet service,No internet service,Two year,Yes,Credit card (automatic),47.98,1482.01,No
5335-MXPJG,Female,0,No,Yes,59,Yes,Yes,Fiber optic,Yes,No,Yes,No,No,Yes,One year,No,Bank transfer (automatic),107.3,6326.62,No
5884-OTHVL,Female,0,No,No,1,Yes,Yes,DSL,No,No,Yes,No,Yes,No,Month-to-month,No,Mailed check,74.97,67.59,Yes
6915-HMLSW,Female,0,Yes,No,24,Yes,Yes,Fiber optic,No,No,Yes,No,Yes,No,Two year,Yes,Credit card (automatic),97.17,2317.63,No
5423-OSBPS,Female,0,Yes,Yes,39,Yes,No,DSL,No,Yes,No,No,Yes,No,Month-to-month,No,Mailed check,75.81,2988.53,No
3438-RCCFI,Female,0,No,No,35,Yes,No,Fiber optic,No,No,Yes,Yes,Yes,No,Two year,No,Mailed check,97.96,3407.33,No
7927-GOLCJ,Male,0,No,Yes,49,Yes,Yes,DSL,No,No,No,No,Yes,No,Month-to-month,Yes,Electronic check,69.76,3421.2,No
7466-VOKHD,Female,1,No,No,51,Yes,No,Fiber optic,No,No,No,Yes,Yes,No,One year,No,Electronic check,109.68,5577.4,No
1315-HRDMI,Male,0,Yes,No,33,Yes,No,DSL,No,No,Yes,No,No,No,Two year,Yes,Mailed check,64.32,2129.49,No
4126-WINNJ,Male,0,No,Yes,67,Yes,Yes,Fiber optic,No,No,Yes,No,No,Yes,Two year,Yes,Mailed check,102.69,6874.07,No
6769-XLLWT,Female,0,No,No,67,No,No phone service,Fiber optic,No,No,No,No,Yes,Yes,Month-to-month,No,Electronic check,91.3,6116.99,Yes
5085-FTJQN,Female,1,Yes,No,34,Yes,No,DSL,No,Yes,No,No,Yes,No,Month-to-month,No,Mailed check,78.27,2657.94,Yes
5982-NRUUP,Female,0,Yes,No,65,Yes,No,No,No internet service,No internet service,No internet service,No internet service,No internet service,No internet service,Two year,Yes,Bank transfer (automatic),41.61,2677.57,No
2440-XOXYL,Male,1,No,No,46,Yes,Yes,No,No internet service,No internet service,No internet service,No internet service,No internet service,No internet service,Month-to-month,No,Bank transfer (automatic),42.27,1938.15,No
4490-RDUVJ,Male,1,Yes,No,10,No,No phone service,Fiber optic,No,No,No,No,Yes,No,Two year,No,Bank transfer (automatic),77.69,735.5,No
4205-HGWXP,Male,0,No,Yes,8,Yes,No,No,No internet service,No internet service,No internet service,No internet service,No internet service,No internet service,Month-to-month,No,Credit card (automatic),37.98,303.24,Yes
4565-ECPMF,Female,0,No,Yes,5,Yes,Yes,DSL,No,No,No,No,No,Yes,Month-to-month,Yes,Electronic check,72.58,347.72,No
1631-MGRAV,Female,0,Yes,No,15,Yes,Yes,Fiber optic,No,Yes,No,Yes,No,No,Two year,Yes,Credit card (automatic),95.87,1428.5,No
5743-KTCCU,Female,0,No,No,22,Yes,No,No,No internet service,No internet service,No internet service,No internet service,No internet service,No internet service,Month-to-month,Yes,Electronic check,37.22,814.33,No
4371-RUQDI,Female,0,Yes,No,5,Yes,Yes,Fiber optic,Yes,No,No,Yes,No,Yes,Month-to-month,Yes,Bank transfer (automatic),107.29,534.35,Yes
2366-BYPFU,Male,0,No,No,44,Yes,No,DSL,No,Yes,No,Yes,Yes,No,Month-to-month,No,Mailed check,77.59,3362.68,No
1749-HIRSD,Male,0,No,No,30,Yes,Yes,No,No internet service,No internet service,No internet service,No internet service,No internet service,No internet service,Two year,Yes,Mailed check,36.88,1093.81,No
2626-SXWNK,Male,0,No,No,43,No,No phone service,DSL,No,No,No,No,Yes,No,One year,No,Credit card (automatic),57.71,2481.72,No
4789-DQMEP,Male,1,Yes,No,36,Yes,Yes,DSL,Yes,No,No,Yes,No,Yes,Two year,Yes,Bank transfer (automatic),84.56,3070.63,No
8032-DKFWB,Male,0,No,No,19,Yes,No,Fiber optic,No,No,Yes,No,Yes,No,Month-to-month,Yes,Electronic check,97.48,1898.87,No
1679-WNJTO,Male,0,No,No,44,Yes,Yes,DSL,No,Yes,No,Yes,Yes,No,Month-to-month,Yes,Bank transfer (automatic),73.34,3261.76,No
7367-RGGVT,Male,1,No,No,69,Yes,Yes,DSL,No,Yes,No,Yes,No,Yes,Month-to-month,No,Mailed check,78.47,5394.78,Yes
8174-EIZJM,Female,0,No,No,23,Yes,Yes,Fiber optic,No,Yes,No,No,No,Yes,Month-to-month,Yes,Mailed check,97.54,2249.51,No
9165-MXOYH,Male,0,Yes,No,22,Yes,No,Fiber optic,No,No,No,No,No,No,Month-to-month,No,Electronic check,76.69,1704.84,Yes
9585-LGBWV,Male,0,No,No,37,Yes,Yes,Fiber optic,No,No,No,Yes,No,No,Month-to-month,Yes,Credit card (automatic),91.3,3386.85,Yes
4033-YDJYV,Male,1,Yes,Yes,58,Yes,Yes,Fiber optic,No,Yes,Yes,Yes,No,No,Month-to-month,No,Electronic check,99.84,5785.5,Yes
6871-QIHYF,Male,0,Yes,No,38,Yes,No,Fiber optic,No,Yes,Yes,No,No,Yes,One year,Yes,Credit card (automatic),105.38,4006.0,No
3579-OTGFR,Female,0,No,No,60,Yes,Yes,Fiber optic,No,Yes,Yes,No,Yes,Yes,Month-to-month,No,Credit card (automatic),116.78,7010.76,Yes
2118-GOWNW,Male,0,No,No,5,Yes,No,DSL,Yes,No,No,No,No,Yes,Month-to-month,Yes,Credit card (automatic),84.81,408.1,Yes
4976-MQPKJ,Male,0,No,Yes,7,Yes,No,DSL,No,No,No,No,Yes,No,Month-to-month,No,Bank transfer (automatic),75.57,530.76,Yes
6468-WUXWQ,Male,0,Yes,No,29,Yes,No,No,No internet service,No internet service,No internet service,No internet service,No internet service,No internet service,Month-to-month,No,Credit card (automatic),42.59,1206.95,No
1512-DTNDR,Female,0,Yes,No,16,Yes,Yes,Fiber optic,No,No,No,Yes,No,No,Two year,Yes,Electronic check,89.66,1478.87,Yes
1117-YXYIU,Female,1,No,No,1,Yes,No,DSL,Yes,Yes,Yes,Yes,No,No,Two year,Yes,Bank transfer (automatic),78.55,68.32,No
3770-ALKHY,Male,0,Yes,Yes,15,Yes,Yes,No,No internet service,No internet service,No internet service,No internet service,No internet service,No internet service,Two year,Yes,Bank transfer (automatic),41.13,625.43,No
4188-JXPYV,Male,1,No,No,19,Yes,Yes,Fiber optic,No,No,No,No,No,No,Month-to-month,Yes,Mailed check,83.37,1586.29,No
2143-FNFOY,Male,0,No,Yes,67,Yes,No,Fiber optic,Yes,No,No,No,No,Yes,Month-to-month,No,Mailed check,95.28,6384.05,No
6153-VBLHX,Male,1,Yes,No,57,Yes,Yes,DSL,Yes,Yes,No,No,No,Yes,Two year,Yes,Bank transfer (automatic),74.59,4261.7,No
8153-OZFGJ,Female,0,Yes,No,25,Yes,Yes,Fiber optic,Yes,Yes,No,Yes,No,Yes,Two year,Yes,Electronic check,104.9,2642.88,No
9482-VCOPA,Female,0,Yes,No,69,Yes,No,DSL,No,Yes,No,No,No,No,Month-to-month,Yes,Credit card (automatic),62.27,4296.65,No
3463-NKASE,Female,0,No,No,61,Yes,Yes,Fiber optic,Yes,No,No,No,No,No,Month-to-month,No,Mailed check,89.82,5493.36,No
7187-QLQHO,Male,0,No,No,18,Yes,Yes,Fiber optic,No,No,Yes,No,Yes,No,Two year,Yes,Bank transfer (automatic),98.52,1781.08,No
9684-QBKPA,Male,0,Yes,No,34,Yes,No,Fiber optic,No,No,No,No,No,Yes,Two year,Yes,Credit card (automatic),92.18,3106.61,No
6198-RMSZO,Male,0,Yes,No,67,Yes,No,DSL,No,No,No,No,No,No,Month-to-month,No,Credit card (automatic),62.12,4160.93,No
9243-PUEYG,Male,0,Yes,No,33,No,No phone service,DSL,No,Yes,No,No,Yes,No,Month-to-month,Yes,Bank transfer (automatic),50.6,1663.77,No
1204-OZHBF,Female,0,Yes,Yes,27,Yes,No,No,No internet service,No internet service,No internet service,No internet service,No internet service,No internet service,Two year,Yes,Credit card (automatic),37.01,1009.94,No
6181-UZQSC,Male,0,No,No,65,Yes,No,No,No internet service,No internet service,No internet service,No internet service,No internet service,No internet service,One year,Yes,Bank transfer (automatic),40.48,2643.61,No
8275-VENVT,Male,0,No,Yes,48,Yes,Yes,DSL,No,No,No,No,No,Yes,Month-to-month,No,Electronic check,75.67,3633.1,No
4968-OIMHS,Female,0,Yes,No,32,No,No phone service,Fiber optic,No,No,Yes,Yes,Yes,No,Month-to-month,Yes,Mailed check,90.12,2890.13,No
7884-MEQEO,Male,0,No,No,63,No,No phone service,Fiber optic,No,Yes,No,Yes,No,Yes,One year,No,Electronic check,82.25,5183.48,No
2586-SMURS,Male,0,Yes,No,54,Yes,Yes,No,No internet service,No internet service,No internet service,No internet service,No internet service,No internet service,One year,Yes,Bank transfer (automatic),32.92,1764.86,No
3878-XNYRC,Male,1,Yes,No,25,Yes,Yes,No,No internet service,No internet service,No internet service,No internet service,No internet service,No internet service,Two year,No,Electronic check,44.29,1130.79,No
3534-PBPVB,Male,0,No,Yes,30,Yes,Yes,Fiber optic,No,No,No,No,No,No,Month-to-month,No,Mailed check,80.5,2425.61,Yes
1428-JYGHK,Male,0,Yes,No,3,Yes,Yes,DSL,Yes,No,No,No,No,No,Month-to-month,No,Mailed check,68.36,242.19,Yes
2949-UQHOY,Male,0,Yes,No,7,Yes,No,Fiber optic,Yes,No,No,No,No,No,One year,Yes,Electronic check,90.01,625.41,No
9509-WMQFZ,Male,0,No,Yes,69,Yes,Yes,No,No internet service,No internet service,No internet service,No internet service,No internet service,No internet service,Month-to-month,Yes,Bank transfer (automatic),46.53,3198.08,No
7212-AYJGG,Male,0,No,No,3,Yes,No,Fiber optic,No,No,Yes,No,No,No,Month-to-month,Yes,Electronic check,90.42,228.16,No
2473-DJTON,Male,1,Yes,No,61,Yes,Yes,Fiber optic,Yes,No,No,No,No,No,Month-to-month,Yes,Credit card (automatic),87.71,5395.71,No
5250-XVKYY,Female,0,No,No,15,Yes,Yes,DSL,No,Yes,No,Yes,No,No,Month-to-month,No,Electronic check,81.45,1231.64,No
9035-QLJSQ,Male,0,Yes,Yes,39,Yes,Yes,DSL,Yes,Yes,No,No,No,Yes,Two year,No,Mailed check,89.13,3491.2,No
1293-XEBTL,Female,0,No,Yes,52,Yes,No,No,No internet service,No internet service,No internet service,No internet service,No internet service,No internet service,Month-to-month,No,Mailed check,43.94,2318.63,No
8019-BYQBA,Female,0,Yes,No,72,Yes,No,DSL,Yes,No,No,No,Yes,No,Two year,Yes,Bank transfer (automatic),81.25,5852.5,No
4857-NEFAF,Male,0,No,No,27,Yes,No,Fiber optic,No,No,No,No,Yes,Yes,One year,No,Electronic check,108.82,2923.62,No
4135-TREIB,Female,0,Yes,No,67,Yes,No,DSL,Yes,No,No,No,No,No,Month-to-month,No,Credit card (automatic),68.97,4638.77,No
9416-KTLGJ,Male,0,No,Yes,33,Yes,Yes,DSL,No,Yes,Yes,Yes,Yes,No,Two year,No,Electronic check,86.63,2853.9,No
9589-NSJDH,Male,1,No,No,63,Yes,Yes,Fiber optic,Yes,No,No,No,No,Yes,Month-to-month,No,Mailed check,93.5,5853.81,No
6965-NTAIA,Male,0,Yes,No,7,Yes,No,DSL,No,No,No,No,No,Yes,Two year,Yes,Mailed check,71.16,528.16,No
2822-WHRAI,Male,1,No,No,19,Yes,No,Fiber optic,No,Yes,Yes,No,Yes,No,Month-to-month,Yes,Electronic check,108.45,2038.31,No
3941-JQJAW,Male,0,Yes,No,45,Yes,Yes,DSL,No,Yes,No,No,Yes,Yes,Two year,Yes,Bank transfer (automatic),91.93,4121.77,No
6933-ZTHWS,Male,0,No,No,51,Yes,Yes,Fiber optic,No,No,No,No,No,No,Month-to-month,Yes,Electronic check,83.84,4291.12,No
3612-GATCY,Female,0,Yes,No,58,Yes,No,No,No internet service,No internet service,No internet service,No internet service,No internet service,No internet service,One year,Yes,Bank transfer (automatic),40.25,2293.96,No
3328-AWBJU,Male,0,Yes,No,26,Yes,Yes,Fiber optic,No,Yes,No,No,No,Yes,Month-to-month,Yes,Electronic check,97.78,2543.82,Yes
4457-LSOFK,Female,0,No,No,45,Yes,No,DSL,Yes,Yes,Yes,Yes,No,Yes,Month-to-month,No,Bank transfer (automatic),94.72,4267.09,No
4291-BVKID,Female,0,Yes,No,45,Yes,Yes,No,No internet service,No internet service,No internet service,No internet service,No internet service,No internet service,Month-to-month,No,Mailed check,32.87,1500.18,No
5189-IEEYW,Female,0,No,No,71,Yes,No,DSL,No,Yes,No,Yes,Yes,No,Month-to-month,No,Credit card (automatic),90.62,6445.76,No
6724-GCPCZ,Male,0,No,No,8,Yes,No,DSL,No,No,No,No,Yes,No,Month-to-month,Yes,Mailed check,75.73,620.02,No
6423-ZORMI,Female,0,Yes,Yes,1,No,No phone service,No,No internet service,No internet service,No internet service,No internet service,No internet service,No internet service,Month-to-month,Yes,Mailed check,20.1,37.71,Yes
1090-NXNSW,Female,1,Yes,No,41,Yes,No,DSL,No,No,Yes,Yes,Yes,No,One year,No,Mailed check,85.35,3528.34,No
4343-SOWRA,Female,1,No,Yes,1,Yes,Yes,Fiber optic,Yes,Yes,No,No,No,Yes,Month-to-month,No,Electronic check,102.14,92.57,Yes
1344-ZKRXY,Male,0,No,Yes,14,Yes,No,DSL,No,No,No,No,No,Yes,Month-to-month,No,Mailed check,76.73,1053.96,No
7623-UUSZB,Female,1,Yes,No,36,Yes,No,Fiber optic,No,Yes,No,No,No,No,Two year,No,Mailed check,87.22,3120.71,No
3487-DUFEM,Female,0,Yes,Yes,19,Yes,Yes,Fiber optic,No,No,No,No,Yes,No,One year,Yes,Electronic check,93.67,1791.84,No
2702-ULGOZ,Male,0,No,Yes,19,Yes,No,Fiber optic,No,Yes,No,No,Yes,No,Month-to-month,No,Bank transfer (automatic),100.83,1909.63,Yes
7671-RSTQX,Male,1,No,Yes,25,Yes,Yes,Fiber optic,No,No,No,No,No,Yes,Month-to-month,Yes,Mailed check,88.19,2192.31,No
3397-NSDML,Male,0,No,Yes,50,Yes,No,DSL,Yes,No,Yes,Yes,Yes,Yes,Month-to-month,Yes,Electronic check,102.94,5168.08,No
3758-NSZLB,Female,0,Yes,No,26,Yes,No,DSL,No,No,No,No,Yes,No,One year,Yes,Bank transfer (automatic),73.08,1911.14,Yes
9852-IKTIS,Male,0,No,No,57,Yes,No,No,No internet service,No internet service,No internet service,No internet service,No internet service,No internet service,Two year,No,Mailed check,33.87,1961.65,No
1088-VNYPO,Male,0,No,No,11,Yes,No,No,No internet service,No internet service,No internet service,No internet service,No internet service,No internet service,One year,Yes,Credit card (automatic),36.13,402.6,No
5442-WEZJD,Female,0,Yes,No,7,Yes,Yes,Fiber optic,No,Yes,Yes,Yes,No,No,Two year,Yes,Mailed check,98.65,701.23,No
2377-PXLEU,Male,0,Yes,No,12,Yes,No,Fiber optic,No,No,No,No,Yes,No,One year,No,Electronic check,89.1,1060.81,Yes
3672-FQWYL,Male,0,Yes,No,66,Yes,No,Fiber optic,No,No,No,Yes,No,No,Two year,Yes,Bank transfer (automatic),85.98,5632.04,No
9506-JMSXI,Female,0,No,No,20,Yes,Yes,Fiber optic,No,No,Yes,No,Yes,No,One year,No,Mailed check,96.13,1911.63,Yes
3184-XDWMA,Female,0,Yes,No,2,Yes,No,Fiber optic,Yes,No,Yes,Yes,Yes,Yes,One year,No,Credit card (automatic),120.0,225.08,No
7604-ELTLO,Female,0,No,No,23,Yes,Yes,DSL,No,No,No,Yes,Yes,No,One year,Yes,Mailed check,82.86,1878.54,No
2853-CFKHA,Female,1,No,No,50,Yes,Yes,Fiber optic,No,No,Yes,No,No,Yes,One year,Yes,Electronic check,97.44,4875.29,No
5045-GVEPV,Male,0,Yes,Yes,26,Yes,No,DSL,No,Yes,Yes,No,Yes,Yes,Month-to-month,Yes,Mailed check,90.97,2383.46,No
5251-WTVIA,Female,1,No,No,28,No,No phone service,Fiber optic,Yes,Yes,Yes,Yes,No,Yes,Month-to-month,No,Electronic check,101.16,2823.01,No
7724-TXPOR,Female,0,No,No,6,Yes,Yes,Fiber optic,No,No,No,No,Yes,No,Month-to-month,No,Mailed check,93.61,569.4,Yes
7607-BSFOF,Male,0,Yes,No,48,Yes,Yes,Fiber optic,Yes,No,No,Yes,No,No,Month-to-month,Yes,Mailed check,91.35,4373.2,Yes
5095-EWOAI,Male,0,No,Yes,16,Yes,Yes,Fiber optic,No,No,No,No,Yes,Yes,Two year,No,Bank transfer (automatic),103.5,1652.82,No
1720-LGSYO,Male,0,No,No,7,Yes,No,No,No internet service,No internet service,No internet service,No internet service,No internet service,No internet service,One year,Yes,Mailed check,39.48,264.22,No
1060-LYXNQ,Male,0,Yes,No,52,Yes,Yes,No,No internet service,No internet service,No internet service,No internet service,No internet service,No internet service,Month-to-month,Yes,Electronic check,38.69,2017.82,No
4117-RWEYP,Male,0,No,Yes,68,No,No phone service,No,No internet service,No internet service,No internet service,No internet service,No internet service,No internet service,Month-to-month,No,Electronic check,18.0,1235.6,No
1584-NDYYT,Male,1,No,No,44,Yes,Yes,No,No internet service,No internet service,No internet service,No internet service,No internet service,No internet service,Month-to-month,No,Mailed check,41.49,1859.76,No
2710-VZRNI,Female,0,Yes,No,68,Yes,Yes,Fiber optic,Yes,No,No,No,Yes,No,Two year,Yes,Mailed check,91.84,6233.62,No
6105-RFZPI,Male,1,No,Yes,29,Yes,Yes,Fiber optic,No,No,No,Yes,No,No,Two year,No,Credit card (automatic),89.47,2590.31,No
1494-ESIEU,Female,0,No,No,37,Yes,Yes,Fiber optic,No,No,No,Yes,No,No,Month-to-month,Yes,Electronic check,90.04,3353.98,No
8050-CIYDS,Female,0,No,Yes,26,No,No phone service,No,No internet service,No internet service,No internet service,No internet service,No internet service,No internet service,Month-to-month,Yes,Mailed check,18.0,461.17,Yes
4304-PPESO,Female,0,Yes,No,37,Yes,No,Fiber optic,No,No,Yes,No,Yes,No,Two year,Yes,Electronic check,96.91,3595.71,No
4016-AZOIH,Female,0,Yes,Yes,65,No,No phone service,Fiber optic,No,Yes,No,No,Yes,No,One year,Yes,Credit card (automatic),74.74,4848.0,No
4068-NYJVL,Male,0,Yes,Yes,46,Yes,No,No,No internet service,No internet service,No internet service,No internet service,No internet service,No internet service,Two year,Yes,Bank transfer (automatic),41.97,1938.49,No
5802-OXYPZ,Female,0,No,No,1,Yes,No,Fiber optic,Yes,Yes,Yes,No,No,Yes,Month-to-month,No,Electronic check,118.1,130.03,Yes
4918-PWDUB,Male,1,No,No,42,Yes,No,DSL,Yes,No,No,No,Yes,No,Month-to-month,Yes,Bank transfer (automatic),73.98,3133.23,No
1558-ZCQQP,Female,0,No,Yes,27,Yes,Yes,Fiber optic,No,No,Yes,Yes,No,No,One year,No,Credit card (automatic),101.1,2714.41,No
1824-BAYTE,Male,0,Yes,No,39,Yes,Yes,Fiber optic,No,Yes,No,No,Yes,No,Month-to-month,Yes,Electronic check,98.33,3844.64,No
5266-OKHDJ,Male,0,No,No,40,Yes,No,Fiber optic,No,No,No,No,No,Yes,Two year,No,Electronic check,92.41,3693.55,No
1292-ISGZG,Female,0,No,No,43,Yes,Yes,No,No internet service,No internet service,No internet service,No internet service,No internet service,No internet service,One year,Yes,Mailed check,37.17,1565.5,No
8841-COALK,Male,0,No,No,63,Yes,No,Fiber optic,Yes,No,Yes,No,No,Yes,Month-to-month,No,Electronic check,106.73,6711.49,No
1884-CSIGG,Female,0,No,No,62,Yes,Yes,No,No internet service,No internet service,No internet service,No internet service,No internet service,No internet service,Month-to-month,Yes,Electronic check,41.76,2574.15,No
5361-MUQRK,Male,0,No,No,70,Yes,No,Fiber optic,No,No,Yes,No,Yes,Yes,Two year,Yes,Electronic check,114.96,8055.76,No
9327-LVZTL,Male,0,Yes,No,44,Yes,Yes,DSL,No,No,Yes,No,Yes,Yes,Two year,Yes,Electronic check,88.16,3861.53,No
9637-KBOOA,Female,0,No,No,20,Yes,No,Fiber optic,No,Yes,Yes,No,No,No,Month-to-month,No,Bank transfer (automatic),98.24,1966.62,Yes
8742-MVBGH,Female,0,No,Yes,14,Yes,No,Fiber optic,No,No,No,No,Yes,Yes,Two year,No,Credit card (automatic),103.81,1453.6,No
8267-UBFEM,Male,0,No,Yes,62,Yes,Yes,No,No internet service,No internet service,No internet service,No internet service,No internet service,No internet service,Month-to-month,No,Electronic check,38.44,2396.25,No
7678-SBZXQ,Male,0,Yes,No,66,Yes,Yes,Fiber optic,No,No,Yes,No,Yes,Yes,Two year,Yes,Credit card (automatic),110.84,7305.89,No
9158-WXFQB,Male,0,No,Yes,2,Yes,Yes,Fiber optic,No,No,Yes,No,Yes,No,One year,No,Mailed check,102.13,174.66,Yes
1144-MYOYI,Female,0,Yes,No,15,Yes,Yes,Fiber optic,Yes,No,No,Yes,Yes,Yes,Month-to-month,Yes,Electronic check,108.7,1649.03,No
6920-SBOVP,Female,1,Yes,No,49,Yes,No,No,No internet service,No internet service,No internet service,No internet service,No internet service,No internet service,One year,Yes,Bank transfer (automatic),39.84,1940.93,No
8808-XZEQI,Male,0,Yes,No,12,Yes,No,DSL,No,Yes,Yes,No,No,No,One year,Yes,Mailed check,75.99,933.86,No
2600-TZMIX,Male,0,Yes,No,3,Yes,No,DSL,No,No,No,No,No,Yes,One year,No,Electronic check,80.05,239.76,Yes
1165-EQLAT,Male,0,Yes,No,72,Yes,No,Fiber optic,No,No,Yes,No,No,No,Month-to-month,No,Mailed check,90.82,6540.43,No
8582-QSDDS,Male,0,No,No,7,Yes,No,Fiber optic,No,Yes,Yes,No,Yes,No,One year,No,Mailed check,104.75,745.42,No
4429-OWZBQ,Female,0,No,Yes,15,Yes,Yes,Fiber optic,No,Yes,Yes,No,No,Yes,Two year,Yes,Mailed check,103.04,1558.48,Yes
9033-IOOTD,Female,1,Yes,Yes,72,Yes,No,DSL,No,No,Yes,No,No,Yes,Month-to-month,Yes,Mailed check,79.12,5695.13,No
4544-TLWHP,Male,1,No,No,7,Yes,No,Fiber optic,No,No,Yes,Yes,Yes,No,Month-to-month,Yes,Electronic check,101.36,700.83,No
9129-OSCGE,Female,0,No,No,58,Yes,Yes,DSL,No,Yes,Yes,No,No,No,Two year,No,Mailed check,67.74,3928.02,No
8449-YZKGU,Male,0,No,No,41,Yes,No,DSL,Yes,No,Yes,No,Yes,Yes,One year,Yes,Credit card (automatic),91.27,3705.97,No
4477-XGCGX,Male,0,Yes,No,39,Yes,No,Fiber optic,No,No,No,No,No,No,Month-to-month,No,Mailed check,84.03,3296.8,Yes
3689-EQUNG,Male,0,Yes,Yes,60,Yes,Yes,DSL,No,Yes,No,Yes,Yes,Yes,Two year,Yes,Mailed check,91.76,5488.41,No
9193-WPLUM,Male,0,No,No,1,Yes,No,Fiber optic,No,No,No,No,Yes,Yes,Month-to-month,Yes,Bank transfer (automatic),104.25,93.99,Yes
6385-PNWKH,Male,0,No,No,4,Yes,Yes,Fiber optic,Yes,No,No,Yes,Yes,No,Two year,No,Mailed check,105.98,415.97,Yes
5548-ZMVWK,Female,0,No,No,14,Yes,Yes,DSL,No,Yes,No,No,Yes,Yes,Month-to-month,No,Credit card (automatic),83.17,1171.87,No
5725-AKEDO,Female,0,Yes,No,35,Yes,Yes,Fiber optic,No,No,Yes,Yes,Yes,No,Month-to-month,No,Electronic check,101.3,3542.89,Yes
6657-VOYGJ,Male,0,No,No,70,No,No phone service,Fiber optic,No,No,No,No,No,Yes,Two year,Yes,Electronic check,72.6,5095.32,No
9031-BRSHI,Female,0,No,Yes,5,Yes,No,DSL,Yes,No,No,No,No,Yes,Two year,Yes,Electronic check,83.19,426.26,No
5913-PDKVQ,Female,0,No,No,30,Yes,Yes,Fiber optic,No,No,No,No,No,Yes,Month-to-month,Yes,Credit card (automatic),90.15,2688.19,Yes
2203-GAEBE,Female,0,No,Yes,31,Yes,Yes,DSL,No,No,Yes,Yes,Yes,Yes,Two year,No,Electronic check,92.4,2848.19,No
8018-XXWAW,Female,0,No,Yes,14,Yes,Yes,No,No internet service,No internet service,No internet service,No internet service,No internet service,No internet service,Two year,Yes,Credit card (automatic),44.96,624.02,No
6854-PCKHF,Male,0,No,No,25,Yes,Yes,Fiber optic,No,No,No,No,No,No,Two year,No,Electronic check,82.65,2080.56,No
6715-QDINP,Female,0,No,Yes,14,Yes,No,DSL,No,Yes,Yes,Yes,No,Yes,Month-to-month,No,Mailed check,84.48,1193.44,No
3275-JJASQ,Female,0,No,Yes,10,Yes,No,No,No internet service,No internet service,No internet service,No internet service,No internet service,No internet service,Month-to-month,Yes,Mailed check,37.96,392.29,Yes
8850-ZSMDD,Female,0,No,No,38,Yes,Yes,Fiber optic,No,Yes,Yes,Yes,No,No,One year,Yes,Bank transfer (automatic),99.68,3782.68,No
1908-TLNVS,Male,0,Yes,No,67,Yes,Yes,DSL,No,Yes,No,No,No,No,Two year,Yes,Electronic check,71.22,4791.81,No
5891-WPHVG,Male,0,No,No,29,Yes,Yes,Fiber optic,No,No,No,No,Yes,No,Month-to-month,Yes,Bank transfer (automatic),91.27,2653.79,No
1117-MVCVC,Male,0,No,No,46,Yes,No,Fiber optic,No,No,No,No,No,No,Month-to-month,Yes,Credit card (automatic),81.2,3723.38,No
8167-NNKVK,Male,1,No,No,48,Yes,No,Fiber optic,Yes,No,No,No,No,Yes,Month-to-month,Yes,Credit card (automatic),94.31,4521.61,Yes
6129-QDYFY,Male,0,Yes,No,61,Yes,Yes,Fiber optic,Yes,No,No,No,No,No,Month-to-month,Yes,Credit card (automatic),89.54,5478.19,No
6845-KXQMK,Male,1,No,No,60,No,No phone service,No,No internet service,No internet service,No internet service,No internet service,No internet service,No internet service,One year,Yes,Credit card (automatic),18.0,1110.07,No
2654-TJNAD,Female,0,No,No,66,Yes,Yes,No,No internet service,No internet service,No internet service,No internet service,No internet service,No internet service,Month-to-month,Yes,Mailed check,35.37,2299.83,No
2059-ONZIH,Male,0,Yes,No,59,Yes,Yes,DSL,No,No,No,Yes,Yes,No,One year,Yes,Electronic check,83.5,4931.82,Yes
5685-TNHJS,Female,0,Yes,Yes,67,No,No phone service,No,No internet service,No internet service,No internet service,No internet service,No internet service,No internet service,One year,No,Mailed check,18.0,1173.91,No
8165-MPSAV,Male,0,Yes,Yes,70,Yes,No,DSL,No,No,Yes,No,Yes,Yes,Month-to-month,No,Electronic check,85.77,5988.92,Yes
4852-AWQUB,Female,0,No,No,54,Yes,Yes,No,No internet service,No internet service,No internet service,No internet service,No internet service,No internet service,Two year,Yes,Credit card (automatic),48.88,2648.88,No
5240-YJNKH,Male,0,No,Yes,36,No,No phone service,DSL,Yes,No,No,Yes,No,Yes,Month-to-month,Yes,Mailed check,59.91,2159.08,Yes
8728-RNRML,Female,0,No,No,22,Yes,No,DSL,No,No,No,No,No,Yes,Month-to-month,No,Electronic check,75.26,1639.46,No
5981-XRZYL,Male,0,Yes,No,41,Yes,No,Fiber optic,No,Yes,Yes,No,No,No,Month-to-month,Yes,Credit card (automatic),96.79,3959.61,No
1772-SMABH,Male,0,No,No,60,Yes,Yes,DSL,No,Yes,Yes,No,Yes,No,Month-to-month,No,Electronic check,84.44,5085.0,No
4019-VODNA,Male,0,No,No,55,Yes,Yes,No,No internet service,No internet service,No internet service,No internet service,No internet service,No internet service,Month-to-month,No,Mailed check,37.04,2038.78,No
5317-RKJYX,Female,0,No,Yes,37,No,No phone service,DSL,No,Yes,No,Yes,No,Yes,Two year,No,Mailed check,61.39,2271.4,No
5599-ZQIDZ,Male,0,Yes,No,5,Yes,No,Fiber optic,No,No,Yes,Yes,Yes,No,Month-to-month,Yes,Credit card (automatic),104.29,541.84,No
1556-SRLUO,Female,0,Yes,No,19,Yes,Yes,No,No internet service,No internet service,No internet service,No internet service,No internet service,No internet service,Month-to-month,Yes,Mailed check,34.33,667.8,No
4982-XDCCJ,Female,0,No,No,42,Yes,No,Fiber optic,Yes,No,Yes,No,No,No,Two year,Yes,Mailed check,94.64,3967.19,No
8073-JFKGP,Male,0,Yes,No,28,Yes,No,Fiber optic,Yes,No,No,Yes,No,No,Two year,Yes,Electronic check,97.65,2746.45,No
5183-FRPYY,Male,0,No,Yes,33,Yes,Yes,No,No internet service,No internet service,No internet service,No internet service,No internet service,No internet service,Month-to-month,No,Mailed check,41.13,1352.21,No
4847-MTKPD,Male,0,No,No,21,Yes,No,DSL,Yes,No,Yes,Yes,Yes,Yes,Month-to-month,No,Bank transfer (automatic),97.94,2058.65,Yes
4480-TZSCQ,Male,0,Yes,Yes,5,Yes,Yes,DSL,No,No,No,No,Yes,Yes,Month-to-month,No,Electronic check,84.64,388.85,Yes
2649-YLKSO,Male,0,Yes,Yes,34,Yes,Yes,DSL,No,No,Yes,Yes,Yes,No,Month-to-month,Yes,Bank transfer (automatic),88.65,3002.73,Yes
4271-XQSMQ,Male,0,No,No,32,No,No phone service,DSL,Yes,Yes,Yes,Yes,Yes,No,Month-to-month,Yes,Mailed check,72.03,2308.05,No
9851-RJHWC,Female,0,No,No,57,No,No phone service,DSL,No,Yes,Yes,No,No,No,One year,Yes,Electronic check,54.57,3088.06,No
7744-BCRJM,Male,0,No,No,8,Yes,No,Fiber optic,No,Yes,Yes,No,No,No,Month-to-month,No,Electronic check,92.68,734.85,Yes
7681-XRAHQ,Male,1,Yes,No,35,Yes,No,DSL,Yes,No,No,No,Yes,Yes,Month-to-month,Yes,Electronic check,85.87,2973.27,No
5404-EXLVW,Female,0,No,No,62,Yes,Yes,Fiber optic,No,No,No,No,No,No,One year,No,Mailed check,84.1,5228.25,No
3770-KSNTU,Female,0,Yes,No,19,Yes,No,Fiber optic,No,No,No,Yes,No,Yes,Month-to-month,No,Credit card (automatic),94.37,1820.9,Yes
2845-AOAVU,Male,0,No,Yes,23,Yes,Yes,Fiber optic,No,No,No,No,Yes,No,Month-to-month,Yes,Electronic check,92.69,2111.72,Yes
7700-KHWWV,Male,0,No,No,6,Yes,No,Fiber optic,No,No,Yes,No,No,No,Two year,No,Bank transfer (automatic),90.75,512.86,No
4931-TAZBN,Male,0,Yes,Yes,41,Yes,Yes,DSL,No,No,No,No,Yes,Yes,Month-to-month,Yes,Credit card (automatic),83.01,3414.22,No
9928-EVJIX,Female,0,No,No,62,Yes,No,Fiber optic,Yes,No,Yes,Yes,No,Yes,Month-to-month,Yes,Mailed check,110.0,6824.94,No
9208-RFPNB,Female,0,No,No,35,Yes,No,Fiber optic,No,Yes,Yes,No,Yes,No,Month-to-month,Yes,Credit card (automatic),100.48,3525.75,No
6344-SIRAU,Male,0,Yes,No,30,Yes,No,No,No internet service,No internet service,No internet service,No internet service,No internet service,No internet service,One year,Yes,Electronic check,37.0,1124.01,No
8975-TXKZD,Male,0,No,Yes,54,Yes,Yes,Fiber optic,Yes,Yes,No,No,Yes,No,One year,No,Mailed check,110.5,5969.77,No
5627-GAHCY,Male,0,No,No,32,Yes,No,Fiber optic,Yes,No,No,No,Yes,No,Month-to-month,No,Mailed check,96.44,3113.4,No
3957-IYDKZ,Female,1,No,Yes,29,Yes,Yes,Fiber optic,No,Yes,Yes,No,No,No,Month-to-month,No,Electronic check,99.13,2904.35,No
9945-TIJBA,Male,1,Yes,Yes,55,Yes,No,Fiber optic,Yes,No,Yes,Yes,Yes,No,Month-to-month,Yes,Mailed check,112.94,6249.96,Yes
1234-ARLIW,Male,0,No,No,20,Yes,No,Fiber optic,No,No,No,No,No,No,Month-to-month,No,Bank transfer (automatic),85.78,1756.83,No
1588-QGBNE,Male,0,Yes,No,62,Yes,No,Fiber optic,No,No,No,Yes,No,Yes,Two year,No,Electronic check,98.98,6122.46,No
4952-SPLFS,Male,0,No,No,19,Yes,Yes,Fiber optic,Yes,Yes,No,Yes,Yes,Yes,Two year,Yes,Bank transfer (automatic),116.12,2227.68,No
4270-XUTPR,Female,0,No,No,37,Yes,No,No,No internet service,No internet service,No internet service,No internet service,No internet service,No internet service,Month-to-month,Yes,Mailed check,39.97,1482.68,No
5539-VULNQ,Male,0,Yes,No,18,Yes,No,DSL,No,Yes,No,Yes,No,Yes,Month-to-month,No,Mailed check,81.95,1436.89,No
5706-VRWPJ,Male,0,Yes,No,46,Yes,No,No,No internet service,No internet service,No internet service,No internet service,No internet service,No internet service,Two year,No,Mailed check,44.52,2058.28,No
2244-IVFDW,Female,1,No,No,31,No,No phone service,No,No internet service,No internet service,No internet service,No internet service,No internet service,No internet service,Month-to-month,No,Credit card (automatic),26.03,792.63,No
7501-PVOGG,Female,1,Yes,No,17,Yes,No,DSL,No,No,Yes,No,Yes,Yes,Month-to-month,No,Credit card (automatic),91.45,1554.63,Yes
4436-JGCAI,Male,0,No,Yes,54,Yes,Yes,DSL,No,No,No,No,Yes,No,Two year,Yes,Mailed check,76.11,4087.12,No
7336-ZEPUR,Male,0,No,No,68,Yes,Yes,Fiber optic,Yes,Yes,Yes,No,Yes,Yes,Month-to-month,No,Mailed check,111.69,7621.02,No
7024-PWRZX,Female,0,No,No,2,Yes,No,DSL,Yes,No,No,Yes,No,No,Month-to-month,Yes,Mailed check,79.67,141.42,No
8456-YIBGG,Male,0,Yes,Yes,41,Yes,Yes,DSL,No,No,No,No,No,No,Month-to-month,Yes,Bank transfer (automatic),65.16,2656.81,No
7401-EXXKU,Female,0,Yes,Yes,52,Yes,No,Fiber optic,No,Yes,No,No,Yes,No,One year,Yes,Electronic check,95.52,4989.84,No
4932-YJAAP,Female,0,Yes,Yes,52,Yes,Yes,Fiber optic,No,No,Yes,No,No,No,One year,No,Mailed check,88.77,4621.54,No
6365-BUEXV,Female,0,No,No,16,Yes,No,DSL,No,No,No,No,Yes,Yes,Month-to-month,No,Electronic check,83.5,1371.89,No
7217-QPNCA,Male,0,No,No,8,Yes,No,No,No internet service,No internet service,No internet service,No internet service,No internet service,No internet service,One year,Yes,Electronic check,27.77,239.92,Yes
8229-HZJNL,Female,0,No,No,37,Yes,No,DSL,No,No,Yes,No,No,Yes,Month-to-month,No,Electronic check,78.04,2909.48,Yes
5474-DCGIR,Female,0,Yes,No,46,Yes,No,DSL,Yes,No,No,Yes,No,No,Two year,Yes,Electronic check,79.25,3624.64,Yes
9086-QTJPJ,Male,0,Yes,No,21,Yes,Yes,DSL,No,No,Yes,No,Yes,Yes,Month-to-month,Yes,Electronic check,86.49,1823.26,No
1746-VYHMB,Female,1,Yes,Yes,26,Yes,Yes,No,No internet service,No internet service,No internet service,No internet service,No internet service,No internet service,Month-to-month,Yes,Mailed check,48.5,1297.56,No
2519-IODUH,Female,0,No,No,38,Yes,No,No,No internet service,No internet service,No internet service,No internet service,No internet service,No internet service,One year,Yes,Electronic check,40.42,1514.2,No
8615-INFZH,Female,0,Yes,No,32,Yes,No,DSL,Yes,No,Yes,No,Yes,No,Month-to-month,Yes,Credit card (automatic),83.38,2668.37,No
1493-QJOVB,Male,0,Yes,Yes,35,Yes,No,Fiber optic,Yes,Yes,Yes,No,No,No,One year,No,Electronic check,99.78,3490.31,No
8501-HGLLA,Male,0,No,Yes,49,Yes,No,DSL,Yes,No,No,No,No,No,Month-to-month,No,Credit card (automatic),73.25,3594.74,No
8508-ZKGFQ,Female,1,No,No,71,Yes,Yes,DSL,No,No,Yes,No,No,No,Month-to-month,No,Bank transfer (automatic),65.37,4656.5,No
4478-CYJXA,Male,0,Yes,No,58,Yes,No,DSL,No,Yes,No,No,No,Yes,Month-to-month,Yes,Bank transfer (automatic),81.96,4756.39,No
6589-DCDKQ,Female,1,No,No,0,Yes,No,No,No internet service,No internet service,No internet service,No internet service,No internet service,No internet service,Month-to-month,No,Electronic check,36.1, ,No
8054-APIAE,Female,0,Yes,Yes,25,Yes,Yes,Fiber optic,No,Yes,Yes,No,Yes,No,Month-to-month,No,Credit card (automatic),104.03,2553.65,Yes
9506-RTBZQ,Female,0,Yes,Yes,0,No,No phone service,Fiber optic,Yes,No,No,No,No,No,Month-to-month,Yes,Electronic check,67.97, ,Yes
6600-PPCWS,Male,0,Yes,Yes,63,Yes,Yes,DSL,Yes,No,No,Yes,Yes,No,Month-to-month,Yes,Electronic check,84.54,5321.03,No
2393-FPCWB,Female,0,Yes,No,47,Yes,No,No,No internet service,No internet service,No internet service,No internet service,No internet service,No internet service,Two year,Yes,Electronic check,40.03,1906.94,No
8023-ZJHZW,Male,0,No,No,15,Yes,No,No,No internet service,No internet service,No internet service,No internet service,No internet service,No internet service,One year,No,Mailed check,38.65,576.63,No
2403-NKWTU,Female,0,No,No,61,Yes,Yes,DSL,Yes,Yes,Yes,No,Yes,No,Month-to-month,Yes,Electronic check,82.67,5034.45,No
4786-GLMWF,Male,0,No,No,41,Yes,No,Fiber optic,No,Yes,No,Yes,No,Yes,Month-to-month,No,Credit card (automatic),103.2,4193.2,Yes
7212-JYZCK,Male,0,Yes,Yes,3,Yes,Yes,Fiber optic,No,No,No,No,No,No,Month-to-month,Yes,Mailed check,77.08,225.12,Yes
7978-DGNNS,Female,1,No,No,11,Yes,No,No,No internet service,No internet service,No internet service,No internet service,No internet service,No internet service,Month-to-month,Yes,Credit card (automatic),39.03,418.74,No
9213-IJMWV,Female,0,No,No,59,Yes,No,Fiber optic,Yes,Yes,No,Yes,Yes,No,Month-to-month,Yes,Bank transfer (automatic),106.94,6306.07,No
1972-IXWSU,Female,0,Yes,No,21,Yes,No,DSL,No,Yes,Yes,No,Yes,No,Month-to-month,Yes,Electronic check,81.74,1713.71,No
3519-TPWCP,Male,0,No,No,38,Yes,No,Fiber optic,No,No,Yes,No,Yes,No,Two year,No,Mailed check,97.06,3702.1,No
6584-LIWZP,Female,0,No,Yes,65,Yes,No,Fiber optic,No,No,No,No,No,Yes,Two year,No,Electronic check,100.05,6494.54,No
7612-IDFFJ,Female,1,No,No,21,Yes,No,Fiber optic,No,No,Yes,No,No,No,Month-to-month,No,Credit card (automatic),85.97,1788.33,Yes
8997-TLFYR,Female,0,Yes,No,0,Yes,No,DSL,No,No,Yes,No,No,No,Month-to-month,Yes,Bank transfer (automatic),71.99, ,No
9513-LOEFQ,Female,0,No,Yes,6,Yes,No,No,No internet service,No internet service,No internet service,No internet service,No internet service,No internet service,Month-to-month,No,Mailed check,34.33,205.6,No
6539-ZZAWQ,Male,0,No,No,66,Yes,No,No,No internet service,No internet service,No internet service,No internet service,No internet service,No internet service,Month-to-month,No,Bank transfer (automatic),43.23,2828.66,No
3127-DXANF,Male,0,No,No,43,Yes,No,Fiber optic,Yes,No,Yes,No,No,Yes,Month-to-month,No,Bank transfer (automatic),106.68,4594.72,Yes
9700-DRHHQ,Female,0,No,Yes,23,Yes,Yes,Fiber optic,No,Yes,No,No,No,No,Month-to-month,Yes,Credit card (automatic),87.3,1982.61,Yes
3557-XMBNG,Female,0,Yes,No,5,Yes,No,Fiber optic,Yes,No,No,No,Yes,Yes,Month-to-month,No,Bank transfer (automatic),108.88,557.45,No
9229-ADMHJ,Male,1,No,No,50,Yes,Yes,Fiber optic,No,No,No,No,No,No,Month-to-month,Yes,Bank transfer (automatic),84.06,4192.47,Yes
2976-XADYM,Male,1,No,No,2,Yes,No,DSL,No,No,No,No,Yes,Yes,One year,Yes,Mailed check,87.55,152.35,No
9439-VHSDP,Female,0,No,No,6,Yes,Yes,Fiber optic,No,No,No,No,Yes,Yes,Month-to-month,No,Electronic check,106.08,691.92,Yes
4113-RDVGM,Female,0,Yes,Yes,43,Yes,Yes,Fiber optic,No,No,No,No,Yes,Yes,Two year,Yes,Mailed check,105.5,4538.62,No
8561-MNDSZ,Male,0,Yes,No,46,No,No phone service,No,No internet service,No internet service,No internet service,No internet service,No internet service,No internet service,Month-to-month,Yes,Bank transfer (automatic),19.1,899.74,No
7619-XZRWN,Female,0,Yes,No,41,Yes,Yes,DSL,No,Yes,No,No,No,Yes,Month-to-month,No,Credit card (automatic),81.56,3342.5,No
4173-OWEQR,Female,0,Yes,Yes,66,Yes,No,DSL,Yes,No,No,No,Yes,No,Month-to-month,No,Bank transfer (automatic),81.29,5391.39,No
7399-SQPYA,Male,1,No,No,19,Yes,No,Fiber optic,No,No,No,No,No,No,Month-to-month,Yes,Credit card (automatic),84.06,1611.88,No
5070-BWDUS,Male,0,Yes,No,40,No,No phone service,No,No internet service,No internet service,No internet service,No internet service,No internet service,No internet service,Month-to-month,Yes,Bank transfer (automatic),18.68,741.69,No
3909-LFVSZ,Female,0,No,Yes,22,Yes,Yes,Fiber optic,No,No,Yes,Yes,No,Yes,Month-to-month,No,Bank transfer (automatic),109.47,2427.78,Yes
6401-NYIWP,Male,0,No,No,26,Yes,Yes,DSL,Yes,No,No,No,No,Yes,Month-to-month,Yes,Electronic check,77.79,2046.31,No
8071-IMKUB,Male,0,No,No,10,Yes,No,Fiber optic,Yes,Yes,No,Yes,Yes,No,Month-to-month,Yes,Bank transfer (automatic),102.82,1019.87,Yes
9538-IKZCT,Male,0,Yes,No,57,Yes,No,DSL,No,No,Yes,Yes,No,No,Month-to-month,Yes,Electronic check,75.72,4315.74,No
1879-YHITF,Female,0,No,No,51,Yes,Yes,Fiber optic,No,No,No,No,No,No,One year,Yes,Mailed check,81.23,4184.53,No
1834-BXOYV,Male,0,No,No,52,Yes,No,Fiber optic,No,No,No,No,No,No,One year,Yes,Bank transfer (automatic),86.33,4493.09,No
4300-ZUFEB,Male,0,No,No,10,Yes,No,Fiber optic,No,No,No,No,Yes,Yes,One year,Yes,Bank transfer (automatic),106.37,1085.96,Yes
1534-LKKBP,Male,0,Yes,Yes,8,Yes,Yes,Fiber optic,No,No,No,Yes,No,Yes,Two year,Yes,Credit card (automatic),101.98,832.39,No
1470-PDPHZ,Female,0,No,No,57,Yes,No,DSL,No,Yes,Yes,Yes,No,Yes,Month-to-month,No,Mailed check,90.93,5204.86,No
2317-VPMVF,Female,0,Yes,No,48,Yes,Yes,Fiber optic,No,No,No,Yes,No,No,Two year,Yes,Mailed check,93.58,4511.81,No
8722-VWBOJ,Male,0,No,No,2,Yes,No,No,No internet service,No internet service,No internet service,No internet service,No internet service,No internet service,Month-to-month,Yes,Mailed check,41.94,29.36,No
3249-IOAQI,Male,0,Yes,No,48,Yes,No,Fiber optic,No,Yes,Yes,No,Yes,Yes,Month-to-month,No,Electronic check,117.09,5609.75,Yes
7501-FSQFH,Male,1,Yes,No,71,Yes,No,No,No internet service,No internet service,No internet service,No internet service,No internet service,No internet service,One year,No,Electronic check,40.38,2860.95,No
3319-YQTCD,Female,0,No,No,54,Yes,No,Fiber optic,Yes,Yes,Yes,No,No,No,Month-to-month,Yes,Electronic check,97.54,5273.02,No
9991-UUYVB,Female,0,Yes,No,20,Yes,Yes,Fiber optic,No,Yes,No,No,No,No,Month-to-month,No,Credit card (automatic),85.55,1693.41,No
3754-KDXYE,Male,0,No,No,23,Yes,No,DSL,No,No,No,No,Yes,No,Month-to-month,Yes,Electronic check,73.38,1685.58,Yes
7866-VADYG,Male,0,No,No,54,No,No phone service,No,No internet service,No internet service,No internet service,No internet service,No internet service,No internet service,Month-to-month,No,Credit card (automatic),21.32,1126.15,No
8212-ROAOU,Female,0,Yes,Yes,29,Yes,No,DSL,No,No,No,No,Yes,Yes,Month-to-month,No,Electronic check,88.38,2522.64,No
3503-RKYNA,Female,0,Yes,Yes,53,Yes,No,DSL,No,No,No,No,Yes,No,Two year,Yes,Bank transfer (automatic),75.11,4034.54,No
2432-FJKNS,Male,0,Yes,No,70,Yes,No,DSL,No,No,No,No,No,Yes,Month-to-month,No,Bank transfer (automatic),74.95,5237.91,No
7570-MOCUB,Male,0,No,No,29,Yes,Yes,Fiber optic,Yes,Yes,No,No,Yes,No,Month-to-month,Yes,Mailed check,104.88,3067.02,No
9739-JLEIE,Female,0,No,No,41,No,No phone service,Fiber optic,Yes,No,No,Yes,No,No,Month-to-month,Yes,Mailed check,79.26,3267.63,Yes
4033-HSPTU,Female,0,Yes,Yes,35,No,No phone service,Fiber optic,No,Yes,Yes,Yes,No,Yes,Two year,Yes,Bank transfer (automatic),89.02,3107.39,No
8803-FJLLS,Female,1,No,No,37,Yes,Yes,DSL,No,No,No,No,Yes,No,Two year,Yes,Electronic check,69.1,2587.21,No
1350-WOFIV,Male,0,Yes,No,5,Yes,Yes,Fiber optic,Yes,No,No,No,Yes,No,One year,No,Electronic check,98.36,473.95,No
6326-LXQEM,Male,0,No,No,72,No,No phone service,DSL,No,Yes,No,No,Yes,No,Month-to-month,No,Bank transfer (automatic),58.54,4213.38,No
9845-TQSLN,Female,0,No,No,39,Yes,No,Fiber optic,No,No,No,Yes,Yes,Yes,Month-to-month,Yes,Mailed check,106.3,4157.92,No
1698-YEXXI,Female,0,Yes,No,16,Yes,Yes,DSL,No,No,No,No,No,No,Month-to-month,Yes,Credit card (automatic),63.65,1019.04,No
9768-DCDXG,Female,0,No,Yes,41,Yes,No,Fiber optic,No,Yes,Yes,No,Yes,No,Two year,No,Electronic check,101.89,4174.34,No
9939-RHETO,Male,0,Yes,Yes,29,Yes,Yes,Fiber optic,No,No,Yes,No,No,Yes,Month-to-month,Yes,Mailed check,99.14,2835.99,Yes
2272-TWFNH,Female,0,No,Yes,59,Yes,No,Fiber optic,No,Yes,No,Yes,Yes,No,Two year,No,Bank transfer (automatic),109.09,6451.7,No
3098-BZCJJ,Male,0,No,Yes,55,Yes,Yes,Fiber optic,Yes,No,No,Yes,Yes,No,Month-to-month,Yes,Bank transfer (automatic),104.68,5775.7,No
8194-HXFUI,Male,0,No,No,27,Yes,No,No,No internet service,No internet service,No internet service,No internet service,No internet service,No internet service,Two year,Yes,Mailed check,44.83,1200.81,No
2229-CQSQP,Female,0,No,Yes,52,No,No phone service,Fiber optic,No,Yes,No,No,Yes,Yes,Month-to-month,Yes,Electronic check,95.73,4996.65,No
5769-GUDEB,Female,0,No,No,2,Yes,Yes,Fiber optic,No,No,No,Yes,No,No,Month-to-month,No,Electronic check,88.69,182.39,No
6779-RVFOL,Female,0,Yes,No,70,Yes,Yes,DSL,No,Yes,No,No,No,No,Month-to-month,No,Electronic check,69.16,4863.3,No
9790-PRJTA,Female,0,No,No,37,Yes,Yes,Fiber optic,No,No,No,No,Yes,No,One year,No,Mailed check,96.04,3569.16,No
8851-NPYED,Male,1,Yes,No,47,Yes,No,Fiber optic,Yes,Yes,Yes,No,No,No,Two year,Yes,Electronic check,100.04,4695.94,No
6735-JPIKG,Female,0,No,No,47,Yes,No,Fiber optic,No,No,No,No,No,Yes,Month-to-month,Yes,Electronic check,90.93,4315.65,No
6736-QRJLI,Male,0,Yes,No,22,Yes,No,Fiber optic,Yes,Yes,Yes,Yes,Yes,Yes,Two year,No,Bank transfer (automatic),120.0,2622.2,No
6475-EBJQZ,Male,0,No,No,50,No,No phone service,Fiber optic,No,Yes,No,No,Yes,No,Month-to-month,Yes,Mailed check,77.63,3821.0,No
3037-WFCEQ,Female,0,No,No,29,Yes,No,No,No internet service,No internet service,No internet service,No internet service,No internet service,No internet service,Month-to-month,Yes,Mailed check,45.96,1280.43,No
4426-MHROY,Female,1,Yes,No,49,Yes,No,DSL,No,Yes,Yes,No,Yes,No,Month-to-month,Yes,Credit card (automatic),78.52,3856.39,No
5460-CUOGB,Female,0,No,No,6,Yes,No,Fiber optic,No,Yes,Yes,Yes,No,Yes,Month-to-month,No,Mailed check,105.52,587.82,No
3680-JELPC,Male,0,No,Yes,10,Yes,No,Fiber optic,No,No,No,Yes,No,No,Two year,Yes,Electronic check,87.18,859.13,No
1032-GWOMF,Female,0,Yes,No,67,Yes,Yes,DSL,Yes,No,No,No,No,No,Month-to-month,Yes,Electronic check,68.76,4629.32,No
6276-SGRDM,Male,1,No,No,53,Yes,Yes,DSL,No,No,No,No,No,Yes,Month-to-month,No,Electronic check,70.61,3692.08,No
7268-OZIBO,Female,0,No,Yes,9,Yes,No,Fiber optic,Yes,No,No,Yes,No,Yes,Month-to-month,No,Electronic check,109.31,978.97,Yes
9740-IUXEC,Female,0,No,Yes,15,No,No phone service,DSL,No,Yes,Yes,No,No,No,One year,Yes,Credit card (automatic),56.01,838.64,No
3842-FZGXU,Female,0,Yes,Yes,39,Yes,No,No,No internet service,No internet service,No internet service,No internet service,No internet service,No internet service,Two year,Yes,Electronic check,36.53,1393.86,No
9301-LROMH,Male,0,No,Yes,0,Yes,Yes,DSL,Yes,No,No,No,No,Yes,Two year,Yes,Electronic check,73.36, ,No
2916-GHQBR,Male,0,Yes,Yes,29,Yes,No,Fiber optic,No,No,Yes,No,Yes,Yes,Month-to-month,Yes,Electronic check,111.08,3217.45,Yes
7245-NWSQU,Male,0,No,No,23,Yes,Yes,Fiber optic,Yes,Yes,No,Yes,Yes,No,Month-to-month,Yes,Electronic check,110.02,2542.74,No
5868-CRGBQ,Female,0,Yes,No,9,Yes,No,DSL,Yes,No,No,No,No,No,Month-to-month,Yes,Mailed check,68.33,613.95,Yes
3609-WKVVP,Female,0,Yes,No,21,Yes,No,DSL,No,Yes,Yes,No,No,No,Two year,Yes,Credit card (automatic),77.12,1609.74,No
3424-LCABX,Male,0,Yes,No,21,Yes,Yes,Fiber optic,No,No,No,No,No,No,Month-to-month,No,Electronic check,87.65,1847.88,Yes
2180-TYHFN,Female,0,Yes,Yes,4,Yes,Yes,Fiber optic,Yes,No,No,No,No,Yes,Two year,No,Bank transfer (automatic),104.0,441.4,No
6395-GLXML,Female,0,No,No,46,Yes,No,Fiber optic,No,No,Yes,Yes,No,Yes,Two year,No,Electronic check,105.99,4903.14,No
3583-WYQFN,Male,0,No,Yes,19,Yes,No,Fiber optic,No,No,No,Yes,No,No,One year,No,Bank transfer (automatic),88.41,1691.76,No
2329-XYDMB,Male,0,No,No,2,Yes,No,Fiber optic,No,No,No,Yes,No,Yes,Two year,No,Credit card (automatic),99.32,215.07,No
5582-RTXZD,Female,1,No,No,1,Yes,No,No,No internet service,No internet service,No internet service,No internet service,No internet service,No internet service,Month-to-month,No,Electronic check,44.34,31.2,Yes
7431-GTKPY,Female,0,Yes,No,70,Yes,Yes,Fiber optic,No,No,Yes,No,No,No,Month-to-month,Yes,Mailed check,92.96,6501.95,Yes
9355-WMZAU,Male,0,Yes,No,8,Yes,Yes,No,No internet service,No internet service,No internet service,No internet service,No internet service,No internet service,Month-to-month,Yes,Mailed check,46.5,381.37,Yes
2939-JYBFP,Female,0,No,No,66,No,No phone service,DSL,Yes,No,No,Yes,No,No,Month-to-month,Yes,Electronic check,55.91,3694.99,No
9911-XOLKK,Female,0,No,No,12,Yes,No,Fiber optic,Yes,No,No,No,No,No,One year,No,Electronic check,89.28,1083.57,No
8082-UHKVT,Female,0,No,No,6,Yes,No,Fiber optic,Yes,No,No,No,Yes,Yes,Month-to-month,Yes,Electronic check,103.02,646.96,Yes
5693-FGQSO,Female,0,Yes,No,39,Yes,Yes,Fiber optic,No,Yes,Yes,No,No,Yes,Two year,Yes,Mailed check,102.23,3984.65,No
5994-LTIQQ,Female,0,No,Yes,63,Yes,Yes,DSL,Yes,No,No,Yes,No,Yes,Two year,Yes,Electronic check,80.52,5043.16,No
3126-YTHHB,Male,0,Yes,Yes,5,Yes,Yes,DSL,Yes,No,No,Yes,No,No,Month-to-month,Yes,Mailed check,75.95,361.93,No
5161-WGALB,Male,0,No,No,23,Yes,Yes,DSL,Yes,No,No,No,No,No,Month-to-month,Yes,Electronic check,70.9,1634.87,Yes
8139-DKTGB,Male,0,Yes,No,54,Yes,No,DSL,No,Yes,No,No,No,Yes,Month-to-month,No,Bank transfer (automatic),75.77,4084.13,No
8093-MBDXO,Female,1,No,No,4,No,No phone service,Fiber optic,No,No,No,No,No,Yes,Month-to-month,Yes,Electronic check,72.95,267.24,Yes
3326-MZIFO,Male,0,Yes,Yes,12,Yes,No,Fiber optic,No,No,No,No,Yes,Yes,One year,Yes,Electronic check,100.51,1205.27,Yes
8418-HCVVY,Male,0,No,Yes,22,Yes,Yes,DSL,No,Yes,No,No,Yes,No,One year,No,Electronic check,77.62,1692.85,Yes
4161-NMDQI,Female,1,Yes,No,58,No,No phone service,Fiber optic,No,Yes,Yes,No,No,Yes,One year,No,Bank transfer (automatic),84.28,4899.95,No
9067-VFFDD,Male,0,No,Yes,59,Yes,No,Fiber optic,No,No,No,Yes,Yes,No,Month-to-month,No,Electronic check,98.54,5844.26,No
5079-ZNOKM,Male,0,Yes,No,51,No,No phone service,DSL,No,No,Yes,Yes,No,Yes,Two year,No,Bank transfer (automatic),67.42,3461.77,No
5444-YBNPM,Male,0,No,Yes,48,Yes,Yes,DSL,No,Yes,No,No,No,No,One year,Yes,Bank transfer (automatic),69.67,3325.61,No
4855-HLRIS,Male,0,Yes,Yes,1,Yes,Yes,Fiber optic,No,Yes,Yes,Yes,No,No,Two year,Yes,Electronic check,101.3,88.86,No
8353-DQUTL,Male,0,Yes,Yes,17,Yes,Yes,Fiber optic,Yes,Yes,No,Yes,Yes,No,Two year,No,Electronic check,112.63,1883.93,Yes
3592-KUXNE,Female,0,No,No,67,Yes,Yes,No,No internet service,No internet service,No internet service,No internet service,No internet service,No internet service,One year,Yes,Credit card (automatic),40.77,2753.99,No
1772-MNLTP,Male,0,Yes,No,52,Yes,Yes,DSL,No,No,Yes,No,No,No,Month-to-month,Yes,Electronic check,75.02,3903.8,No
5750-FRGYB,Male,1,Yes,No,17,Yes,No,Fiber optic,No,No,No,Yes,Yes,No,Two year,No,Bank transfer (automatic),96.15,1666.52,No
2567-VZCEP,Female,1,No,No,51,Yes,No,Fiber optic,No,Yes,No,No,No,Yes,Month-to-month,Yes,Bank transfer (automatic),97.66,4992.83,No
9891-AKPQF,Male,0,No,No,52,Yes,No,No,No internet service,No internet service,No internet service,No internet service,No internet service,No internet service,Month-to-month,Yes,Mailed check,39.85,2063.29,No
1152-RZTXZ,Female,0,No,No,54,Yes,No,Fiber optic,No,No,No,Yes,Yes,Yes,Month-to-month,No,Bank transfer (automatic),106.47,5713.88,No
7067-TEYPY,Female,0,Yes,No,71,No,No phone service,DSL,No,Yes,Yes,No,No,No,Month-to-month,Yes,Electronic check,53.25,3786.88,No
9804-HUKCK,Female,1,No,Yes,39,Yes,Yes,No,No internet service,No internet service,No internet service,No internet service,No internet service,No internet service,Month-to-month,Yes,Bank transfer (automatic),43.91,1754.61,No
5206-IKTSJ,Male,0,No,No,4,Yes,Yes,Fiber optic,Yes,No,No,Yes,No,No,Month-to-month,No,Credit card (automatic),97.94,408.83,No
7381-XXOWH,Male,1,Yes,No,59,Yes,Yes,No,No internet service,No internet service,No internet service,No internet service,No internet service,No internet service,Two year,Yes,Bank transfer (automatic),37.72,2222.92,No
2356-VSRTI,Female,0,No,No,1,Yes,Yes,DSL,No,No,No,No,No,No,One year,No,Electronic check,61.89,78.77,No
3478-XULKC,Male,0,Yes,No,46,Yes,Yes,Fiber optic,Yes,Yes,No,Yes,Yes,Yes,Two year,Yes,Bank transfer (automatic),118.03,5444.02,No
1454-VJSXB,Female,0,No,No,58,No,No phone service,Fiber optic,No,No,No,No,No,No,Two year,Yes,Bank transfer (automatic),67.6,3946.18,No
3493-DNXFB,Male,0,No,No,9,Yes,No,DSL,Yes,No,No,No,Yes,No,Month-to-month,No,Mailed check,78.22,686.9,Yes
7020-OTBFV,Male,0,No,Yes,58,Yes,No,Fiber optic,No,No,Yes,No,Yes,Yes,Two year,Yes,Mailed check,107.28,6230.94,No
3876-EYPZZ,Female,1,No,No,59,No,No phone service,DSL,No,Yes,Yes,No,Yes,Yes,One year,No,Mailed check,72.99,4276.66,No
2427-RSKWJ,Female,0,Yes,Yes,47,Yes,No,DSL,Yes,No,No,No,No,Yes,Month-to-month,No,Bank transfer (automatic),78.78,3665.22,No
1438-YOPTZ,Female,0,Yes,Yes,23,Yes,No,DSL,No,No,No,No,No,No,Two year,Yes,Bank transfer (automatic),59.65,1385.99,No
6811-BKVTE,Female,0,No,No,14,No,No phone service,No,No internet service,No internet service,No internet service,No internet service,No internet service,No internet service,Two year,Yes,Credit card (automatic),18.0,276.96,No
2602-IVQRU,Male,0,No,No,51,Yes,No,No,No internet service,No internet service,No internet service,No internet service,No internet service,No internet service,Month-to-month,Yes,Credit card (automatic),36.85,1879.43,No
3853-ONCIA,Female,0,No,No,11,Yes,No,Fiber optic,No,Yes,No,No,No,Yes,Two year,No,Credit card (automatic),100.35,1102.08,No
3873-WBHNR,Female,1,Yes,No,49,Yes,No,Fiber optic,Yes,No,No,No,Yes,Yes,Month-to-month,No,Credit card (automatic),98.89,4852.61,Yes
1836-UMSOC,Male,1,No,No,12,Yes,Yes,DSL,No,No,No,No,Yes,No,Two year,Yes,Electronic check,66.51,821.23,Yes
4030-UMXSU,Male,0,Yes,No,24,Yes,No,Fiber optic,Yes,Yes,No,No,Yes,Yes,One year,No,Mailed check,113.35,2738.33,No
5716-NOFPQ,Female,0,Yes,No,36,Yes,No,No,No internet service,No internet service,No internet service,No internet service,No internet service,No internet service,Month-to-month,Yes,Mailed check,37.87,1369.89,No
1074-SJHQQ,Male,0,No,No,11,Yes,Yes,No,No internet service,No internet service,No internet service,No internet service,No internet service,No internet service,Two year,No,Bank transfer (automatic),44.25,500.51,No
2546-WUJBN,Female,1,No,Yes,58,Yes,No,Fiber optic,Yes,No,No,No,Yes,No,Month-to-month,Yes,Mailed check,102.11,5938.81,No
9899-SITUQ,Male,0,No,No,50,Yes,No,DSL,No,No,No,No,No,Yes,Month-to-month,Yes,Credit card (automatic),76.56,3806.54,No
2916-NGSAW,Male,0,No,No,1,Yes,No,Fiber optic,Yes,No,Yes,Yes,Yes,No,Two year,Yes,Bank transfer (automatic),112.43,123.17,No
5350-XYLXS,Male,1,Yes,No,61,Yes,Yes,No,No internet service,No internet service,No internet service,No internet service,No internet service,No internet service,Two year,Yes,Mailed check,39.96,2411.81,No
5258-KXWWV,Male,1,No,Yes,52,Yes,No,No,No internet service,No internet service,No internet service,No internet service,No internet service,No internet service,Month-to-month,Yes,Credit card (automatic),43.19,2267.42,No
9473-THMAN,Female,0,No,No,61,Yes,Yes,Fiber optic,No,No,Yes,No,No,Yes,One year,Yes,Credit card (automatic),99.38,6079.13,No
3036-UXBOO,Female,0,No,No,43,Yes,Yes,DSL,Yes,Yes,Yes,Yes,No,Yes,Month-to-month,No,Electronic check,91.32,3927.98,No
7264-GAPGM,Female,0,Yes,Yes,45,Yes,Yes,No,No internet service,No internet service,No internet service,No internet service,No internet service,No internet service,Month-to-month,No,Mailed check,36.04,1618.1,No
7769-QXCAY,Female,0,Yes,No,27,Yes,Yes,Fiber optic,Yes,No,Yes,No,Yes,No,One year,Yes,Credit card (automatic),103.76,2824.53,Yes
8796-PWHYU,Male,0,Yes,Yes,16,Yes,Yes,DSL,No,No,No,No,Yes,Yes,Month-to-month,Yes,Bank transfer (automatic),81.27,1305.8,Yes
4532-RGLMH,Female,0,Yes,No,17,Yes,No,DSL,No,No,No,No,Yes,Yes,Month-to-month,No,Electronic check,80.93,1380.96,Yes
3535-IRBMJ,Female,0,Yes,No,23,Yes,No,Fiber optic,No,No,No,No,No,No,Two year,Yes,Electronic check,84.73,1955.48,Yes
8580-NQVWQ,Female,0,No,No,21,Yes,No,No,No internet service,No internet service,No internet service,No internet service,No internet service,No internet service,Two year,Yes,Bank transfer (automatic),41.08,870.86,No
6610-FDZIF,Female,0,No,Yes,55,Yes,Yes,No,No internet service,No internet service,No internet service,No internet service,No internet service,No internet service,One year,Yes,Bank transfer (automatic),42.54,2363.09,No
5107-QEITD,Female,0,Yes,No,38,Yes,No,No,No internet service,No internet service,No internet service,No internet service,No internet service,No internet service,One year,No,Credit card (automatic),41.51,1545.2,No
5070-VHPVN,Female,1,No,No,29,Yes,No,Fiber optic,Yes,No,No,No,No,No,Two year,Yes,Electronic check,82.55,2391.66,No
4140-HVUVW,Female,0,No,No,52,Yes,No,No,No internet service,No internet service,No internet service,No internet service,No internet service,No internet service,Two year,Yes,Credit card (automatic),41.94,2140.42,No
4817-VCBMF,Female,1,No,No,53,Yes,No,DSL,No,Yes,Yes,No,No,No,Month-to-month,No,Credit card (automatic),75.5,4009.52,No
9797-DGHHC,Female,0,No,No,68,Yes,Yes,DSL,No,No,Yes,No,Yes,Yes,Month-to-month,No,Bank transfer (automatic),93.13,6320.02,No
9417-ESSFR,Male,0,No,Yes,22,Yes,Yes,DSL,No,Yes,Yes,Yes,Yes,No,Month-to-month,No,Bank transfer (automatic),86.76,1911.58,Yes
1709-HXVKR,Male,1,Yes,No,17,Yes,No,Fiber optic,No,No,No,No,No,Yes,Month-to-month,Yes,Electronic check,89.96,1513.88,No
2365-LAAYR,Female,0,Yes,No,0,Yes,Yes,No,No internet service,No internet service,No internet service,No internet service,No internet service,No internet service,Month-to-month,No,Electronic check,40.53, ,Yes
2296-UMFYD,Male,0,No,No,11,Yes,Yes,No,No internet service,No internet service,No internet service,No internet service,No internet service,No internet service,One year,No,Electronic check,39.25,423.06,No
7483-IXSSZ,Male,0,No,No,44,Yes,Yes,No,No internet service,No internet service,No internet service,No internet service,No internet service,No internet service,Two year,No,Electronic check,45.23,1991.76,No
2548-KKVQT,Female,0,No,Yes,59,Yes,No,Fiber optic,Yes,No,No,No,No,No,Two year,No,Electronic check,92.14,5449.99,No
4622-XCRXY,Female,0,No,Yes,43,Yes,No,Fiber optic,No,No,Yes,No,No,No,Month-to-month,Yes,Bank transfer (automatic),93.08,3987.7,No
1776-XTAXN,Female,0,Yes,No,72,Yes,No,DSL,No,Yes,Yes,No,No,Yes,Month-to-month,Yes,Electronic check,82.15,5917.56,No
4621-IBWZK,Male,0,Yes,No,45,Yes,No,Fiber optic,No,No,No,No,Yes,No,Month-to-month,No,Credit card (automatic),92.01,4148.55,Yes
9750-XLXUJ,Male,0,No,Yes,64,Yes,Yes,Fiber optic,Yes,Yes,Yes,Yes,No,No,Month-to-month,No,Credit card (automatic),109.21,6979.64,No
2236-ONAGJ,Female,0,Yes,No,19,No,No phone service,Fiber optic,Yes,Yes,Yes,No,No,No,Month-to-month,No,Electronic check,75.88,1449.31,Yes
8987-RDFZE,Female,0,No,No,23,Yes,Yes,DSL,No,No,No,No,Yes,No,Two year,No,Credit card (automatic),73.4,1662.27,No
9130-YRPYO,Male,0,No,No,59,Yes,No,DSL,No,Yes,No,No,Yes,No,Month-to-month,Yes,Mailed check,82.5,4849.43,No
5784-VFOVQ,Female,0,No,No,48,Yes,No,No,No internet service,No internet service,No internet service,No internet service,No internet service,No internet service,One year,Yes,Credit card (automatic),37.3,1811.59,No
3937-HPJJH,Male,0,Yes,No,35,Yes,No,Fiber optic,Yes,No,No,No,Yes,No,Month-to-month,Yes,Bank transfer (automatic),98.06,3387.42,Yes
1825-PHPYE,Female,0,No,No,69,Yes,No,Fiber optic,Yes,No,No,Yes,Yes,Yes,Month-to-month,No,Electronic check,114.42,7888.19,No
8622-TGFKR,Female,0,Yes,No,55,Yes,Yes,No,No internet service,No internet service,No internet service,No internet service,No internet service,No internet service,Two year,No,Bank transfer (automatic),33.43,1840.04,No
6360-BDXFB,Female,0,No,No,21,Yes,No,Fiber optic,Yes,Yes,No,No,Yes,No,Two year,No,Bank transfer (automatic),106.66,2244.74,No
3367-BOCAL,Female,0,Yes,No,44,Yes,Yes,DSL,Yes,No,No,No,No,No,Month-to-month,No,Credit card (automatic),68.05,2999.84,Yes
6900-OFDNT,Male,0,No,Yes,28,No,No phone service,Fiber optic,Yes,No,No,No,Yes,No,Two year,Yes,Bank transfer (automatic),80.11,2238.65,No
5195-DKYYL,Male,1,No,No,30,Yes,No,Fiber optic,No,No,No,No,No,No,Month-to-month,Yes,Bank transfer (automatic),86.57,2589.5,Yes
9583-OTTNV,Male,1,Yes,Yes,58,No,No phone service,Fiber optic,No,No,No,No,No,Yes,Two year,Yes,Bank transfer (automatic),70.63,4079.58,No
9705-UMIET,Female,0,No,No,49,Yes,Yes,Fiber optic,No,No,No,No,Yes,No,Month-to-month,No,Credit card (automatic),86.43,4266.01,No
7104-CRQPJ,Female,0,Yes,No,0,No,No phone service,Fiber optic,Yes,No,No,No,No,No,Month-to-month,Yes,Bank transfer (automatic),62.08, ,Yes
7940-AFUTW,Female,0,Yes,No,41,Yes,No,DSL,No,No,Yes,No,Yes,No,One year,Yes,Bank transfer (automatic),75.48,3100.54,No
9953-DEEND,Male,1,No,No,47,Yes,No,DSL,No,No,No,No,Yes,Yes,Two year,No,Electronic check,84.25,3958.34,No
9616-ZWBLS,Male,0,No,Yes,37,Yes,Yes,No,No internet service,No internet service,No internet service,No internet service,No internet service,No internet service,Two year,Yes,Credit card (automatic),39.33,1443.26,No
3977-BIQJZ,Female,0,Yes,No,21,Yes,No,Fiber optic,No,No,No,Yes,No,No,Month-to-month,No,Credit card (automatic),96.52,2025.92,No
8223-EWRIS,Female,0,No,No,47,Yes,Yes,No,No internet service,No internet service,No internet service,No internet service,No internet service,No internet service,Two year,Yes,Mailed check,40.92,1903.91,No
9557-IHWPS,Female,0,No,Yes,69,Yes,No,Fiber optic,Yes,No,No,Yes,Yes,Yes,Month-to-month,No,Credit card (automatic),117.11,8108.0,No
9957-FUDFV,Male,1,No,Yes,6,Yes,Yes,DSL,Yes,No,Yes,Yes,Yes,No,Month-to-month,No,Mailed check,93.87,545.61,Yes
4246-AJWLC,Male,1,Yes,No,44,Yes,No,Fiber optic,No,Yes,No,No,No,No,Month-to-month,No,Mailed check,84.97,3713.66,Yes
7232-WPGLU,Female,0,Yes,No,66,Yes,No,Fiber optic,No,Yes,No,No,No,Yes,Month-to-month,No,Credit card (automatic),96.53,6430.47,No
2569-ZHHXW,Female,0,No,No,29,Yes,No,Fiber optic,Yes,Yes,No,No,No,No,Month-to-month,Yes,Mailed check,94.46,2736.49,No
4037-UAUXI,Male,0,Yes,Yes,24,Yes,No,Fiber optic,No,No,No,Yes,No,Yes,One year,No,Bank transfer (automatic),94.66,2254.51,No
3269-VQYAA,Female,0,Yes,No,18,Yes,No,Fiber optic,Yes,Yes,No,No,No,Yes,Month-to-month,Yes,Credit card (automatic),100.12,1817.48,Yes
1317-UCCHF,Male,1,No,No,16,Yes,No,Fiber optic,Yes,No,No,No,No,No,One year,Yes,Credit card (automatic),95.11,1495.06,No
7153-JGZRS,Male,0,Yes,No,28,Yes,No,DSL,No,No,Yes,Yes,No,Yes,Month-to-month,No,Bank transfer (automatic),86.18,2399.16,Yes
7192-ZWKKS,Female,0,No,No,56,Yes,Yes,No,No internet service,No internet service,No internet service,No internet service,No internet service,No internet service,One year,No,Electronic check,47.53,2677.72,No
5788-RRAKC,Female,0,Yes,Yes,13,Yes,No,Fiber optic,No,Yes,Yes,No,Yes,Yes,Month-to-month,No,Bank transfer (automatic),112.06,1499.66,No
6942-AXMLP,Female,0,No,No,16,Yes,Yes,Fiber optic,Yes,No,No,No,No,No,Month-to-month,No,Electronic check,91.27,1480.81,Yes
5023-BUGQU,Male,0,No,Yes,72,Yes,Yes,DSL,No,Yes,No,No,Yes,Yes,One year,No,Bank transfer (automatic),88.83,6410.29,No
1949-DARZL,Female,0,No,No,72,Yes,No,DSL,Yes,No,No,No,Yes,Yes,Two year,No,Bank transfer (automatic),88.07,6368.94,No
7870-CGTYW,Female,1,No,Yes,16,Yes,No,Fiber optic,No,Yes,No,No,No,Yes,Two year,No,Credit card (automatic),98.16,1564.86,No
2020-NTOHB,Female,0,No,Yes,30,Yes,No,Fiber optic,Yes,No,Yes,No,Yes,No,Month-to-month,Yes,Mailed check,103.32,3070.31,No
6749-YCWUZ,Male,0,Yes,No,29,Yes,No,No,No internet service,No internet service,No internet service,No internet service,No internet service,No internet service,Two year,Yes,Bank transfer (automatic),42.21,1210.09,No
4035-TGQCW,Female,0,No,Yes,21,Yes,No,Fiber optic,Yes,Yes,No,Yes,Yes,No,One year,Yes,Mailed check,117.43,2493.52,Yes
5324-YWXSA,Female,0,No,No,11,Yes,No,Fiber optic,Yes,No,Yes,Yes,No,No,Two year,Yes,Bank transfer (automatic),104.35,1124.11,No
9764-UHJUV,Female,0,No,No,4,Yes,Yes,Fiber optic,No,Yes,Yes,No,No,No,Month-to-month,No,Bank transfer (automatic),92.97,369.08,No
2326-BRNQZ,Male,0,Yes,No,44,Yes,Yes,No,No internet service,No internet service,No internet service,No internet service,No internet service,No internet service,Month-to-month,No,Electronic check,35.44,1560.29,No
6922-PCBYY,Female,0,Yes,Yes,3,Yes,Yes,No,No internet service,No internet service,No internet service,No internet service,No internet service,No internet service,Month-to-month,Yes,Bank transfer (automatic),38.13,122.89,No
8624-HVYAF,Male,0,No,No,45,Yes,Yes,DSL,No,No,No,No,No,Yes,Two year,No,Electronic check,75.45,3407.39,No
2887-MTDIW,Male,0,No,No,6,Yes,No,Fiber optic,Yes,Yes,No,No,No,No,Month-to-month,Yes,Credit card (automatic),95.64,586.93,Yes
2700-RKCHV,Female,0,Yes,Yes,11,Yes,Yes,No,No internet service,No internet service,No internet service,No internet service,No internet service,No internet service,Month-to-month,No,Electronic check,39.23,490.79,No
5777-ZMYAB,Male,1,Yes,No,0,Yes,Yes,DSL,Yes,Yes,Yes,No,Yes,No,One year,No,Credit card (automatic),85.84, ,No
9424-UZYRZ,Female,1,No,No,29,Yes,No,DSL,No,No,No,Yes,No,No,Two year,Yes,Electronic check,71.13,2091.76,No
1003-YQWPX,Male,0,Yes,No,23,Yes,Yes,No,No internet service,No internet service,No internet service,No internet service,No internet service,No internet service,One year,Yes,Mailed check,42.24,972.77,No
6634-FOYRU,Female,0,No,No,24,Yes,No,Fiber optic,No,Yes,No,No,No,No,One year,Yes,Bank transfer (automatic),84.33,2063.98,No
6413-HKLTI,Female,0,Yes,No,22,No,No phone service,No,No internet service,No internet service,No internet service,No internet service,No internet service,No internet service,Month-to-month,Yes,Mailed check,25.65,548.83,Yes
5050-RCDCI,Female,1,Yes,No,68,Yes,No,Fiber optic,No,No,No,No,No,Yes,Two year,No,Bank transfer (automatic),95.41,6508.38,No
6662-SMUDM,Male,0,Yes,No,31,Yes,No,Fiber optic,Yes,No,Yes,No,Yes,No,Month-to-month,Yes,Bank transfer (automatic),109.94,3406.17,No
8717-PATUM,Male,0,No,Yes,59,Yes,Yes,Fiber optic,No,No,No,No,No,No,Month-to-month,Yes,Mailed check,86.97,5151.12,No
7012-QHDRY,Male,0,No,No,17,Yes,No,Fiber optic,No,Yes,Yes,No,No,Yes,Month-to-month,No,Bank transfer (automatic),96.92,1658.78,No
4023-FBLBX,Male,1,Yes,No,35,Yes,No,No,No internet service,No internet service,No internet service,No internet service,No internet service,No internet service,Month-to-month,Yes,Mailed check,41.51,1478.68,No
7962-JLFTW,Female,0,Yes,No,4,Yes,Yes,Fiber optic,No,No,Yes,Yes,No,Yes,One year,Yes,Bank transfer (automatic),99.93,409.97,No
8205-DMVGD,Male,0,Yes,No,18,Yes,No,No,No internet service,No internet service,No internet service,No internet service,No internet service,No internet service,One year,Yes,Bank transfer (automatic),38.65,694.88,No
6749-AHFLI,Male,0,Yes,Yes,5,Yes,No,DSL,No,No,Yes,No,No,No,Month-to-month,No,Bank transfer (automatic),68.9,364.8,No
7637-KKUFW,Male,0,No,No,1,Yes,No,No,No internet service,No internet service,No internet service,No internet service,No internet service,No internet service,Month-to-month,No,Electronic check,37.48,21.18,No
6967-JIEBK,Male,1,Yes,Yes,13,Yes,Yes,Fiber optic,Yes,No,Yes,No,No,No,Month-to-month,Yes,Bank transfer (automatic),91.59,1155.41,No
5123-UOYAH,Female,0,No,No,11,Yes,No,DSL,Yes,No,Yes,No,No,No,Month-to-month,No,Mailed check,71.65,744.41,Yes
7585-AEWXI,Female,0,Yes,No,23,No,No phone service,Fiber optic,No,No,Yes,No,Yes,No,Two year,Yes,Electronic check,80.45,1886.88,No
2440-QJDLL,Male,0,Yes,Yes,54,Yes,No,DSL,No,No,No,No,No,No,One year,Yes,Electronic check,61.23,3311.75,No
5082-LSPWQ,Female,0,Yes,No,10,Yes,No,DSL,No,Yes,Yes,No,Yes,No,Month-to-month,Yes,Electronic check,81.08,820.57,Yes
9085-LJZAZ,Female,0,Yes,No,44,No,No phone service,No,No internet service,No internet service,No internet service,No internet service,No internet service,No internet service,Month-to-month,Yes,Credit card (automatic),19.76,862.57,No
4110-FULXL,Male,0,Yes,No,26,Yes,Yes,No,No internet service,No internet service,No internet service,No internet service,No internet service,No internet service,Two year,No,Bank transfer (automatic),46.62,1218.69,No
9866-KEAJP,Male,1,Yes,No,29,Yes,Yes,DSL,Yes,No,Yes,No,Yes,No,Two year,Yes,Electronic check,84.65,2440.9,No
6905-HNARR,Male,0,Yes,No,67,Yes,No,DSL,Yes,No,No,Yes,No,Yes,Two year,Yes,Credit card (automatic),82.73,5542.67,No
1185-WTABV,Male,0,No,No,33,Yes,No,DSL,No,No,No,Yes,Yes,Yes,Month-to-month,Yes,Bank transfer (automatic),90.56,2952.64,No
8566-PIIMP,Male,0,Yes,Yes,19,Yes,No,No,No internet service,No internet service,No internet service,No internet service,No internet service,No internet service,Month-to-month,Yes,Mailed check,31.26,556.48,No
7233-NLQXN,Male,0,Yes,Yes,17,Yes,No,Fiber optic,Yes,No,No,No,No,No,Month-to-month,No,Credit card (automatic),93.03,1555.52,Yes
5468-LXACJ,Female,0,Yes,Yes,12,Yes,Yes,Fiber optic,No,Yes,Yes,No,Yes,No,Two year,Yes,Bank transfer (automatic),108.72,1287.79,No
4811-IKFXH,Male,0,No,No,58,Yes,No,Fiber optic,No,Yes,No,No,No,Yes,Month-to-month,Yes,Mailed check,90.6,5282.34,No
2482-ZZFHC,Female,0,No,No,48,Yes,No,No,No internet service,No internet service,No internet service,No internet service,No internet service,No internet service,One year,Yes,Bank transfer (automatic),30.68,1523.47,No
4051-WFNRX,Male,0,No,No,19,Yes,No,DSL,Yes,Yes,No,Yes,No,No,Month-to-month,Yes,Electronic check,74.72,1442.74,Yes
2654-AQOBH,Male,0,No,No,35,Yes,No,DSL,No,No,Yes,No,Yes,Yes,Two year,No,Mailed check,86.49,2963.66,No
4639-JUTOT,Female,0,No,Yes,36,Yes,Yes,Fiber optic,Yes,No,No,No,No,No,Month-to-month,No,Mailed check,88.75,3230.52,No
5805-MPAAY,Female,0,Yes,No,3,Yes,Yes,No,No internet service,No internet service,No internet service,No internet service,No internet service,No internet service,Two year,No,Electronic check,37.27,104.26,No
6641-AXNKF,Female,0,No,No,66,Yes,Yes,Fiber optic,No,Yes,No,Yes,Yes,Yes,Month-to-month,Yes,Mailed check,117.55,7727.13,No
7366-MYCTA,Male,1,No,Yes,57,Yes,Yes,No,No internet service,No internet service,No internet service,No internet service,No internet service,No internet service,Two year,No,Mailed check,45.22,2615.75,No
6489-VPFNG,Male,0,Yes,No,39,Yes,No,No,No internet service,No internet service,No internet service,No internet service,No internet service,No internet service,Month-to-month,Yes,Electronic check,39.72,1541.11,No
5500-AYVAO,Male,0,No,Yes,52,Yes,Yes,DSL,No,No,No,No,No,No,One year,Yes,Credit card (automatic),61.86,3197.59,Yes
5698-VILJQ,Male,0,Yes,No,7,Yes,No,Fiber optic,No,Yes,Yes,No,No,No,Two year,No,Electronic check,94.51,650.91,No
4320-NBUDI,Female,0,Yes,No,71,Yes,Yes,No,No internet service,No internet service,No internet service,No internet service,No internet service,No internet service,Month-to-month,Yes,Credit card (automatic),42.39,3003.28,No
7086-DQGYO,Male,0,No,Yes,46,Yes,No,DSL,No,No,Yes,No,No,No,Month-to-month,No,Bank transfer (automatic),68.0,3140.29,No
5965-HWERX,Male,0,Yes,No,68,Yes,No,Fiber optic,Yes,Yes,No,No,No,No,Month-to-month,No,Electronic check,101.44,6902.19,Yes
5646-IUAFO,Female,0,No,No,63,Yes,Yes,DSL,Yes,Yes,No,No,No,Yes,Month-to-month,Yes,Mailed check,80.87,5081.99,No
3568-TCETM,Male,0,No,Yes,42,Yes,No,No,No internet service,No internet service,No internet service,No internet service,No internet service,No internet service,One year,No,Bank transfer (automatic),39.77,1631.5,No
8041-CMFVG,Male,0,No,No,21,Yes,No,DSL,Yes,No,No,Yes,No,Yes,Month-to-month,No,Electronic check,93.75,1953.16,Yes
7298-USEDC,Male,0,Yes,No,50,Yes,No,Fiber optic,No,Yes,Yes,No,No,No,Month-to-month,No,Bank transfer (automatic),92.72,4641.03,No
8550-JEZGO,Male,0,No,Yes,37,Yes,Yes,Fiber optic,Yes,No,Yes,No,No,No,Month-to-month,Yes,Mailed check,94.54,3483.44,Yes
7135-NNUBM,Female,0,No,No,29,Yes,No,Fiber optic,No,No,No,Yes,No,No,Month-to-month,No,Electronic check,88.8,2578.14,Yes
9420-SMBKH,Female,0,Yes,No,51,Yes,Yes,DSL,No,No,No,No,No,No,Month-to-month,Yes,Bank transfer (automatic),70.23,3581.89,No
3197-LFIMA,Female,0,Yes,Yes,64,Yes,No,DSL,No,Yes,No,No,No,Yes,One year,Yes,Electronic check,85.57,5499.45,No
2124-MGGIL,Male,0,No,No,12,Yes,Yes,No,No internet service,No internet service,No internet service,No internet service,No internet service,No internet service,Month-to-month,Yes,Mailed check,39.27,476.99,No
1627-WGDTN,Female,0,No,No,40,Yes,No,No,No internet service,No internet service,No internet service,No internet service,No internet service,No internet service,Two year,No,Mailed check,40.85,1651.56,No
4783-JDHUK,Female,0,Yes,No,56,Yes,No,Fiber optic,Yes,Yes,Yes,No,No,No,One year,Yes,Mailed check,103.22,5775.91,No
7010-DHOAL,Male,1,Yes,Yes,23,Yes,Yes,DSL,No,No,No,No,No,Yes,Month-to-month,No,Credit card (automatic),70.79,1661.06,Yes
4227-XKBWS,Female,0,No,Yes,24,No,No phone service,Fiber optic,No,Yes,No,Yes,Yes,No,Two year,Yes,Bank transfer (automatic),87.69,2095.52,No
5489-AGMCJ,Male,0,Yes,No,0,Yes,No,Fiber optic,No,No,No,Yes,Yes,No,One year,Yes,Credit card (automatic),100.34, ,No
3887-FFZVN,Female,1,Yes,No,23,Yes,No,Fiber optic,No,No,No,Yes,No,No,One year,Yes,Bank transfer (automatic),84.02,1959.29,No
9351-XDORZ,Female,0,No,Yes,42,Yes,Yes,DSL,No,Yes,No,No,Yes,Yes,Month-to-month,No,Credit card (automatic),86.71,3629.29,Yes
8763-YOBEH,Male,0,Yes,No,70,Yes,No,DSL,No,No,No,Yes,No,No,One year,Yes,Mailed check,71.67,4995.16,No
9682-XFIFM,Male,0,Yes,No,38,Yes,No,DSL,No,No,No,Yes,Yes,No,Month-to-month,No,Bank transfer (automatic),72.49,2732.27,No
9422-FYVXI,Male,0,No,No,21,Yes,Yes,Fiber optic,Yes,No,Yes,Yes,Yes,No,Month-to-month,Yes,Credit card (automatic),112.35,2349.41,No
4452-PMMRQ,Female,0,No,No,59,Yes,Yes,DSL,Yes,No,No,No,No,No,Month-to-month,No,Credit card (automatic),63.82,3760.07,No
5893-QJERG,Male,0,No,No,13,Yes,Yes,Fiber optic,No,No,Yes,No,Yes,Yes,Month-to-month,No,Credit card (automatic),105.51,1379.96,No
9035-ICUTK,Female,0,Yes,No,13,Yes,Yes,Fiber optic,No,Yes,Yes,No,No,No,One year,No,Mailed check,91.38,1203.39,No
8436-QPJXA,Male,0,No,No,38,Yes,No,Fiber optic,No,No,Yes,No,No,No,Month-to-month,No,Mailed check,92.43,3512.96,No
4066-OSJIV,Male,0,No,No,59,Yes,Yes,Fiber optic,No,No,No,No,No,Yes,Month-to-month,Yes,Electronic check,96.08,5687.71,No
8883-VLQZC,Female,0,No,No,15,Yes,No,Fiber optic,No,No,No,Yes,No,No,Two year,Yes,Electronic check,88.41,1342.48,No
4406-QBLXY,Female,0,No,No,1,Yes,No,DSL,No,No,No,No,No,Yes,Month-to-month,Yes,Mailed check,72.88,54.4,Yes
3132-NKGWP,Female,0,No,No,52,Yes,No,DSL,Yes,No,Yes,Yes,Yes,No,Month-to-month,No,Electronic check,88.2,4566.89,No
1545-OAJBS,Male,0,No,No,42,Yes,No,Fiber optic,No,No,Yes,Yes,No,No,Month-to-month,Yes,Electronic check,97.33,4078.97,No
9440-MBLLZ,Male,1,No,No,50,Yes,No,Fiber optic,No,No,Yes,No,No,Yes,Two year,No,Electronic check,97.49,4831.54,No
6413-NJMWV,Male,0,Yes,No,28,Yes,No,Fiber optic,Yes,Yes,Yes,Yes,Yes,Yes,One year,No,Bank transfer (automatic),120.0,3361.63,No
8416-TQDXN,Female,0,No,Yes,8,Yes,No,Fiber optic,No,No,Yes,No,No,Yes,One year,No,Credit card (automatic),92.5,735.51,No
1005-IWQPJ,Female,0,No,Yes,24,Yes,No,DSL,No,Yes,Yes,No,No,Yes,Two year,Yes,Mailed check,84.28,2055.35,No
8314-QEMUM,Male,0,Yes,No,34,Yes,Yes,DSL,No,No,No,No,Yes,No,One year,Yes,Credit card (automatic),70.42,2416.29,No
8783-YFXWZ,Female,0,Yes,No,31,No,No phone service,Fiber optic,No,Yes,No,No,Yes,No,Two year,Yes,Credit card (automatic),80.14,2478.38,No
7478-QNSWE,Male,1,No,No,64,Yes,Yes,Fiber optic,Yes,No,No,No,No,No,One year,Yes,Electronic check,89.13,5723.9,No
4401-BNGHI,Female,0,Yes,No,16,Yes,No,Fiber optic,No,Yes,No,No,No,No,Two year,No,Credit card (automatic),85.28,1361.26,No
1492-CTLHK,Female,0,No,Yes,22,Yes,Yes,DSL,No,No,No,No,No,No,One year,No,Electronic check,64.97,1438.79,No
2071-PYWFX,Female,1,No,No,13,Yes,Yes,No,No internet service,No internet service,No internet service,No internet service,No internet service,No internet service,Month-to-month,Yes,Electronic check,42.94,519.63,Yes
3131-QGXRF,Male,0,Yes,Yes,41,Yes,Yes,Fiber optic,No,No,No,No,No,No,Month-to-month,No,Mailed check,83.42,3409.09,No
4029-OAXOY,Female,1,Yes,No,58,No,No phone service,Fiber optic,Yes,No,No,No,Yes,Yes,Month-to-month,No,Bank transfer (automatic),92.29,5356.15,No
7241-ZNVRB,Male,0,No,No,64,Yes,No,Fiber optic,No,No,No,No,Yes,No,Month-to-month,Yes,Mailed check,97.25,6218.71,No
6190-UYDQV,Female,0,Yes,No,16,Yes,Yes,Fiber optic,Yes,No,Yes,Yes,No,No,Two year,Yes,Electronic check,104.39,1696.16,Yes
4404-EYTJW,Male,1,No,No,31,Yes,Yes,Fiber optic,No,Yes,Yes,Yes,Yes,No,One year,No,Bank transfer (automatic),102.79,3193.71,No
1718-DGATT,Female,0,Yes,Yes,53,Yes,No,DSL,No,No,Yes,No,No,No,Two year,No,Credit card (automatic),67.06,3566.48,No
4845-OXJMK,Male,0,Yes,Yes,3,Yes,Yes,DSL,No,No,No,No,Yes,Yes,One year,No,Credit card (automatic),83.4,254.55,No
1363-CJTVX,Male,0,No,No,51,Yes,No,DSL,No,No,No,No,No,Yes,Two year,No,Electronic check,68.63,3500.53,No
3564-EQOCT,Female,0,Yes,Yes,9,Yes,Yes,No,No internet service,No internet service,No internet service,No internet service,No internet service,No internet service,One year,Yes,Credit card (automatic),40.54,383.33,No
7228-IDYPH,Female,0,No,No,2,Yes,No,No,No internet service,No internet service,No internet service,No internet service,No internet service,No internet service,Month-to-month,No,Mailed check,41.54,118.85,No
7102-ZSCKB,Male,0,No,Yes,8,No,No phone service,Fiber optic,Yes,No,Yes,No,Yes,No,Month-to-month,Yes,Credit card (automatic),82.46,617.91,Yes
4729-MYAZU,Female,0,Yes,No,64,Yes,No,Fiber optic,No,No,No,Yes,No,Yes,Month-to-month,No,Electronic check,96.92,6182.71,No
3727-SUAXC,Male,0,Yes,Yes,49,Yes,Yes,DSL,No,Yes,No,Yes,Yes,No,Month-to-month,Yes,Credit card (automatic),82.93,4064.77,Yes
5981-LLZBV,Male,0,No,No,57,Yes,No,No,No internet service,No internet service,No internet service,No internet service,No internet service,No internet service,Month-to-month,Yes,Mailed check,42.4,2443.78,No
8410-JEITS,Male,0,No,No,50,Yes,No,DSL,Yes,No,No,No,Yes,No,Month-to-month,No,Mailed check,80.41,4036.26,Yes
6421-HXSBB,Male,0,No,Yes,58,Yes,No,DSL,No,No,No,No,No,No,Month-to-month,Yes,Credit card (automatic),69.2,3997.31,No
7329-VSEVJ,Male,0,No,No,36,Yes,No,No,No internet service,No internet service,No internet service,No internet service,No internet service,No internet service,Month-to-month,Yes,Bank transfer (automatic),38.85,1390.8,No
7350-SHFTZ,Male,0,Yes,Yes,59,Yes,No,DSL,No,Yes,No,No,Yes,No,Two year,Yes,Mailed check,80.28,4751.59,No
6461-IJOUW,Male,0,Yes,No,4,Yes,Yes,No,No internet service,No internet service,No internet service,No internet service,No internet service,No internet service,Month-to-month,Yes,Bank transfer (automatic),38.81,143.28,Yes
8281-ZMXRX,Male,0,No,Yes,42,Yes,Yes,No,No internet service,No internet service,No internet service,No internet service,No internet service,No internet service,Two year,Yes,Mailed check,35.64,1502.56,No
1410-SYCYG,Male,0,No,No,55,Yes,Yes,No,No internet service,No internet service,No internet service,No internet service,No internet service,No internet service,Month-to-month,Yes,Electronic check,42.02,2297.5,No
5238-RCQSQ,Female,0,No,Yes,72,Yes,No,Fiber optic,Yes,No,No,No,No,No,Two year,No,Mailed check,94.22,6793.62,No
3424-DQGDQ,Female,0,Yes,No,26,Yes,No,Fiber optic,No,No,No,No,No,Yes,Two year,Yes,Bank transfer (automatic),90.39,2362.87,No
3640-MWQGG,Male,1,No,No,13,Yes,Yes,Fiber optic,Yes,No,No,No,No,No,Two year,Yes,Electronic check,84.72,1047.53,Yes
9526-NKAKB,Male,1,No,No,52,Yes,No,No,No internet service,No internet service,No internet service,No internet service,No internet service,No internet service,Month-to-month,Yes,Electronic check,40.31,2132.1,No
3755-HFAXK,Female,0,Yes,No,5,Yes,No,Fiber optic,No,Yes,Yes,No,Yes,No,One year,No,Electronic check,101.97,548.0,No
5635-ILMEC,Female,1,No,Yes,56,Yes,Yes,No,No internet service,No internet service,No internet service,No internet service,No internet service,No internet service,Month-to-month,Yes,Mailed check,41.24,2268.76,No
3989-LZEEL,Female,1,No,No,51,Yes,Yes,No,No internet service,No internet service,No internet service,No internet service,No internet service,No internet service,Month-to-month,Yes,Electronic check,39.24,1996.67,No
9131-FNRZF,Female,0,Yes,No,50,Yes,Yes,Fiber optic,Yes,No,No,No,No,No,One year,No,Electronic check,88.5,4392.37,No
4641-AJZPS,Female,0,Yes,No,21,Yes,Yes,No,No internet service,No internet service,No internet service,No internet service,No internet service,No internet service,Month-to-month,No,Mailed check,44.33,888.32,Yes
6497-UEBQR,Female,0,Yes,No,8,Yes,No,DSL,No,No,No,Yes,No,No,Month-to-month,Yes,Bank transfer (automatic),70.61,581.09,Yes
5114-NBXES,Male,0,No,No,44,Yes,No,No,No internet service,No internet service,No internet service,No internet service,No internet service,No internet service,Two year,Yes,Electronic check,40.17,1803.72,No
4240-FBESF,Male,0,Yes,No,26,Yes,No,No,No internet service,No internet service,No internet service,No internet service,No internet service,No internet service,Month-to-month,Yes,Electronic check,41.7,1083.74,No
6459-PELMY,Male,0,Yes,No,28,Yes,Yes,DSL,No,Yes,No,Yes,No,Yes,One year,No,Mailed check,89.47,2536.4,No
8690-TIDHY,Male,0,Yes,No,13,Yes,No,Fiber optic,Yes,No,Yes,No,Yes,No,Month-to-month,Yes,Mailed check,112.56,1450.04,Yes
4447-TCALX,Female,1,Yes,No,24,Yes,Yes,Fiber optic,No,No,Yes,No,Yes,No,Month-to-month,No,Credit card (automatic),96.13,2278.13,Yes
8453-REJFB,Female,0,Yes,No,60,Yes,No,No,No internet service,No internet service,No internet service,No internet service,No internet service,No internet service,Month-to-month,Yes,Credit card (automatic),38.98,2331.01,Yes
2086-UBFJM,Female,0,No,No,65,Yes,Yes,DSL,Yes,No,No,No,No,No,Month-to-month,Yes,Mailed check,68.96,4466.74,No
9064-YZTCO,Male,0,Yes,No,25,Yes,No,Fiber optic,Yes,No,No,No,No,No,Two year,No,Electronic check,92.23,2314.33,No
7910-JWRQP,Male,0,Yes,Yes,10,Yes,No,Fiber optic,No,Yes,No,No,Yes,No,Two year,Yes,Electronic check,104.2,1063.75,No
3548-GCUVD,Male,1,Yes,No,2,Yes,Yes,Fiber optic,No,No,Yes,No,No,No,Month-to-month,Yes,Bank transfer (automatic),80.95,138.82,No
2690-FQDBP,Female,0,Yes,No,13,Yes,No,No,No internet service,No internet service,No internet service,No internet service,No internet service,No internet service,Month-to-month,No,Mailed check,47.66,592.5,No
1309-ABYZQ,Male,0,Yes,Yes,0,Yes,No,Fiber optic,No,Yes,No,Yes,No,No,Two year,Yes,Electronic check,92.03, ,No
4944-XCDMF,Male,0,No,No,48,Yes,No,Fiber optic,No,Yes,No,Yes,No,Yes,Month-to-month,Yes,Bank transfer (automatic),106.71,5115.08,No
5301-TAVXG,Female,0,No,Yes,46,Yes,No,No,No internet service,No internet service,No internet service,No internet service,No internet service,No internet service,Month-to-month,Yes,Bank transfer (automatic),40.36,1872.14,No
8947-SHVZH,Female,0,No,Yes,57,Yes,Yes,DSL,Yes,Yes,No,No,No,No,Month-to-month,No,Electronic check,75.57,4291.03,No
7651-JPKAT,Female,0,Yes,No,24,Yes,No,DSL,No,No,No,No,No,No,Two year,No,Electronic check,62.28,1481.57,No
1038-JQCHO,Male,0,No,No,60,Yes,Yes,DSL,No,No,No,Yes,Yes,No,Month-to-month,No,Mailed check,73.3,4418.51,No
3769-BOOAH,Male,0,No,No,12,Yes,No,No,No internet service,No internet service,No internet service,No internet service,No internet service,No internet service,Month-to-month,No,Mailed check,39.45,489.83,Yes
5925-RGEHT,Male,0,Yes,Yes,16,Yes,Yes,No,No internet service,No internet service,No internet service,No internet service,No internet service,No internet service,Two year,Yes,Mailed check,38.67,646.57,No
3485-YBTYH,Male,0,Yes,No,66,Yes,No,Fiber optic,No,No,Yes,No,No,Yes,Two year,No,Credit card (automatic),97.31,6418.27,No
3619-ORVXU,Female,0,No,Yes,64,Yes,No,DSL,No,No,Yes,No,Yes,No,One year,No,Electronic check,79.29,5100.45,No
4327-BNBTC,Male,0,Yes,No,43,Yes,Yes,Fiber optic,No,Yes,No,No,Yes,No,One year,Yes,Mailed check,96.92,4176.47,No
1861-LPEPS,Male,0,Yes,Yes,44,Yes,No,Fiber optic,No,Yes,Yes,No,No,No,Two year,No,Bank transfer (automatic),90.77,4001.98,No
2338-XEAXT,Female,0,No,No,51,Yes,Yes,Fiber optic,Yes,No,Yes,Yes,No,Yes,One year,Yes,Bank transfer (automatic),112.64,5727.56,No
7725-AMCUL,Male,1,Yes,Yes,60,No,No phone service,DSL,No,No,No,No,Yes,No,Two year,No,Credit card (automatic),55.8,3361.21,No
8898-ZIHZN,Male,0,No,Yes,16,No,No phone service,DSL,Yes,No,No,No,No,No,Month-to-month,No,Electronic check,48.9,777.31,Yes
7429-ZKQUJ,Male,0,Yes,No,5,Yes,No,No,No internet service,No internet service,No internet service,No internet service,No internet service,No internet service,Month-to-month,Yes,Credit card (automatic),40.14,237.92,No
6979-IUHMC,Male,0,Yes,No,13,Yes,No,Fiber optic,No,Yes,No,Yes,No,Yes,Two year,Yes,Electronic check,103.16,1341.05,Yes
8773-CASEO,Male,0,Yes,No,26,Yes,Yes,DSL,Yes,No,No,Yes,No,No,One year,No,Electronic check,78.74,2043.61,No
9939-DFKUG,Female,0,Yes,No,17,Yes,Yes,No,No internet service,No internet service,No internet service,No internet service,No internet service,No internet service,Month-to-month,No,Credit card (automatic),38.11,673.42,No
9752-KSQMD,Female,0,No,No,38,Yes,No,Fiber optic,No,No,Yes,Yes,Yes,No,One year,Yes,Electronic check,103.35,3928.98,No
4771-SEBNA,Male,0,No,Yes,10,Yes,No,Fiber optic,No,No,Yes,No,No,No,Two year,Yes,Credit card (automatic),92.34,906.37,No
3890-WFSCC,Male,0,No,No,42,Yes,Yes,DSL,No,Yes,No,No,No,No,Month-to-month,No,Bank transfer (automatic),66.62,2767.41,No
4343-BSVDC,Male,0,No,No,51,Yes,No,No,No internet service,No internet service,No internet service,No internet service,No internet service,No internet service,Two year,Yes,Bank transfer (automatic),41.66,2106.76,No
6129-TDQHV,Female,0,Yes,No,7,No,No phone service,DSL,No,Yes,Yes,Yes,No,Yes,Month-to-month,Yes,Electronic check,71.29,462.51,No
6997-LNPJD,Female,0,Yes,No,20,No,No phone service,No,No internet service,No internet service,No internet service,No internet service,No internet service,No internet service,One year,Yes,Mailed check,18.0,358.12,No
7257-XOJXF,Female,0,Yes,No,39,Yes,No,Fiber optic,No,No,No,Yes,Yes,Yes,Two year,Yes,Credit card (automatic),109.37,4282.62,No
4766-AQLUA,Male,0,No,No,4,Yes,No,DSL,Yes,Yes,Yes,No,Yes,No,Two year,No,Electronic check,91.62,355.1,No
6967-QMTBC,Male,0,No,Yes,48,Yes,Yes,DSL,No,No,No,No,No,Yes,Two year,Yes,Mailed check,76.16,3706.32,No
8807-MBLMD,Male,0,Yes,No,55,Yes,No,No,No internet service,No internet service,No internet service,No internet service,No internet service,No internet service,One year,No,Electronic check,38.45,2086.4,No
2976-NTRRS,Male,1,No,No,26,Yes,Yes,DSL,Yes,No,No,No,Yes,No,Month-to-month,No,Electronic check,79.16,2068.76,Yes
2953-DSSIR,Male,0,No,No,0,Yes,Yes,DSL,Yes,No,No,Yes,No,No,One year,Yes,Mailed check,76.37, ,No
3462-DDFII,Female,0,Yes,No,36,Yes,Yes,Fiber optic,No,Yes,No,No,Yes,Yes,Month-to-month,Yes,Electronic check,108.65,3902.94,No
9723-TEIXT,Male,0,No,No,63,Yes,Yes,DSL,Yes,No,Yes,Yes,Yes,Yes,One year,Yes,Credit card (automatic),100.84,6349.81,No
9613-RNTQB,Female,0,No,Yes,21,No,No phone service,Fiber optic,No,Yes,Yes,No,Yes,Yes,Month-to-month,Yes,Mailed check,93.11,1988.56,No
4661-LOEUC,Female,0,No,No,61,Yes,No,Fiber optic,No,No,No,No,No,No,Month-to-month,Yes,Bank transfer (automatic),89.65,5490.11,No
9414-HNQKS,Female,0,Yes,No,63,Yes,Yes,DSL,Yes,Yes,No,No,No,Yes,Month-to-month,No,Bank transfer (automatic),86.89,5492.78,No
1435-XJSAC,Male,0,Yes,No,20,Yes,Yes,Fiber optic,No,Yes,No,No,No,No,Month-to-month,No,Credit card (automatic),91.01,1801.49,Yes
4056-SXCYV,Female,0,Yes,No,43,Yes,No,DSL,Yes,No,No,No,No,No,Month-to-month,Yes,Electronic check,67.12,2896.07,No
8850-AFOLV,Male,0,No,No,3,Yes,No,No,No internet service,No internet service,No internet service,No internet service,No internet service,No internet service,Month-to-month,Yes,Bank transfer (automatic),44.03,148.42,No
9917-JQKYR,Male,0,No,Yes,40,Yes,No,DSL,No,Yes,No,No,No,No,Month-to-month,Yes,Electronic check,72.08,2900.51,No
5375-IBYPF,Male,1,No,Yes,64,Yes,No,Fiber optic,Yes,No,No,No,No,No,Month-to-month,No,Credit card (automatic),87.17,5550.94,No
3874-APYQL,Male,0,Yes,No,68,Yes,Yes,Fiber optic,No,No,No,No,No,No,Two year,No,Credit card (automatic),86.48,5887.45,No
4461-VVRIU,Female,0,Yes,No,14,Yes,No,Fiber optic,Yes,No,Yes,Yes,No,Yes,Month-to-month,Yes,Credit card (automatic),114.19,1605.29,No
3217-JIYYG,Female,0,No,No,48,No,No phone service,DSL,Yes,No,No,No,No,Yes,Two year,Yes,Electronic check,59.73,2889.43,No
9998-QVNIB,Female,0,Yes,Yes,4,No,No phone service,DSL,No,Yes,Yes,No,No,Yes,Month-to-month,Yes,Electronic check,61.22,239.6,Yes
8165-VLCPU,Male,0,No,Yes,20,Yes,No,Fiber optic,No,No,Yes,No,Yes,No,Two year,No,Credit card (automatic),100.85,1993.93,No
5657-LWRYK,Male,0,No,Yes,60,No,No phone service,Fiber optic,No,Yes,Yes,No,No,No,One year,No,Bank transfer (automatic),73.87,4413.23,No
5557-REQBK,Female,0,Yes,No,46,Yes,Yes,Fiber optic,No,No,Yes,No,No,Yes,Two year,Yes,Mailed check,106.25,4894.76,No
4137-WRYBY,Male,0,Yes,Yes,28,No,No phone service,DSL,Yes,No,No,Yes,No,No,Two year,No,Mailed check,56.34,1600.76,No
1181-UCEBZ,Female,0,Yes,Yes,70,No,No phone service,Fiber optic,No,No,Yes,Yes,Yes,Yes,One year,Yes,Electronic check,98.96,6919.88,No
2362-OJFAP,Female,0,Yes,No,55,Yes,Yes,DSL,No,Yes,No,No,No,No,Month-to-month,Yes,Bank transfer (automatic),62.79,3459.31,No
3520-PSLLC,Female,0,No,No,1,Yes,No,Fiber optic,Yes,No,No,No,No,Yes,Month-to-month,No,Mailed check,104.98,64.01,Yes
4268-RTEIG,Female,0,Yes,No,5,Yes,Yes,Fiber optic,No,No,Yes,Yes,Yes,No,Month-to-month,Yes,Credit card (automatic),105.71,485.94,No
6253-UWRAD,Male,0,Yes,Yes,45,Yes,Yes,DSL,No,No,Yes,Yes,No,No,Two year,Yes,Bank transfer (automatic),73.3,3308.02,No
1454-ODGGS,Male,0,Yes,No,64,Yes,Yes,No,No internet service,No internet service,No internet service,No internet service,No internet service,No internet service,Two year,Yes,Credit card (automatic),40.23,2583.89,No
6298-JKFCI,Male,1,Yes,No,11,Yes,No,Fiber optic,No,No,Yes,No,No,No,Month-to-month,Yes,Electronic check,85.33,952.93,Yes
4310-WIBNT,Male,0,No,No,39,Yes,No,DSL,Yes,Yes,No,Yes,No,Yes,One year,Yes,Bank transfer (automatic),85.59,3296.2,No
4141-YEGZE,Male,0,No,Yes,59,Yes,No,DSL,Yes,No,No,No,Yes,No,Month-to-month,No,Credit card (automatic),82.43,4892.46,No
2755-YSKGF,Female,0,No,Yes,62,Yes,No,Fiber optic,No,No,Yes,No,Yes,No,One year,No,Bank transfer (automatic),105.95,6557.69,No
2249-IDNZK,Male,0,No,No,46,Yes,No,No,No internet service,No internet service,No internet service,No internet service,No internet service,No internet service,One year,Yes,Bank transfer (automatic),41.96,1918.04,No
8689-NWKRN,Female,0,Yes,Yes,72,Yes,Yes,DSL,No,Yes,Yes,No,No,Yes,Month-to-month,No,Electronic check,81.89,5909.42,No
7903-XEVFP,Female,1,No,No,68,Yes,Yes,DSL,Yes,No,Yes,Yes,No,Yes,Two year,Yes,Electronic check,82.01,5578.32,No
5821-KVWEJ,Female,0,Yes,No,60,No,No phone service,Fiber optic,No,No,No,No,Yes,No,Month-to-month,Yes,Bank transfer (automatic),72.75,4398.86,No
9500-WFEWH,Male,0,No,Yes,48,Yes,No,Fiber optic,No,No,No,No,No,No,Two year,Yes,Mailed check,83.21,4008.47,No
9377-PJSSX,Female,0,Yes,Yes,71,Yes,No,Fiber optic,No,Yes,No,Yes,No,No,One year,Yes,Credit card (automatic),97.43,6948.37,No
3648-LRKSB,Male,0,Yes,Yes,1,Yes,No,Fiber optic,No,Yes,No,No,No,No,Month-to-month,Yes,Bank transfer (automatic),93.28,84.94,No
9808-RSUHA,Male,0,Yes,No,6,Yes,No,Fiber optic,No,Yes,Yes,No,No,No,Month-to-month,No,Mailed check,94.85,593.63,Yes
6482-QAHST,Male,0,No,Yes,37,Yes,No,DSL,No,No,No,No,Yes,No,Month-to-month,Yes,Bank transfer (automatic),76.1,2771.28,No
9097-BSMFW,Male,0,Yes,No,48,Yes,No,Fiber optic,No,No,No,Yes,No,Yes,One year,Yes,Bank transfer (automatic),96.94,4651.44,No
6333-ZMSBC,Male,0,No,Yes,65,No,No phone service,DSL,No,No,No,Yes,Yes,Yes,Two year,No,Bank transfer (automatic),67.8,4380.12,No
4622-ODNVM,Male,0,Yes,No,49,Yes,No,DSL,Yes,No,No,No,Yes,No,Month-to-month,No,Bank transfer (automatic),77.63,3806.5,No
2059-MNAQR,Female,0,No,No,16,Yes,No,No,No internet service,No internet service,No internet service,No internet service,No internet service,No internet service,Month-to-month,No,Mailed check,45.25,727.69,Yes
7001-PUOFS,Male,0,No,No,66,Yes,Yes,DSL,No,Yes,No,Yes,Yes,No,Month-to-month,No,Electronic check,84.79,5615.28,Yes
3884-OSLAI,Male,0,Yes,No,6,Yes,Yes,DSL,No,No,No,Yes,Yes,No,Month-to-month,Yes,Credit card (automatic),79.13,479.9,Yes
2170-KGNRJ,Female,0,Yes,No,6,No,No phone service,No,No internet service,No internet service,No internet service,No internet service,No internet service,No internet service,Month-to-month,Yes,Electronic check,18.0,93.41,No
5732-LSQWO,Female,0,Yes,No,52,Yes,Yes,No,No internet service,No internet service,No internet service,No internet service,No internet service,No internet service,One year,Yes,Electronic check,39.56,2048.0,No
6617-LBWNI,Female,0,No,No,70,Yes,Yes,No,No internet service,No internet service,No internet service,No internet service,No internet service,No internet service,Month-to-month,Yes,Credit card (automatic),36.97,2592.03,No
6554-GTIYQ,Male,0,No,No,36,Yes,Yes,DSL,No,Yes,Yes,Yes,Yes,No,Two year,No,Mailed check,88.96,3189.71,No
5660-AUJBB,Female,0,Yes,Yes,9,Yes,No,Fiber optic,No,Yes,Yes,Yes,No,No,Month-to-month,No,Credit card (automatic),96.47,892.13,No
4675-UKJIE,Female,0,Yes,No,3,Yes,No,Fiber optic,No,No,No,No,No,Yes,One year,Yes,Mailed check,98.24,287.3,Yes
5344-MIJTY,Male,0,Yes,Yes,71,Yes,No,Fiber optic,No,No,Yes,Yes,Yes,Yes,Month-to-month,No,Mailed check,105.55,7514.62,No
8495-RCMSZ,Male,0,Yes,No,20,Yes,No,DSL,No,No,Yes,Yes,Yes,Yes,Month-to-month,Yes,Bank transfer (automatic),93.55,1857.52,Yes
7224-TWFZM,Female,0,No,Yes,46,Yes,No,Fiber optic,No,Yes,Yes,Yes,Yes,Yes,Month-to-month,No,Mailed check,116.88,5389.01,No
9242-NWXKO,Male,0,Yes,Yes,23,Yes,No,DSL,No,No,No,No,No,No,One year,No,Credit card (automatic),64.17,1471.75,No
4114-RNEOK,Male,1,Yes,No,15,Yes,No,Fiber optic,Yes,No,No,No,No,Yes,Two year,Yes,Bank transfer (automatic),102.08,1554.55,No
8853-EMLMW,Female,1,No,No,48,Yes,Yes,Fiber optic,No,No,No,Yes,No,No,Month-to-month,Yes,Mailed check,92.8,4492.71,Yes
7396-WRDCK,Female,0,No,No,53,No,No phone service,Fiber optic,No,No,No,No,No,No,Month-to-month,Yes,Credit card (automatic),63.7,3380.29,No
9438-YDDLE,Female,0,No,No,34,Yes,No,Fiber optic,No,No,Yes,Yes,No,No,One year,Yes,Mailed check,99.41,3417.99,No
1442-CKNJZ,Female,0,Yes,No,37,No,No phone service,No,No internet service,No internet service,No internet service,No internet service,No internet service,No internet service,Month-to-month,Yes,Electronic check,24.05,886.81,No
8137-XTFYU,Female,1,No,No,35,Yes,No,No,No internet service,No internet service,No internet service,No internet service,No internet service,No internet service,Two year,No,Electronic check,44.75,1570.26,No
9741-ARPAW,Male,0,No,No,43,Yes,Yes,Fiber optic,No,Yes,No,No,No,No,Month-to-month,Yes,Mailed check,89.29,3837.36,Yes
2337-JDKLQ,Male,0,No,No,58,Yes,No,DSL,No,No,Yes,No,No,No,Two year,No,Bank transfer (automatic),74.85,4321.25,No
7432-WFOPY,Female,0,Yes,Yes,51,Yes,Yes,No,No internet service,No internet service,No internet service,No internet service,No internet service,No internet service,One year,No,Credit card (automatic),38.98,2017.27,No
5692-PBIFV,Male,0,No,No,20,No,No phone service,DSL,No,Yes,Yes,No,No,No,Month-to-month,Yes,Bank transfer (automatic),53.28,1068.75,Yes
1802-VYQED,Male,0,No,No,18,Yes,No,DSL,No,No,No,No,No,No,One year,Yes,Bank transfer (automatic),65.27,1166.48,Yes
4516-AWBTG,Female,0,No,No,49,Yes,No,Fiber optic,Yes,No,Yes,No,Yes,Yes,Month-to-month,Yes,Electronic check,115.23,5631.98,No
3753-GJQYL,Female,0,No,Yes,47,Yes,No,Fiber optic,Yes,No,Yes,No,Yes,No,One year,Yes,Bank transfer (automatic),101.95,4829.53,No
5730-AJWAP,Male,0,No,Yes,26,Yes,No,DSL,Yes,No,No,No,No,No,Two year,Yes,Mailed check,70.88,1840.02,No
2799-KMKNC,Male,1,No,Yes,61,Yes,No,DSL,Yes,No,No,No,Yes,No,One year,No,Bank transfer (automatic),77.8,4742.74,No
5183-NJZUN,Female,0,No,No,30,No,No phone service,DSL,No,No,No,No,No,Yes,Month-to-month,No,Mailed check,49.97,1519.64,No
1901-APQBA,Male,0,Yes,No,24,Yes,Yes,Fiber optic,No,Yes,No,Yes,No,Yes,Month-to-month,Yes,Mailed check,115.42,2801.04,Yes
8823-XANOR,Female,0,Yes,No,40,Yes,No,Fiber optic,Yes,Yes,Yes,No,No,Yes,Month-to-month,Yes,Mailed check,106.08,4232.91,No
3991-WRUMO,Female,0,No,Yes,14,Yes,No,Fiber optic,No,Yes,No,No,Yes,No,One year,No,Mailed check,102.77,1451.29,No
9397-KKYJA,Female,1,No,No,50,Yes,Yes,Fiber optic,No,Yes,No,Yes,No,No,One year,No,Bank transfer (automatic),91.81,4602.97,No
6281-KAMOW,Male,0,No,No,65,Yes,Yes,No,No internet service,No internet service,No internet service,No internet service,No internet service,No internet service,Month-to-month,No,Electronic check,40.54,2631.61,No
4063-EKSNR,Female,0,No,No,68,Yes,No,Fiber optic,No,No,No,No,Yes,Yes,One year,No,Electronic check,102.61,6969.83,No
1845-YHWPM,Male,1,No,No,32,Yes,Yes,Fiber optic,No,No,No,Yes,Yes,No,Two year,Yes,Electronic check,96.63,3080.01,Yes
9771-CZVJG,Female,0,No,Yes,19,Yes,No,Fiber optic,No,No,Yes,Yes,Yes,No,One year,No,Mailed check,105.09,2017.51,No
4317-TCOCB,Male,0,Yes,No,34,Yes,Yes,Fiber optic,Yes,Yes,No,No,Yes,No,Month-to-month,No,Electronic check,111.85,3807.96,Yes
5308-ASDWH,Male,0,No,No,7,No,No phone service,Fiber optic,No,Yes,Yes,No,Yes,Yes,Month-to-month,No,Mailed check,91.87,644.68,Yes
8872-HLFSW,Female,0,Yes,Yes,48,Yes,Yes,DSL,No,No,Yes,No,No,No,Month-to-month,No,Bank transfer (automatic),61.5,2937.73,No
9686-NEDFC,Male,0,No,No,31,Yes,No,No,No internet service,No internet service,No internet service,No internet service,No internet service,No internet service,Two year,Yes,Mailed check,36.17,1142.09,No
4432-PTRIS,Female,0,No,No,8,No,No phone service,Fiber optic,Yes,Yes,Yes,No,No,Yes,Two year,Yes,Mailed check,87.34,705.07,No
1294-QYQVU,Female,1,Yes,No,39,Yes,No,No,No internet service,No internet service,No internet service,No internet service,No internet service,No internet service,Two year,Yes,Bank transfer (automatic),37.91,1461.12,No
1910-CTQAE,Male,0,Yes,Yes,52,No,No phone service,Fiber optic,No,No,Yes,Yes,No,Yes,Month-to-month,No,Electronic check,83.42,4330.91,No
2969-FAUJZ,Male,0,Yes,Yes,16,Yes,No,Fiber optic,No,No,No,No,Yes,Yes,One year,Yes,Electronic check,109.87,1773.15,No
3810-IQNES,Female,0,No,No,29,Yes,Yes,DSL,No,No,No,No,No,Yes,Two year,Yes,Mailed check,72.01,2053.08,No
4222-YAQCS,Male,0,Yes,Yes,65,Yes,No,Fiber optic,Yes,Yes,No,Yes,No,Yes,Month-to-month,Yes,Electronic check,112.41,7305.95,No
1445-HTJHX,Male,1,Yes,No,51,Yes,No,Fiber optic,No,Yes,No,No,Yes,Yes,Month-to-month,No,Mailed check,109.78,5615.5,Yes
2552-BFOND,Male,0,No,No,58,Yes,Yes,No,No internet service,No internet service,No internet service,No internet service,No internet service,No internet service,Month-to-month,No,Credit card (automatic),39.1,2272.77,No
3070-BQDWM,Male,0,Yes,No,32,Yes,No,No,No internet service,No internet service,No internet service,No internet service,No internet service,No internet service,One year,Yes,Electronic check,40.09,1297.65,No
5816-PXELN,Female,0,No,No,36,Yes,Yes,Fiber optic,Yes,No,No,Yes,No,Yes,Month-to-month,No,Electronic check,105.32,3749.79,No
9261-ZJNCB,Male,0,No,No,36,Yes,Yes,No,No internet service,No internet service,No internet service,No internet service,No internet service,No internet service,Month-to-month,Yes,Credit card (automatic),40.55,1433.79,No
9595-GJBNP,Female,1,Yes,Yes,32,Yes,Yes,No,No internet service,No internet service,No internet service,No internet service,No internet service,No internet service,Month-to-month,Yes,Mailed check,41.73,1353.29,No
3637-WJUIB,Male,0,Yes,Yes,10,Yes,Yes,No,No internet service,No internet service,No internet service,No internet service,No internet service,No internet service,Two year,Yes,Credit card (automatic),37.91,387.17,Yes
8624-UUNGW,Female,0,No,No,2,Yes,No,Fiber optic,No,No,Yes,No,No,No,Two year,No,Electronic check,95.44,185.57,No
7183-KSKRZ,Male,0,No,No,60,Yes,No,DSL,No,No,No,No,No,No,One year,No,Bank transfer (automatic),66.15,3974.55,No
1568-IHFXZ,Male,0,Yes,No,39,Yes,Yes,No,No internet service,No internet service,No internet service,No internet service,No internet service,No internet service,Two year,No,Credit card (automatic),40.69,1598.99,No
2223-XTCZF,Female,0,No,No,38,Yes,Yes,Fiber optic,No,Yes,No,No,Yes,No,One year,No,Credit card (automatic),95.86,3632.97,No
3767-WNFJI,Male,0,No,No,43,Yes,No,Fiber optic,No,No,Yes,No,No,Yes,Two year,Yes,Electronic check,96.54,4137.37,No
3224-JSITG,Male,0,Yes,Yes,30,Yes,Yes,Fiber optic,Yes,No,No,No,No,Yes,Month-to-month,No,Mailed check,94.73,2815.23,Yes
5278-ESJAN,Female,0,No,Yes,65,Yes,Yes,DSL,No,Yes,No,No,No,No,Two year,No,Mailed check,64.34,4211.21,No
3987-AKBKO,Male,0,No,No,34,Yes,No,DSL,Yes,No,No,No,No,Yes,Two year,No,Bank transfer (automatic),78.23,2661.29,No
1479-EBEVB,Male,0,Yes,Yes,36,Yes,Yes,DSL,No,No,No,Yes,No,No,One year,No,Electronic check,72.54,2641.89,No
1771-UEHON,Male,0,No,No,38,Yes,No,Fiber optic,Yes,Yes,No,No,Yes,No,Month-to-month,No,Mailed check,104.38,3939.66,No
1240-NXGIV,Female,0,Yes,Yes,11,Yes,No,Fiber optic,Yes,Yes,No,No,No,Yes,Month-to-month,Yes,Electronic check,102.89,1134.4,No
4447-ZULTZ,Female,0,Yes,No,12,Yes,No,Fiber optic,Yes,No,No,No,No,Yes,Month-to-month,Yes,Electronic check,108.95,1283.61,Yes
6982-FYTRN,Female,0,Yes,Yes,13,Yes,No,DSL,No,No,No,No,No,No,Month-to-month,No,Credit card (automatic),64.13,868.87,No
7512-ONXLY,Female,0,No,No,18,Yes,Yes,DSL,No,No,Yes,No,Yes,No,Month-to-month,Yes,Mailed check,76.97,1439.96,No
1635-AGGMH,Male,0,No,Yes,11,Yes,Yes,Fiber optic,No,No,No,No,No,No,Month-to-month,Yes,Credit card (automatic),85.66,967.34,No
3095-MNPKW,Male,1,No,No,16,Yes,No,DSL,Yes,No,No,Yes,Yes,Yes,Month-to-month,Yes,Electronic check,97.52,1537.94,No
3700-ZTLQI,Male,0,Yes,No,68,Yes,No,No,No internet service,No internet service,No internet service,No internet service,No internet service,No internet service,Two year,Yes,Bank transfer (automatic),39.78,2681.91,No
7510-TQSED,Male,0,No,No,26,Yes,No,Fiber optic,No,Yes,No,Yes,No,No,One year,Yes,Electronic check,95.02,2468.58,No
1879-QNVIB,Male,1,No,Yes,57,No,No phone service,Fiber optic,No,Yes,No,No,No,No,Two year,Yes,Electronic check,70.91,4044.66,No
6931-OAARH,Female,0,Yes,No,28,Yes,Yes,Fiber optic,No,No,No,Yes,Yes,No,Month-to-month,No,Credit card (automatic),98.05,2755.8,No
4772-BXZLP,Female,0,Yes,No,60,Yes,No,Fiber optic,No,No,No,No,Yes,No,Month-to-month,No,Electronic check,91.17,5479.69,No
2723-ZZWHK,Female,0,No,Yes,54,Yes,Yes,DSL,No,No,No,No,Yes,No,Month-to-month,No,Mailed check,73.58,3973.67,No
4938-NGSJF,Female,0,Yes,No,61,Yes,No,Fiber optic,No,Yes,No,Yes,Yes,Yes,Two year,Yes,Credit card (automatic),113.12,6895.77,No
4437-BDVKP,Female,0,No,No,21,Yes,No,DSL,No,No,Yes,No,Yes,Yes,Month-to-month,No,Electronic check,88.57,1843.55,Yes
2661-YMSCH,Male,0,No,No,6,Yes,No,Fiber optic,Yes,Yes,No,Yes,No,No,One year,Yes,Credit card (automatic),100.07,613.98,No
8367-GEIAE,Female,0,Yes,No,22,Yes,No,Fiber optic,No,No,No,No,Yes,No,Month-to-month,Yes,Electronic check,98.95,2129.32,No
7098-MBGSW,Female,0,No,No,51,Yes,No,Fiber optic,No,Yes,No,No,No,No,Month-to-month,Yes,Electronic check,94.63,4828.12,No
2142-UTFQN,Male,0,No,No,47,Yes,No,Fiber optic,No,No,Yes,No,Yes,No,Month-to-month,Yes,Bank transfer (automatic),98.01,4611.02,Yes
9884-XQDTU,Male,1,No,No,51,Yes,Yes,No,No internet service,No internet service,No internet service,No internet service,No internet service,No internet service,Month-to-month,Yes,Electronic check,37.66,1916.23,No
6374-GVITO,Female,0,No,No,72,Yes,Yes,Fiber optic,No,No,No,Yes,No,No,Month-to-month,Yes,Bank transfer (automatic),94.72,6836.13,Yes
4570-VIFXY,Male,0,Yes,No,16,Yes,No,DSL,No,No,Yes,No,No,Yes,Two year,Yes,Credit card (automatic),82.53,1340.18,No
1327-MRIDF,Female,1,No,Yes,32,Yes,Yes,Fiber optic,No,Yes,No,No,Yes,No,Month-to-month,Yes,Mailed check,103.86,3327.61,Yes
9156-ICIHV,Female,0,Yes,No,35,Yes,Yes,Fiber optic,No,Yes,No,No,No,No,Month-to-month,No,Bank transfer (automatic),85.18,3027.57,Yes
1208-KTIKD,Male,0,Yes,No,10,Yes,Yes,Fiber optic,No,No,No,Yes,No,No,Month-to-month,Yes,Mailed check,80.59,791.98,Yes
8508-QPJFV,Male,0,Yes,Yes,48,Yes,Yes,Fiber optic,No,No,No,Yes,Yes,No,Two year,No,Bank transfer (automatic),102.65,4917.94,No
3305-DGPJB,Male,0,Yes,Yes,3,Yes,No,Fiber optic,No,Yes,Yes,No,Yes,No,One year,Yes,Mailed check,99.72,290.85,No
1063-DYZQS,Male,0,Yes,Yes,65,Yes,No,Fiber optic,No,Yes,No,No,No,No,One year,Yes,Mailed check,88.05,5745.83,No
8378-NRCBA,Male,0,Yes,Yes,6,Yes,No,Fiber optic,No,No,Yes,No,Yes,Yes,Month-to-month,Yes,Electronic check,108.38,657.55,Yes
8739-GDMBB,Female,0,No,No,8,Yes,No,No,No internet service,No internet service,No internet service,No internet service,No internet service,No internet service,Two year,No,Bank transfer (automatic),35.84,248.27,No
2036-JFGZX,Male,0,Yes,No,12,No,No phone service,Fiber optic,No,No,Yes,No,Yes,No,Month-to-month,No,Mailed check,78.4,934.22,Yes
2459-QGOJM,Male,0,Yes,No,65,Yes,Yes,Fiber optic,No,Yes,Yes,No,Yes,Yes,Two year,No,Electronic check,111.31,7223.16,No
3922-DBJIP,Male,0,Yes,No,62,Yes,No,DSL,No,Yes,No,No,No,Yes,Two year,Yes,Mailed check,77.21,4820.88,No
4018-VLYMR,Female,0,No,No,67,Yes,No,DSL,No,No,No,No,No,Yes,Month-to-month,Yes,Electronic check,73.83,4930.44,No
6364-TVNPF,Male,0,Yes,No,60,Yes,No,DSL,No,No,No,Yes,Yes,Yes,Month-to-month,No,Electronic check,90.08,5404.47,Yes
4651-RYSQG,Male,0,No,No,67,Yes,No,DSL,No,No,No,No,No,No,Month-to-month,Yes,Electronic check,69.46,4622.33,No
5438-XINAR,Female,0,No,No,34,Yes,No,DSL,Yes,No,No,No,Yes,No,Month-to-month,Yes,Electronic check,76.04,2588.51,No
4800-NDPOT,Male,0,Yes,No,0,Yes,Yes,Fiber optic,No,No,No,No,No,No,Month-to-month,Yes,Electronic check,82.63, ,Yes
9401-FWUKI,Male,0,No,No,31,Yes,No,DSL,Yes,No,No,Yes,No,Yes,Month-to-month,No,Electronic check,87.31,2689.95,Yes
8068-OMPLY,Male,1,Yes,No,16,Yes,No,DSL,No,No,No,Yes,Yes,Yes,Month-to-month,Yes,Bank transfer (automatic),94.49,1530.48,No
7375-ESLIC,Male,0,No,Yes,17,Yes,Yes,Fiber optic,No,Yes,No,No,Yes,No,One year,Yes,Electronic check,104.13,1766.09,No
4384-LZSQI,Male,0,Yes,No,50,Yes,No,No,No internet service,No internet service,No internet service,No internet service,No internet service,No internet service,Month-to-month,No,Mailed check,34.77,1738.11,No
5205-QPTRO,Female,0,No,No,12,Yes,Yes,DSL,No,No,No,No,No,Yes,One year,Yes,Bank transfer (automatic),72.96,887.93,No
4563-VCBNS,Male,0,No,No,23,Yes,Yes,No,No internet service,No internet service,No internet service,No internet service,No internet service,No internet service,Month-to-month,Yes,Bank transfer (automatic),37.01,826.1,No
8185-WUTWK,Male,0,Yes,No,28,Yes,No,No,No internet service,No internet service,No internet service,No internet service,No internet service,No internet service,Month-to-month,Yes,Electronic check,43.26,1195.94,Yes
4325-IIEFK,Male,1,Yes,No,4,Yes,No,No,No internet service,No internet service,No internet service,No internet service,No internet service,No internet service,Month-to-month,No,Credit card (automatic),42.88,153.4,No
7037-HOQBF,Female,1,Yes,Yes,51,No,No phone service,Fiber optic,No,Yes,No,No,No,Yes,Two year,Yes,Electronic check,82.46,4239.28,No
1046-ACUYT,Female,0,Yes,No,55,Yes,Yes,No,No internet service,No internet service,No internet service,No internet service,No internet service,No internet service,Month-to-month,No,Mailed check,36.1,2006.59,Yes
1078-GUQJU,Male,0,No,No,40,Yes,Yes,Fiber optic,No,No,No,Yes,No,Yes,One year,Yes,Credit card (automatic),96.97,3898.56,Yes
1752-JNNOH,Male,0,No,No,2,Yes,Yes,Fiber optic,No,No,No,No,Yes,Yes,Two year,Yes,Mailed check,95.17,210.55,No
9297-HOKOO,Male,0,No,No,57,Yes,Yes,DSL,No,No,No,Yes,Yes,No,One year,No,Credit card (automatic),82.24,4703.86,No
5932-TRIUL,Male,0,No,No,32,Yes,No,DSL,No,No,Yes,Yes,Yes,Yes,Month-to-month,No,Bank transfer (automatic),94.53,2992.5,No
1841-ZDXBC,Male,0,No,No,19,Yes,Yes,No,No internet service,No internet service,No internet service,No internet service,No internet service,No internet service,Month-to-month,No,Electronic check,45.65,855.42,No
9604-TPQZQ,Male,0,No,No,69,Yes,No,Fiber optic,No,No,No,No,No,No,One year,Yes,Electronic check,85.9,5922.76,No
2362-QTLIV,Female,1,Yes,No,62,Yes,No,DSL,Yes,No,No,No,No,No,One year,No,Credit card (automatic),68.62,4257.08,No
2636-QUSEV,Male,0,Yes,No,32,No,No phone service,DSL,No,No,No,No,Yes,No,Two year,No,Credit card (automatic),54.67,1729.1,No
6396-LEDIC,Male,0,Yes,No,32,Yes,No,Fiber optic,No,No,No,Yes,No,No,One year,Yes,Bank transfer (automatic),79.45,2514.69,No
1786-QYMZU,Male,1,Yes,Yes,66,Yes,No,No,No internet service,No internet service,No internet service,No internet service,No internet service,No internet service,Month-to-month,Yes,Electronic check,36.57,2392.55,No
2351-BJBDT,Female,0,Yes,Yes,13,Yes,Yes,No,No internet service,No internet service,No internet service,No internet service,No internet service,No internet service,Two year,Yes,Mailed check,39.92,503.79,No
2044-ZFWCK,Female,0,Yes,No,29,Yes,Yes,DSL,No,Yes,Yes,Yes,No,No,One year,No,Electronic check,77.68,2245.36,No
2175-WBAZT,Male,0,Yes,No,41,Yes,Yes,DSL,No,No,Yes,Yes,No,No,Two year,Yes,Mailed check,74.03,3043.75,No
8376-EOHAJ,Male,0,Yes,No,25,Yes,Yes,DSL,No,Yes,Yes,No,No,Yes,Two year,Yes,Credit card (automatic),76.09,1899.17,No
6288-EWNZL,Female,0,Yes,No,23,Yes,No,Fiber optic,No,No,No,Yes,No,No,Month-to-month,No,Electronic check,84.64,1971.09,Yes
3897-NFJDC,Female,0,Yes,Yes,7,Yes,Yes,Fiber optic,No,No,No,No,No,Yes,One year,Yes,Bank transfer (automatic),90.44,645.5,Yes
9881-UTUSS,Male,0,Yes,No,19,Yes,No,Fiber optic,No,Yes,No,No,Yes,No,One year,Yes,Electronic check,97.68,1849.7,Yes
2495-RMMUT,Female,0,No,No,26,Yes,No,Fiber optic,No,No,No,No,No,No,Month-to-month,No,Bank transfer (automatic),77.2,2016.18,No
6154-WATVG,Female,0,No,No,61,Yes,Yes,DSL,No,No,Yes,Yes,No,Yes,Month-to-month,Yes,Mailed check,85.43,5209.16,No
4331-FGOSK,Male,0,No,Yes,24,Yes,Yes,DSL,No,No,No,No,No,No,Month-to-month,Yes,Mailed check,63.18,1504.53,No
5048-JCYHT,Female,0,Yes,No,11,Yes,No,DSL,No,Yes,No,Yes,No,Yes,Month-to-month,Yes,Mailed check,83.82,923.19,No
8410-NLITG,Male,0,Yes,No,61,Yes,No,Fiber optic,No,No,No,No,Yes,No,One year,Yes,Credit card (automatic),91.41,5584.31,Yes
2364-ZOHAV,Male,0,Yes,No,25,Yes,Yes,Fiber optic,No,Yes,Yes,No,No,No,Month-to-month,Yes,Credit card (automatic),99.81,2515.32,Yes
2826-DCTVM,Male,0,Yes,Yes,67,No,No phone service,No,No internet service,No internet service,No internet service,No internet service,No internet service,No internet service,One year,Yes,Mailed check,24.48,1684.27,No
6982-LIVZB,Male,0,Yes,No,7,Yes,No,DSL,Yes,No,Yes,No,Yes,Yes,Month-to-month,No,Bank transfer (automatic),87.75,639.71,No
6458-ACCJB,Female,0,No,No,1,Yes,Yes,No,No internet service,No internet service,No internet service,No internet service,No internet service,No internet service,Two year,Yes,Electronic check,36.59,16.64,No
2943-YHDKU,Male,0,Yes,No,67,Yes,No,DSL,No,No,No,No,No,No,One year,No,Mailed check,68.23,4539.5,No
7509-TEAGH,Male,0,Yes,No,7,Yes,No,Fiber optic,No,Yes,No,No,No,No,Two year,No,Bank transfer (automatic),89.91,655.24,No
8788-UVQQU,Male,0,No,Yes,0,No,No phone service,DSL,Yes,Yes,No,No,No,Yes,Month-to-month,No,Electronic check,61.53, ,Yes
9089-VHAOR,Female,0,No,No,46,Yes,Yes,DSL,No,Yes,No,No,Yes,No,Two year,Yes,Electronic check,82.65,3787.82,No
1392-AWYTL,Female,0,Yes,No,23,No,No phone service,DSL,Yes,No,No,Yes,Yes,Yes,Month-to-month,Yes,Electronic check,71.39,1674.6,No
1559-IXELR,Female,0,Yes,No,35,Yes,Yes,DSL,No,Yes,No,Yes,No,Yes,Two year,No,Bank transfer (automatic),84.89,2967.39,No
9432-VDCNZ,Male,0,No,No,29,Yes,No,Fiber optic,No,No,Yes,Yes,Yes,Yes,Month-to-month,No,Credit card (automatic),118.93,3446.76,No
4655-CZUMB,Female,0,Yes,No,21,Yes,No,No,No internet service,No internet service,No internet service,No internet service,No internet service,No internet service,Month-to-month,No,Credit card (automatic),43.25,895.47,No
3192-FCEIE,Female,0,No,No,35,Yes,No,Fiber optic,No,No,No,Yes,No,No,One year,Yes,Credit card (automatic),89.01,3074.67,No
2654-WNRMZ,Female,0,No,No,18,Yes,No,No,No internet service,No internet service,No internet service,No internet service,No internet service,No internet service,Month-to-month,No,Bank transfer (automatic),42.7,750.15,No
7935-FEEOE,Male,0,Yes,Yes,16,No,No phone service,Fiber optic,Yes,No,Yes,Yes,No,Yes,Month-to-month,Yes,Mailed check,90.98,1442.96,Yes
3354-VSIVP,Female,0,No,No,16,Yes,No,No,No internet service,No internet service,No internet service,No internet service,No internet service,No internet service,Month-to-month,Yes,Credit card (automatic),38.07,576.32,Yes
8248-JOOHR,Male,1,Yes,No,8,Yes,No,DSL,No,No,Yes,Yes,No,No,Month-to-month,No,Electronic check,71.24,571.51,No
3948-DRXWI,Male,0,Yes,No,38,Yes,No,No,No internet service,No internet service,No internet service,No internet service,No internet service,No internet service,Two year,Yes,Mailed check,37.94,1447.06,No
5835-EOUVZ,Male,1,Yes,No,40,Yes,Yes,Fiber optic,Yes,No,Yes,Yes,No,No,One year,Yes,Credit card (automatic),103.36,4152.59,No
7354-IEKME,Male,0,No,No,1,Yes,Yes,Fiber optic,Yes,Yes,Yes,No,No,No,Month-to-month,No,Bank transfer (automatic),98.6,83.47,No
6634-AEDGY,Male,0,Yes,No,33,No,No phone service,Fiber optic,No,No,Yes,No,Yes,No,Two year,No,Bank transfer (automatic),81.63,2656.34,Yes
9746-WZUGY,Male,0,Yes,No,53,Yes,No,DSL,Yes,No,No,No,No,Yes,One year,No,Bank transfer (automatic),78.65,4161.9,No
9691-QLKDG,Male,0,No,Yes,0,Yes,Yes,DSL,Yes,Yes,No,No,No,Yes,One year,Yes,Credit card (automatic),86.74, ,Yes
2579-TBRQM,Female,0,Yes,No,21,Yes,Yes,Fiber optic,Yes,Yes,No,Yes,No,No,One year,Yes,Electronic check,99.85,2096.32,No
2775-QOQHL,Male,0,No,No,70,Yes,Yes,Fiber optic,No,No,Yes,No,Yes,No,Month-to-month,No,Mailed check,96.05,6740.85,No
6228-FZFDD,Female,0,No,No,31,No,No phone service,No,No internet service,No internet service,No internet service,No internet service,No internet service,No internet service,Month-to-month,No,Credit card (automatic),19.63,597.92,No
1398-DWKNF,Female,0,No,No,1,Yes,No,DSL,Yes,Yes,No,No,No,Yes,Two year,No,Credit card (automatic),83.12,81.68,No
6337-BHIMD,Female,1,No,No,38,Yes,No,DSL,No,Yes,No,No,No,Yes,One year,Yes,Mailed check,71.46,2674.5,No
5414-SZNUA,Female,0,No,Yes,29,Yes,No,Fiber optic,No,No,Yes,Yes,No,Yes,One year,Yes,Electronic check,111.65,3230.07,No
2134-EDAVG,Male,0,Yes,Yes,15,Yes,No,Fiber optic,Yes,No,No,No,No,Yes,Month-to-month,Yes,Credit card (automatic),96.29,1476.44,Yes
2321-EYCBF,Female,0,No,No,5,Yes,No,DSL,Yes,No,No,No,No,No,Two year,Yes,Credit card (automatic),72.52,373.76,No
7167-REAOE,Female,0,No,Yes,64,Yes,No,Fiber optic,No,No,No,No,No,No,Month-to-month,No,Electronic check,84.92,5419.25,No
4310-OWICM,Male,1,No,No,59,Yes,No,Fiber optic,No,Yes,No,No,Yes,No,One year,Yes,Bank transfer (automatic),97.62,5737.13,No
3979-ZHHFW,Male,0,No,Yes,49,Yes,No,DSL,Yes,No,Yes,Yes,No,Yes,Month-to-month,Yes,Credit card (automatic),89.88,4403.61,Yes
1266-ABJPH,Female,1,No,No,1,Yes,No,DSL,No,No,Yes,No,Yes,No,Two year,No,Mailed check,81.36,91.54,No
6963-RAZDP,Male,0,No,No,63,Yes,No,DSL,No,No,No,No,No,Yes,Two year,Yes,Electronic check,73.63,4623.34,No
3022-NISXA,Male,0,Yes,No,34,Yes,No,Fiber optic,Yes,No,No,Yes,No,No,Month-to-month,No,Credit card (automatic),95.06,3228.16,No
8428-TOCSY,Female,0,No,No,34,Yes,No,DSL,No,No,No,Yes,No,Yes,Two year,Yes,Bank transfer (automatic),80.51,2698.72,No
7083-XZJYA,Female,0,No,Yes,64,Yes,No,Fiber optic,No,No,Yes,No,Yes,No,One year,Yes,Bank transfer (automatic),98.68,6331.77,No
7937-GGVXI,Male,0,No,No,31,Yes,Yes,No,No internet service,No internet service,No internet service,No internet service,No internet service,No internet service,Month-to-month,Yes,Bank transfer (automatic),42.9,1312.77,Yes
3528-KMRPH,Female,0,Yes,No,17,Yes,Yes,DSL,No,No,Yes,Yes,No,No,Month-to-month,Yes,Mailed check,80.53,1381.69,No
6908-QSLOZ,Male,1,Yes,No,17,No,No phone service,DSL,Yes,Yes,No,Yes,No,No,One year,No,Credit card (automatic),56.41,965.94,No
5636-ZLNBK,Female,0,No,Yes,67,Yes,Yes,DSL,No,Yes,No,No,No,Yes,Month-to-month,No,Bank transfer (automatic),78.05,5238.59,No
2218-AKIIS,Female,0,Yes,No,39,Yes,Yes,No,No internet service,No internet service,No internet service,No internet service,No internet service,No internet service,Month-to-month,Yes,Mailed check,39.92,1551.71,No
1885-TKEDX,Male,0,No,No,42,Yes,No,Fiber optic,No,No,Yes,No,No,No,Two year,Yes,Mailed check,90.71,3842.72,No
3792-EJWJK,Male,1,No,No,43,Yes,Yes,No,No internet service,No internet service,No internet service,No internet service,No internet service,No internet service,One year,Yes,Bank transfer (automatic),39.23,1673.87,No
8749-GYSBW,Female,0,Yes,No,16,Yes,No,No,No internet service,No internet service,No internet service,No internet service,No internet service,No internet service,One year,Yes,Bank transfer (automatic),34.18,580.09,No
6592-ZOTLY,Male,0,Yes,No,30,Yes,Yes,No,No internet service,No internet service,No internet service,No internet service,No internet service,No internet service,One year,Yes,Electronic check,36.11,1088.37,No
1019-KEXXM,Male,0,No,No,69,Yes,Yes,No,No internet service,No internet service,No internet service,No internet service,No internet service,No internet service,Month-to-month,Yes,Electronic check,34.57,2387.8,No
7370-DMZED,Male,0,Yes,No,10,Yes,No,DSL,No,Yes,Yes,No,Yes,Yes,Two year,No,Mailed check,90.54,900.79,No
9955-COIZO,Female,0,No,No,69,Yes,Yes,Fiber optic,No,Yes,No,Yes,No,No,Month-to-month,No,Electronic check,99.29,6853.25,No
9645-IOPNP,Male,0,Yes,No,19,Yes,Yes,No,No internet service,No internet service,No internet service,No internet service,No internet service,No internet service,Month-to-month,No,Credit card (automatic),37.59,714.41,Yes
2731-TKZLQ,Female,0,Yes,No,21,Yes,Yes,Fiber optic,No,Yes,Yes,No,No,No,One year,Yes,Bank transfer (automatic),93.45,1997.31,Yes
2696-GZATQ,Female,0,Yes,No,1,Yes,No,Fiber optic,No,No,Yes,No,No,Yes,Two year,Yes,Bank transfer (automatic),100.88,76.6,No
1724-JBJEI,Male,0,No,No,48,Yes,Yes,No,No internet service,No internet service,No internet service,No internet service,No internet service,No internet service,Month-to-month,Yes,Mailed check,40.43,1936.75,No
9986-LFMUR,Female,0,No,Yes,23,Yes,No,Fiber optic,No,No,Yes,No,No,Yes,Two year,No,Electronic check,99.12,2260.83,Yes
1892-TBLZC,Female,0,No,Yes,33,Yes,Yes,Fiber optic,No,Yes,No,Yes,Yes,No,One year,Yes,Credit card (automatic),103.09,3390.46,No
8512-LWXUX,Male,0,No,No,42,Yes,Yes,Fiber optic,No,No,Yes,No,Yes,No,Month-to-month,Yes,Mailed check,98.13,4121.81,Yes
7895-ZHUPS,Female,0,No,No,46,Yes,Yes,DSL,Yes,No,Yes,No,Yes,No,Month-to-month,No,Mailed check,81.24,3767.13,No
1282-OOIKV,Male,0,Yes,Yes,69,Yes,Yes,DSL,No,No,No,No,Yes,No,Month-to-month,Yes,Electronic check,79.55,5498.6,No
2871-EITXO,Male,1,No,No,40,Yes,No,Fiber optic,Yes,Yes,No,No,No,No,One year,No,Credit card (automatic),97.87,3895.67,No
6862-PFKRO,Male,0,No,No,12,Yes,No,No,No internet service,No internet service,No internet service,No internet service,No internet service,No internet service,Month-to-month,No,Bank transfer (automatic),40.57,480.97,No
8272-ULMLU,Female,0,Yes,No,51,Yes,No,No,No internet service,No internet service,No internet service,No internet service,No internet service,No internet service,Month-to-month,No,Credit card (automatic),41.19,2123.74,No
2644-AYUWX,Female,0,No,No,4,Yes,No,DSL,No,No,No,Yes,No,No,Month-to-month,Yes,Credit card (automatic),71.25,273.31,Yes
4413-YFLCL,Male,0,Yes,Yes,61,Yes,Yes,No,No internet service,No internet service,No internet service,No internet service,No internet service,No internet service,Two year,No,Electronic check,37.08,2264.58,No
5948-JWCEW,Female,0,Yes,No,21,Yes,No,DSL,No,No,No,No,Yes,Yes,Month-to-month,Yes,Bank transfer (automatic),82.35,1737.53,No
5820-GSDWT,Female,0,No,Yes,52,Yes,No,Fiber optic,No,No,No,No,Yes,Yes,Month-to-month,Yes,Mailed check,105.08,5459.77,No
3163-DGTNV,Female,0,No,No,11,Yes,No,No,No internet service,No internet service,No internet service,No internet service,No internet service,No internet service,Month-to-month,No,Bank transfer (automatic),36.44,382.58,No
7609-GICTJ,Female,0,Yes,Yes,29,Yes,No,No,No internet service,No internet service,No internet service,No internet service,No internet service,No internet service,Month-to-month,Yes,Mailed check,38.91,1133.42,No
3538-DXPBX,Male,0,No,No,50,Yes,Yes,Fiber optic,No,No,No,Yes,Yes,No,Month-to-month,Yes,Electronic check,98.15,4953.6,No
7413-NXGGP,Female,1,Yes,No,45,Yes,No,Fiber optic,No,Yes,Yes,No,No,No,Two year,No,Bank transfer (automatic),94.03,4222.03,No
4056-CSHYX,Male,0,No,No,0,Yes,No,Fiber optic,No,No,Yes,No,No,Yes,One year,Yes,Mailed check,108.66, ,No
4042-WRUZR,Male,0,No,No,2,Yes,No,Fiber optic,No,Yes,No,No,No,No,Month-to-month,Yes,Electronic check,90.29,195.41,Yes
7805-TZQOO,Male,0,Yes,No,71,Yes,Yes,DSL,No,No,Yes,No,Yes,No,Two year,Yes,Bank transfer (automatic),75.67,5420.24,No
5513-BMCHG,Female,0,No,No,38,Yes,Yes,DSL,Yes,No,Yes,No,No,No,Month-to-month,No,Electronic check,79.53,3005.14,No
8507-OLFYM,Female,0,No,Yes,62,Yes,No,No,No internet service,No internet service,No internet service,No internet service,No internet service,No internet service,Two year,No,Credit card (automatic),41.27,2535.1,No
8111-PPTQO,Male,0,No,No,5,No,No phone service,DSL,Yes,Yes,Yes,No,No,Yes,Month-to-month,No,Electronic check,71.6,373.93,Yes
5600-RCLFX,Male,0,Yes,No,35,Yes,No,Fiber optic,No,No,No,No,No,No,Two year,Yes,Mailed check,89.38,3144.69,No
7820-TFLBE,Male,0,Yes,No,42,Yes,Yes,Fiber optic,No,No,No,No,No,No,Two year,Yes,Mailed check,78.48,3276.64,No
5762-SXLRF,Female,0,No,No,67,Yes,Yes,DSL,No,No,Yes,No,No,No,Two year,No,Credit card (automatic),71.4,4777.85,No
4449-PNKLU,Male,1,No,No,51,No,No phone service,DSL,Yes,No,Yes,No,Yes,Yes,Month-to-month,Yes,Bank transfer (automatic),73.61,3730.95,No
4904-HCMIJ,Female,0,No,No,45,Yes,No,DSL,Yes,No,Yes,No,No,No,Month-to-month,No,Electronic check,75.85,3405.91,Yes
4140-WWLNG,Male,0,No,Yes,21,Yes,Yes,DSL,Yes,No,Yes,No,No,No,Two year,Yes,Electronic check,71.65,1498.88,No
1639-WIYHJ,Male,0,No,No,72,Yes,Yes,Fiber optic,No,Yes,Yes,No,No,No,Month-to-month,Yes,Bank transfer (automatic),99.22,7162.87,No
4940-WIMUT,Female,1,Yes,Yes,23,Yes,No,Fiber optic,No,No,Yes,Yes,No,Yes,Month-to-month,Yes,Credit card (automatic),103.3,2400.39,No
3889-HHEMN,Male,0,No,No,20,Yes,Yes,Fiber optic,No,No,No,No,No,Yes,Month-to-month,Yes,Mailed check,88.46,1767.28,Yes
9215-KHAZB,Male,0,No,No,52,Yes,Yes,No,No internet service,No internet service,No internet service,No internet service,No internet service,No internet service,Month-to-month,No,Credit card (automatic),43.01,2266.57,Yes
1092-QQINA,Male,0,Yes,No,72,Yes,No,Fiber optic,No,Yes,No,No,No,No,Month-to-month,No,Bank transfer (automatic),93.36,6741.11,No
6511-LYDXD,Female,0,Yes,Yes,62,Yes,Yes,Fiber optic,No,No,Yes,Yes,Yes,Yes,Month-to-month,Yes,Bank transfer (automatic),114.34,7062.69,No
1665-TBCPL,Male,0,No,No,13,No,No phone service,Fiber optic,No,No,Yes,No,Yes,Yes,One year,No,Electronic check,90.92,1204.61,No
4306-IUZUA,Male,1,No,No,59,No,No phone service,Fiber optic,Yes,No,No,No,Yes,No,Month-to-month,No,Electronic check,77.89,4611.69,No
5945-LISMY,Male,0,No,No,25,Yes,Yes,DSL,No,No,Yes,Yes,Yes,Yes,Month-to-month,No,Mailed check,90.59,2303.19,No
6130-IYQSG,Female,0,Yes,No,16,Yes,No,DSL,No,No,Yes,No,No,No,Month-to-month,Yes,Bank transfer (automatic),68.49,1101.17,Yes
3025-QHCKH,Female,0,No,No,68,Yes,No,DSL,Yes,No,Yes,Yes,Yes,Yes,Two year,No,Mailed check,97.24,6647.78,No
9358-LJBQF,Female,0,Yes,No,69,Yes,No,Fiber optic,Yes,No,No,No,Yes,Yes,One year,No,Mailed check,105.52,7246.22,No
7367-CSYYN,Male,1,Yes,Yes,27,No,No phone service,Fiber optic,No,No,Yes,No,Yes,No,One year,Yes,Electronic check,72.17,1939.73,Yes
3727-PUVBI,Female,0,No,No,1,Yes,No,No,No internet service,No internet service,No internet service,No internet service,No internet service,No internet service,Two year,Yes,Credit card (automatic),40.69,1.07,No
5527-CPEDR,Male,0,No,No,15,Yes,No,DSL,No,No,Yes,No,Yes,No,One year,Yes,Electronic check,82.63,1233.29,Yes
6990-YZLSI,Female,0,No,No,39,Yes,No,Fiber optic,No,No,No,No,Yes,No,Month-to-month,No,Electronic check,93.28,3641.24,Yes
5606-WHKDD,Female,0,No,Yes,4,Yes,No,DSL,Yes,No,Yes,Yes,No,Yes,One year,Yes,Electronic check,89.89,359.05,No
8102-GPUJW,Female,0,No,No,16,Yes,No,No,No internet service,No internet service,No internet service,No internet service,No internet service,No internet service,Month-to-month,No,Mailed check,34.2,565.82,No
9022-UOZTD,Female,0,Yes,No,10,Yes,Yes,Fiber optic,No,No,No,No,Yes,No,One year,No,Mailed check,91.57,965.27,No
6950-MFRZZ,Female,0,Yes,No,69,Yes,No,Fiber optic,No,Yes,No,No,No,No,Month-to-month,No,Bank transfer (automatic),89.7,6182.12,No
7058-YKJQX,Male,0,No,Yes,25,Yes,Yes,Fiber optic,No,No,Yes,No,Yes,No,Two year,Yes,Mailed check,96.88,2447.44,No
2528-NWCDB,Female,0,No,No,27,Yes,Yes,DSL,Yes,Yes,Yes,No,Yes,Yes,Month-to-month,Yes,Bank transfer (automatic),100.51,2727.99,No
7869-ZNYYQ,Female,0,Yes,No,30,Yes,No,No,No internet service,No internet service,No internet service,No internet service,No internet service,No internet service,Month-to-month,No,Electronic check,34.99,1057.15,No
8355-SHPAU,Female,0,Yes,Yes,0,Yes,Yes,No,No internet service,No internet service,No internet service,No internet service,No internet service,No internet service,One year,Yes,Mailed check,35.62, ,No
1038-HDGCN,Female,0,Yes,No,39,Yes,Yes,Fiber optic,No,No,No,No,Yes,No,Month-to-month,Yes,Bank transfer (automatic),93.58,3642.8,No
1926-FKNWY,Male,0,Yes,No,66,Yes,Yes,DSL,No,No,Yes,No,Yes,Yes,Month-to-month,Yes,Electronic check,88.56,5866.09,No
6545-HBPUX,Female,1,No,No,59,Yes,No,Fiber optic,No,No,Yes,No,No,No,Two year,Yes,Electronic check,95.37,5597.98,No
5302-OSCMQ,Male,0,Yes,Yes,18,Yes,No,Fiber optic,Yes,No,Yes,No,No,Yes,Two year,No,Electronic check,103.99,1875.0,No
6703-PIIYQ,Female,1,Yes,No,0,Yes,Yes,No,No internet service,No internet service,No internet service,No internet service,No internet service,No internet service,One year,No,Mailed check,43.84, ,No
1081-TOVHU,Female,0,No,Yes,56,Yes,No,DSL,Yes,Yes,No,Yes,Yes,No,Month-to-month,Yes,Electronic check,89.85,5081.38,No
3056-NWTSB,Male,0,No,No,61,Yes,No,No,No internet service,No internet service,No internet service,No internet service,No internet service,No internet service,Month-to-month,No,Credit card (automatic),38.38,2319.65,No
4239-SVGXC,Female,0,Yes,No,67,Yes,No,No,No internet service,No internet service,No internet service,No internet service,No internet service,No internet service,Month-to-month,No,Electronic check,40.1,2696.58,No
5446-MEELZ,Female,0,Yes,No,42,Yes,No,DSL,No,Yes,No,No,No,No,One year,No,Credit card (automatic),70.85,3001.0,No
6881-EQYIV,Female,0,Yes,Yes,34,Yes,Yes,Fiber optic,No,No,No,No,No,Yes,One year,Yes,Electronic check,93.18,3156.92,No
6158-WMLBG,Male,0,Yes,No,55,Yes,No,DSL,No,No,Yes,No,No,Yes,Month-to-month,No,Electronic check,80.92,4451.38,Yes
2598-MNYFH,Male,0,Yes,Yes,50,Yes,Yes,DSL,No,No,Yes,Yes,Yes,No,Month-to-month,No,Mailed check,77.01,3840.37,No
5498-DLTIM,Female,0,Yes,No,55,Yes,No,Fiber optic,No,No,Yes,No,Yes,Yes,Month-to-month,Yes,Electronic check,98.05,5384.09,Yes
9476-GXBPU,Female,0,Yes,No,20,Yes,Yes,DSL,No,No,Yes,No,No,Yes,Month-to-month,No,Credit card (automatic),84.29,1719.59,Yes
2010-GOAKZ,Female,0,Yes,No,65,Yes,Yes,DSL,No,Yes,No,No,No,Yes,Month-to-month,Yes,Mailed check,89.03,5749.24,No
5082-WBQZP,Female,0,Yes,No,2,Yes,No,Fiber optic,Yes,No,No,No,No,No,Month-to-month,No,Credit card (automatic),91.03,187.62,Yes
4175-FDLRQ,Male,0,No,Yes,6,Yes,No,No,No internet service,No internet service,No internet service,No internet service,No internet service,No internet service,Month-to-month,No,Electronic check,44.79,227.07,No
9441-HNRRQ,Female,1,Yes,Yes,47,Yes,No,DSL,Yes,Yes,Yes,No,Yes,No,Month-to-month,No,Electronic check,87.68,4140.07,No
6540-XICZB,Male,1,Yes,No,41,Yes,No,DSL,No,Yes,No,No,Yes,No,Month-to-month,Yes,Credit card (automatic),72.0,2944.37,No
9971-AUZJP,Female,0,No,No,40,Yes,Yes,DSL,No,Yes,Yes,No,No,No,Month-to-month,No,Electronic check,80.03,3166.75,No
9846-TUQIF,Female,0,Yes,Yes,66,Yes,Yes,DSL,Yes,No,No,No,No,No,Two year,Yes,Mailed check,67.88,4477.2,No
1749-RGRSX,Female,0,No,No,63,Yes,No,No,No internet service,No internet service,No internet service,No internet service,No internet service,No internet service,Month-to-month,Yes,Bank transfer (automatic),42.43,2649.0,No
8566-JBQSK,Female,0,No,No,52,No,No phone service,Fiber optic,No,Yes,Yes,No,No,No,Month-to-month,Yes,Electronic check,82.07,4287.57,Yes
7045-EETEM,Male,1,No,No,12,Yes,Yes,Fiber optic,No,No,No,No,No,No,Month-to-month,Yes,Bank transfer (automatic),81.97,1004.52,Yes
3379-KBLXX,Male,0,Yes,No,7,No,No phone service,Fiber optic,No,No,Yes,Yes,Yes,Yes,Month-to-month,No,Credit card (automatic),93.43,631.23,No
5093-PCFPL,Male,0,No,Yes,10,Yes,No,No,No internet service,No internet service,No internet service,No internet service,No internet service,No internet service,Month-to-month,Yes,Mailed check,36.65,377.48,Yes
3725-CIIFI,Female,0,No,Yes,44,Yes,Yes,Fiber optic,No,No,Yes,No,Yes,No,Month-to-month,Yes,Electronic check,100.55,4411.36,No
5179-DBWOQ,Male,0,Yes,No,52,Yes,Yes,No,No internet service,No internet service,No internet service,No internet service,No internet service,No internet service,Month-to-month,No,Credit card (automatic),42.25,2191.3,No
3012-AVCVZ,Female,1,Yes,No,58,No,No phone service,Fiber optic,Yes,No,No,No,No,No,Two year,Yes,Credit card (automatic),68.95,4039.05,No
1730-CARGT,Male,0,Yes,No,7,Yes,Yes,No,No internet service,No internet service,No internet service,No internet service,No internet service,No internet service,Two year,Yes,Bank transfer (automatic),39.12,266.43,No
5618-XZWIR,Male,0,No,No,20,Yes,Yes,Fiber optic,Yes,Yes,No,Yes,No,No,Month-to-month,No,Bank transfer (automatic),96.76,1964.61,No
4541-RWMSB,Male,0,Yes,Yes,24,Yes,Yes,No,No internet service,No internet service,No internet service,No internet service,No internet service,No internet service,Month-to-month,Yes,Bank transfer (automatic),34.71,868.51,No
7523-PTJWM,Male,1,Yes,No,46,Yes,Yes,DSL,No,No,No,Yes,No,Yes,Two year,Yes,Mailed check,82.44,3786.07,No
4430-QFQQT,Male,0,No,No,3,Yes,Yes,Fiber optic,No,Yes,No,No,No,No,Month-to-month,Yes,Electronic check,88.3,270.75,Yes
2588-RHWHZ,Male,0,No,Yes,61,Yes,No,Fiber optic,No,No,Yes,No,No,No,Two year,No,Electronic check,85.49,5205.66,No
2202-JQNEA,Female,1,Yes,No,5,Yes,No,Fiber optic,No,Yes,No,No,No,Yes,Two year,No,Electronic check,105.59,528.52,Yes
8942-GINFJ,Female,0,Yes,No,38,Yes,Yes,Fiber optic,No,No,Yes,No,No,No,Month-to-month,Yes,Electronic check,89.64,3419.77,No
7810-LZNUV,Female,1,Yes,No,68,No,No phone service,DSL,No,No,Yes,Yes,No,No,Month-to-month,No,Electronic check,52.78,3587.64,No
7406-BJQVP,Male,0,No,No,14,Yes,Yes,No,No internet service,No internet service,No internet service,No internet service,No internet service,No internet service,Month-to-month,Yes,Electronic check,38.6,548.56,No
8546-JTTDZ,Female,0,Yes,Yes,50,Yes,Yes,Fiber optic,No,No,No,No,Yes,No,Two year,Yes,Electronic check,90.05,4488.92,No
7908-RMRXG,Female,0,No,No,40,Yes,Yes,DSL,Yes,No,No,Yes,Yes,Yes,Month-to-month,No,Bank transfer (automatic),91.26,3632.78,No
9825-WGCKU,Female,0,Yes,No,59,Yes,No,Fiber optic,Yes,Yes,No,No,No,Yes,One year,No,Electronic check,100.49,5921.89,No
7397-XPSXI,Male,0,Yes,Yes,42,Yes,Yes,Fiber optic,No,Yes,No,No,Yes,No,Month-to-month,No,Credit card (automatic),100.58,4227.56,Yes
6539-NSWEB,Female,0,Yes,No,61,Yes,No,DSL,Yes,No,No,Yes,No,No,Two year,No,Bank transfer (automatic),77.69,4765.27,No
2838-GCFZQ,Female,0,Yes,No,29,Yes,Yes,DSL,Yes,No,No,No,Yes,No,One year,No,Credit card (automatic),76.5,2215.2,No
5155-CQHTW,Male,0,No,No,11,Yes,No,Fiber optic,No,Yes,No,No,Yes,No,Month-to-month,Yes,Electronic check,100.66,1115.84,Yes
3918-QXNFC,Male,0,No,No,49,Yes,No,No,No internet service,No internet service,No internet service,No internet service,No internet service,No internet service,Month-to-month,Yes,Electronic check,35.52,1722.02,Yes
3423-EMCBF,Female,0,Yes,No,70,Yes,Yes,DSL,No,No,Yes,No,Yes,Yes,Month-to-month,No,Bank transfer (automatic),89.39,6274.85,Yes
2096-GSLFI,Male,0,No,Yes,31,Yes,Yes,DSL,Yes,Yes,No,No,No,Yes,Two year,No,Bank transfer (automatic),88.52,2736.69,No
4497-AUVVV,Male,1,Yes,Yes,59,Yes,Yes,Fiber optic,No,Yes,No,No,No,No,One year,No,Mailed check,93.22,5495.9,Yes
8863-JUXNZ,Female,1,No,Yes,64,Yes,No,DSL,No,No,No,No,No,No,Month-to-month,Yes,Credit card (automatic),61.91,3963.82,Yes
9416-JARTW,Male,0,Yes,No,47,No,No phone service,No,No internet service,No internet service,No internet service,No internet service,No internet service,No internet service,Two year,Yes,Mailed check,20.54,954.87,No
4700-UDGVO,Male,0,No,No,57,Yes,No,No,No internet service,No internet service,No internet service,No internet service,No internet service,No internet service,Month-to-month,No,Credit card (automatic),40.79,2303.19,No
2248-LFHGQ,Male,0,Yes,No,41,Yes,Yes,No,No internet service,No internet service,No internet service,No internet service,No internet service,No internet service,Month-to-month,Yes,Mailed check,35.97,1484.23,No
7475-AFEDC,Female,0,No,Yes,58,No,No phone service,Fiber optic,No,Yes,No,Yes,No,No,Two year,Yes,Bank transfer (automatic),80.16,4667.79,No
6692-ZNEWV,Male,0,No,Yes,24,Yes,No,DSL,No,No,No,No,No,Yes,Month-to-month,Yes,Electronic check,68.15,1609.27,Yes
9499-WHNWB,Female,0,No,No,38,No,No phone service,Fiber optic,No,Yes,No,No,Yes,Yes,Two year,Yes,Electronic check,88.53,3369.48,No
4905-TSPTQ,Male,0,No,Yes,5,Yes,No,DSL,No,No,No,Yes,No,Yes,Month-to-month,No,Electronic check,82.8,419.03,Yes
6686-OSIGZ,Female,0,Yes,No,14,Yes,No,DSL,No,Yes,No,Yes,Yes,No,One year,Yes,Electronic check,78.71,1095.07,No
4298-RKSHO,Female,0,No,No,42,Yes,Yes,Fiber optic,No,Yes,Yes,No,No,Yes,Month-to-month,No,Credit card (automatic),107.56,4510.56,Yes
4990-BLPKM,Female,0,Yes,No,52,Yes,No,Fiber optic,Yes,No,No,No,No,No,Month-to-month,No,Electronic check,89.83,4692.9,Yes
5575-KKMDW,Female,0,No,No,2,Yes,Yes,DSL,No,No,Yes,No,No,Yes,Month-to-month,Yes,Credit card (automatic),73.97,191.65,Yes
6088-WEWZO,Male,0,Yes,No,5,Yes,Yes,DSL,Yes,No,Yes,Yes,No,Yes,One year,No,Credit card (automatic),85.49,453.77,Yes
6923-TIGKE,Female,0,Yes,Yes,0,Yes,No,DSL,No,No,No,No,No,Yes,Month-to-month,Yes,Mailed check,68.36, ,No
3079-QNXIR,Female,0,No,No,37,Yes,No,Fiber optic,No,No,No,No,No,No,Month-to-month,Yes,Mailed check,83.33,3107.16,No
4393-YULSK,Female,0,Yes,Yes,24,Yes,Yes,DSL,No,Yes,No,No,Yes,Yes,Month-to-month,Yes,Credit card (automatic),86.63,2088.88,No
9607-WIOCG,Female,0,No,Yes,3,No,No phone service,Fiber optic,Yes,No,Yes,Yes,No,Yes,Month-to-month,Yes,Mailed check,86.59,246.35,No
6691-AGGVA,Female,0,Yes,No,57,Yes,Yes,Fiber optic,No,No,Yes,Yes,No,No,One year,No,Credit card (automatic),98.45,5619.21,No
8537-ZREGE,Male,0,No,Yes,38,Yes,No,Fiber optic,Yes,No,No,Yes,No,No,One year,No,Bank transfer (automatic),92.73,3497.13,No
8456-SCYBE,Male,0,No,No,0,Yes,No,No,No internet service,No internet service,No internet service,No internet service,No internet service,No internet service,One year,Yes,Mailed check,42.93, ,No
9722-FSJKM,Male,0,No,No,50,Yes,No,No,No internet service,No internet service,No internet service,No internet service,No internet service,No internet service,Month-to-month,Yes,Bank transfer (automatic),39.73,2005.54,No
5235-CDBWA,Male,0,Yes,No,66,Yes,Yes,DSL,No,Yes,No,No,Yes,No,Month-to-month,No,Electronic check,79.44,5239.45,No
8397-ZHQQX,Female,0,Yes,No,30,Yes,No,DSL,Yes,No,Yes,Yes,No,No,Month-to-month,No,Mailed check,81.33,2423.51,No
1021-TWXAK,Female,0,Yes,No,69,Yes,No,No,No internet service,No internet service,No internet service,No internet service,No internet service,No internet service,Month-to-month,Yes,Electronic check,42.53,2922.67,No
8112-UIZMN,Male,1,Yes,No,30,Yes,Yes,No,No internet service,No internet service,No internet service,No internet service,No internet service,No internet service,Two year,No,Mailed check,32.72,957.31,No
6341-VIZOT,Male,0,No,Yes,5,Yes,No,DSL,No,No,Yes,No,Yes,Yes,Month-to-month,No,Credit card (automatic),82.31,418.14,Yes
7069-AVUXC,Female,0,Yes,No,8,Yes,No,No,No internet service,No internet service,No internet service,No internet service,No internet service,No internet service,Two year,Yes,Electronic check,45.05,351.96,No
2850-YVWLI,Female,1,Yes,Yes,4,No,No phone service,No,No internet service,No internet service,No internet service,No internet service,No internet service,No internet service,Month-to-month,Yes,Mailed check,19.58,73.49,No
2948-QGZZI,Female,0,Yes,Yes,22,Yes,No,No,No internet service,No internet service,No internet service,No internet service,No internet service,No internet service,One year,Yes,Mailed check,39.57,878.89,No
1558-TTIBN,Female,0,No,Yes,28,Yes,No,DSL,No,Yes,Yes,No,No,No,One year,Yes,Electronic check,77.57,2178.82,No
9642-YHMJA,Female,0,Yes,No,32,Yes,Yes,Fiber optic,No,No,No,No,No,No,One year,Yes,Electronic check,82.44,2614.4,No
6829-NGIGW,Female,0,Yes,No,35,Yes,No,Fiber optic,No,No,Yes,No,Yes,No,One year,Yes,Electronic check,101.55,3531.23,Yes
5378-UFUTS,Male,0,Yes,No,63,No,No phone service,Fiber optic,Yes,No,No,No,No,No,Month-to-month,Yes,Electronic check,70.77,4457.13,Yes
7680-ZUHIC,Female,1,Yes,No,0,Yes,No,DSL,No,No,No,No,No,Yes,One year,Yes,Electronic check,71.56, ,Yes
7283-SHQZJ,Male,1,No,No,65,No,No phone service,DSL,Yes,No,Yes,Yes,Yes,Yes,Month-to-month,Yes,Mailed check,70.19,4548.99,No
9717-ABJTE,Male,0,Yes,No,17,Yes,No,No,No internet service,No internet service,No internet service,No internet service,No internet service,No internet service,Month-to-month,No,Credit card (automatic),35.67,595.81,Yes
3406-DCWFN,Male,0,No,Yes,69,Yes,Yes,Fiber optic,No,No,No,No,Yes,Yes,Month-to-month,No,Mailed check,109.0,7523.83,No
7608-NJDXY,Male,0,No,Yes,9,Yes,Yes,Fiber optic,No,No,No,No,Yes,No,Month-to-month,No,Electronic check,96.85,874.12,Yes
5096-JQPBC,Male,0,No,No,7,Yes,No,DSL,Yes,Yes,No,Yes,No,No,Two year,Yes,Electronic check,78.58,549.04,No
1944-NUCPL,Female,0,No,Yes,8,Yes,No,No,No internet service,No internet service,No internet service,No internet service,No internet service,No internet service,Month-to-month,Yes,Electronic check,34.96,287.37,Yes
2560-WHBIK,Female,0,No,No,21,Yes,Yes,No,No internet service,No internet service,No internet service,No internet service,No internet service,No internet service,Month-to-month,Yes,Mailed check,43.99,905.66,No
1573-GEFYK,Male,0,Yes,No,68,Yes,Yes,Fiber optic,No,No,No,No,Yes,No,Month-to-month,Yes,Bank transfer (automatic),92.42,6314.84,No
5481-XDMFQ,Female,0,No,No,33,Yes,Yes,DSL,No,No,Yes,Yes,No,No,One year,No,Electronic check,69.5,2287.5,No
1057-VPDBI,Male,0,No,Yes,12,Yes,Yes,DSL,No,Yes,No,Yes,No,No,One year,Yes,Mailed check,74.57,928.45,No
5992-BUCCH,Male,0,No,No,46,Yes,Yes,Fiber optic,No,Yes,Yes,Yes,Yes,Yes,Two year,Yes,Electronic check,113.65,5184.37,No
5884-PALYF,Female,0,No,No,37,Yes,No,No,No internet service,No internet service,No internet service,No internet service,No internet service,No internet service,One year,Yes,Bank transfer (automatic),40.46,1463.14,Yes
9659-BQMNA,Male,1,Yes,No,51,Yes,No,No,No internet service,No internet service,No internet service,No internet service,No internet service,No internet service,Month-to-month,Yes,Electronic check,40.46,2061.8,No
5368-EGBEO,Female,0,Yes,No,54,Yes,Yes,DSL,No,Yes,No,No,Yes,Yes,Month-to-month,Yes,Credit card (automatic),78.94,4282.78,No
1823-ECJNF,Female,0,Yes,No,57,Yes,No,DSL,No,Yes,Yes,Yes,Yes,No,Month-to-month,Yes,Mailed check,85.81,4895.84,No
6116-XRQGK,Male,0,Yes,No,11,No,No phone service,Fiber optic,No,No,No,No,No,Yes,One year,No,Mailed check,75.62,829.67,No
5967-VGVDS,Male,0,Yes,Yes,36,Yes,No,Fiber optic,No,Yes,Yes,No,No,No,Two year,No,Electronic check,94.72,3415.62,No
8394-NMNNV,Female,1,Yes,No,46,Yes,No,Fiber optic,Yes,No,Yes,Yes,No,No,Month-to-month,Yes,Electronic check,97.42,4480.9,No
8191-DBOKX,Female,1,No,No,40,Yes,No,Fiber optic,No,No,Yes,Yes,Yes,No,Month-to-month,Yes,Bank transfer (automatic),102.21,4127.65,No
2947-VULVU,Female,0,No,Yes,70,Yes,Yes,No,No internet service,No internet service,No internet service,No internet service,No internet service,No internet service,One year,Yes,Bank transfer (automatic),39.19,2733.0,No
2074-DJXMN,Male,0,No,No,70,Yes,No,DSL,Yes,No,Yes,Yes,No,Yes,One year,No,Mailed check,95.71,6725.19,No
6204-USNLP,Male,0,No,No,59,No,No phone service,Fiber optic,No,No,Yes,Yes,No,No,One year,Yes,Electronic check,82.27,4839.13,No
4159-KPELN,Female,0,Yes,No,17,Yes,Yes,Fiber optic,Yes,No,No,No,No,No,Month-to-month,No,Electronic check,94.69,1603.85,Yes
9777-ZDAVJ,Female,0,Yes,Yes,38,Yes,No,No,No internet service,No internet service,No internet service,No internet service,No internet service,No internet service,Month-to-month,Yes,Mailed check,39.48,1480.82,No
3152-CARJI,Male,0,No,No,58,Yes,No,No,No internet service,No internet service,No internet service,No internet service,No internet service,No internet service,Month-to-month,Yes,Credit card (automatic),32.64,1910.18,No
5869-ZCEFM,Female,0,No,Yes,19,Yes,No,No,No internet service,No internet service,No internet service,No internet service,No internet service,No internet service,Month-to-month,Yes,Mailed check,38.79,761.27,No
7713-ZRFTD,Female,0,No,No,51,Yes,Yes,Fiber optic,No,No,No,No,No,Yes,One year,Yes,Credit card (automatic),93.35,4757.37,No
6725-RGBGK,Male,0,No,No,18,Yes,Yes,DSL,No,No,No,No,No,Yes,Month-to-month,Yes,Credit card (automatic),75.81,1375.49,No
5194-HWMJC,Male,0,No,No,10,Yes,Yes,Fiber optic,No,Yes,No,No,No,No,Month-to-month,Yes,Electronic check,87.63,878.86,Yes
6256-XRCBX,Female,0,No,No,17,Yes,Yes,No,No internet service,No internet service,No internet service,No internet service,No internet service,No internet service,Two year,No,Credit card (automatic),40.5,700.38,No
2722-UAVBS,Female,0,No,No,67,Yes,Yes,DSL,No,No,Yes,No,No,No,Month-to-month,Yes,Bank transfer (automatic),67.76,4563.57,No
8685-ZFUDK,Male,0,No,No,72,No,No phone service,DSL,Yes,No,Yes,No,No,No,Month-to-month,No,Electronic check,56.26,4027.87,No
5429-VFYJW,Male,0,Yes,No,62,Yes,Yes,DSL,No,No,No,No,Yes,No,Two year,Yes,Bank transfer (automatic),71.17,4391.42,No
8663-QKXZO,Female,0,Yes,Yes,19,Yes,No,Fiber optic,No,Yes,No,Yes,No,No,Month-to-month,Yes,Mailed check,95.36,1800.82,No
2832-FNEJS,Male,0,Yes,No,56,Yes,Yes,Fiber optic,No,No,No,Yes,No,No,One year,No,Electronic check,88.57,4951.12,No
9224-JUCFB,Female,0,No,No,15,Yes,No,DSL,No,No,Yes,No,Yes,No,Month-to-month,Yes,Electronic check,84.44,1270.8,Yes
4590-DWUVB,Female,1,No,No,9,Yes,No,DSL,Yes,No,No,No,No,Yes,Two year,No,Bank transfer (automatic),77.61,698.72,No
1897-UWAPB,Female,0,Yes,Yes,18,Yes,Yes,Fiber optic,No,No,No,No,Yes,Yes,Month-to-month,No,Electronic check,109.31,1963.58,No
1719-WOVZP,Male,0,Yes,No,10,Yes,No,Fiber optic,Yes,No,No,No,No,No,Month-to-month,Yes,Credit card (automatic),91.86,917.12,Yes
1039-FVBQK,Male,0,No,Yes,46,No,No phone service,DSL,Yes,Yes,No,No,No,No,Two year,Yes,Credit card (automatic),55.55,2559.74,No
7712-UKOLV,Male,0,Yes,No,49,Yes,No,Fiber optic,No,No,No,Yes,No,No,One year,Yes,Mailed check,91.81,4483.35,No
8597-RDXRT,Female,0,No,No,2,Yes,No,DSL,No,Yes,No,No,Yes,Yes,Month-to-month,Yes,Bank transfer (automatic),86.89,131.45,No
2701-ETFVH,Male,0,Yes,No,7,Yes,No,DSL,No,No,No,No,No,Yes,Month-to-month,Yes,Credit card (automatic),70.58,475.95,Yes
9730-GMDJU,Male,0,Yes,No,34,No,No phone service,DSL,Yes,No,No,Yes,Yes,No,Month-to-month,No,Electronic check,58.97,2027.15,No
9027-HRNDY,Male,0,Yes,Yes,8,Yes,No,DSL,No,Yes,No,No,Yes,Yes,Month-to-month,No,Credit card (automatic),85.94,635.73,No
2276-HEPYN,Male,0,Yes,No,60,Yes,No,DSL,No,Yes,Yes,No,No,No,Month-to-month,No,Mailed check,74.43,4488.48,No
3874-XYYNZ,Male,0,Yes,No,29,Yes,No,DSL,No,No,Yes,Yes,No,Yes,Month-to-month,Yes,Credit card (automatic),83.36,2406.1,No
1727-GYYYW,Female,0,Yes,Yes,30,Yes,No,DSL,No,No,No,No,No,No,Two year,Yes,Electronic check,66.39,2008.73,No
3544-NAPRA,Female,0,Yes,No,0,Yes,No,Fiber optic,No,No,No,No,No,Yes,Two year,Yes,Bank transfer (automatic),99.78, ,No
7772-WKGJN,Male,0,Yes,No,51,Yes,Yes,No,No internet service,No internet service,No internet service,No internet service,No internet service,No internet service,Two year,No,Credit card (automatic),36.82,1827.68,No
1263-RQUVU,Male,0,No,No,52,Yes,Yes,DSL,No,No,No,No,Yes,No,Month-to-month,Yes,Bank transfer (automatic),73.44,3801.71,No
6719-QHITV,Male,0,Yes,No,55,Yes,No,Fiber optic,Yes,No,No,No,Yes,No,Month-to-month,Yes,Electronic check,97.18,5342.26,Yes
6384-HKVSH,Female,0,Yes,Yes,39,Yes,No,DSL,No,Yes,Yes,No,No,No,One year,No,Electronic check,68.33,2672.61,No
4983-KAJPS,Male,0,Yes,No,19,Yes,No,No,No internet service,No internet service,No internet service,No internet service,No internet service,No internet service,Month-to-month,No,Bank transfer (automatic),46.38,852.95,No
7491-QUGAI,Female,0,No,Yes,5,No,No phone service,DSL,No,Yes,No,Yes,No,Yes,Month-to-month,Yes,Electronic check,64.59,330.49,No
6319-THBBX,Male,0,No,No,23,Yes,Yes,DSL,No,Yes,No,No,Yes,Yes,Two year,No,Credit card (automatic),87.6,2015.35,No
5633-WFAQT,Male,0,No,Yes,39,Yes,Yes,Fiber optic,No,No,No,Yes,No,Yes,One year,Yes,Mailed check,105.19,4090.07,No
5271-ASHEG,Female,0,No,No,8,Yes,No,DSL,Yes,No,No,No,No,No,Month-to-month,No,Mailed check,77.98,626.18,No
1074-UMDWH,Female,0,Yes,Yes,3,Yes,No,DSL,No,Yes,Yes,Yes,No,Yes,Month-to-month,Yes,Electronic check,88.03,265.88,No
5371-SPAMH,Female,0,No,Yes,15,Yes,Yes,DSL,No,No,No,No,Yes,No,Month-to-month,Yes,Electronic check,79.66,1205.43,No
8901-ZPWPR,Female,1,Yes,Yes,5,Yes,No,Fiber optic,No,Yes,No,No,Yes,Yes,One year,No,Credit card (automatic),110.7,557.52,No
3503-LFTUK,Female,0,No,No,1,Yes,No,DSL,Yes,Yes,No,No,No,No,Month-to-month,Yes,Bank transfer (automatic),78.77,80.88,No
3839-BGNWQ,Female,0,Yes,Yes,35,No,No phone service,DSL,Yes,Yes,Yes,No,Yes,Yes,Two year,No,Bank transfer (automatic),78.05,2771.31,No
5672-PJNXZ,Male,0,Yes,Yes,54,Yes,No,No,No internet service,No internet service,No internet service,No internet service,No internet service,No internet service,Month-to-month,Yes,Credit card (automatic),37.5,1986.09,No
3519-AHKZD,Male,0,No,Yes,36,Yes,No,DSL,Yes,No,No,No,Yes,No,Month-to-month,Yes,Electronic check,79.31,2829.1,No
8930-JTJTB,Male,0,No,No,6,Yes,Yes,DSL,No,Yes,No,No,No,Yes,One year,Yes,Electronic check,83.07,520.22,No
3078-DUTCK,Male,0,No,No,24,Yes,Yes,Fiber optic,Yes,No,No,No,Yes,No,Two year,No,Mailed check,95.67,2266.75,Yes
6514-XNZTW,Male,0,Yes,No,2,Yes,Yes,DSL,No,Yes,No,No,Yes,No,Two year,Yes,Mailed check,80.83,179.59,No
9748-QSOWT,Male,1,Yes,Yes,45,Yes,Yes,No,No internet service,No internet service,No internet service,No internet service,No internet service,No internet service,Month-to-month,No,Electronic check,44.99,2030.94,No
4619-AXDVB,Male,0,Yes,Yes,17,Yes,Yes,DSL,No,No,No,Yes,Yes,Yes,Month-to-month,Yes,Mailed check,86.96,1452.17,No
7265-VGDRX,Female,0,Yes,Yes,28,Yes,No,DSL,No,No,Yes,Yes,Yes,No,One year,Yes,Mailed check,86.09,2430.33,No
3160-PZZQS,Male,0,Yes,No,65,Yes,No,No,No internet service,No internet service,No internet service,No internet service,No internet service,No internet service,Two year,Yes,Electronic check,37.18,2440.47,No
5271-CQMGE,Female,1,Yes,Yes,42,Yes,Yes,No,No internet service,No internet service,No internet service,No internet service,No internet service,No internet service,Two year,Yes,Bank transfer (automatic),46.06,1935.15,No
8557-CTPFJ,Male,1,No,Yes,55,Yes,No,Fiber optic,No,Yes,No,No,No,Yes,Month-to-month,Yes,Mailed check,96.41,5300.57,No
1875-LPLOC,Female,0,Yes,Yes,25,Yes,No,DSL,No,No,No,Yes,No,No,One year,No,Mailed check,73.01,1851.2,No
4863-ATXAJ,Female,1,No,No,67,Yes,No,Fiber optic,No,No,No,Yes,Yes,No,Month-to-month,Yes,Bank transfer (automatic),99.82,6653.97,Yes
5230-BUJQR,Male,1,No,No,52,Yes,No,No,No internet service,No internet service,No internet service,No internet service,No internet service,No internet service,Month-to-month,Yes,Mailed check,38.97,2040.34,No
5246-OBHIH,Male,0,No,Yes,37,Yes,Yes,Fiber optic,No,Yes,No,No,Yes,No,Month-to-month,Yes,Bank transfer (automatic),85.99,3152.8,No
6009-QPJIP,Female,1,Yes,No,42,Yes,Yes,No,No internet service,No internet service,No internet service,No internet service,No internet service,No internet service,Month-to-month,No,Bank transfer (automatic),41.72,1763.85,No
8801-GCJGV,Female,0,Yes,No,45,Yes,No,Fiber optic,No,Yes,No,No,Yes,Yes,Month-to-month,No,Electronic check,107.46,4833.12,No
8626-OKKGF,Male,0,Yes,No,11,Yes,Yes,No,No internet service,No internet service,No internet service,No internet service,No internet service,No internet service,Month-to-month,Yes,Electronic check,39.0,428.32,No
5868-PPKUI,Female,0,No,Yes,18,No,No phone service,DSL,No,No,No,Yes,No,Yes,One year,Yes,Electronic check,55.79,1037.15,No
7466-QJPFF,Female,0,Yes,No,50,Yes,No,No,No internet service,No internet service,No internet service,No internet service,No internet service,No internet service,One year,Yes,Credit card (automatic),33.69,1653.18,No
4348-TUUKP,Male,0,Yes,No,32,Yes,Yes,No,No internet service,No internet service,No internet service,No internet service,No internet service,No internet service,Month-to-month,Yes,Mailed check,42.69,1380.45,Yes
9805-PUHQK,Male,0,No,No,57,Yes,No,No,No internet service,No internet service,No internet service,No internet service,No internet service,No internet service,One year,No,Mailed check,39.25,2235.83,No
8988-WUVOW,Male,1,No,No,38,Yes,No,No,No internet service,No internet service,No internet service,No internet service,No internet service,No internet service,Month-to-month,Yes,Mailed check,38.0,1446.0,No
1373-WPVTM,Female,0,No,Yes,4,Yes,No,No,No internet service,No internet service,No internet service,No internet service,No internet service,No internet service,Month-to-month,No,Mailed check,41.22,182.05,Yes
8255-JLYOT,Female,1,Yes,No,48,Yes,Yes,Fiber optic,No,Yes,No,No,Yes,No,Two year,No,Mailed check,102.79,4950.07,No
4772-AZEOR,Female,0,No,No,44,Yes,No,Fiber optic,No,Yes,Yes,No,Yes,Yes,Month-to-month,Yes,Mailed check,120.0,5292.46,No
8685-TVCJO,Female,0,Yes,Yes,26,Yes,No,No,No internet service,No internet service,No internet service,No internet service,No internet service,No internet service,Month-to-month,No,Electronic check,39.12,999.71,No
8518-OYKJO,Male,0,Yes,Yes,57,Yes,No,Fiber optic,No,No,No,Yes,No,No,One year,No,Electronic check,88.61,5063.13,No
2006-BHKJE,Male,0,No,No,25,Yes,No,Fiber optic,No,Yes,Yes,No,No,No,Month-to-month,Yes,Bank transfer (automatic),95.73,2408.47,Yes
8574-PLORA,Male,0,No,Yes,8,Yes,No,Fiber optic,Yes,No,No,No,Yes,Yes,Month-to-month,No,Bank transfer (automatic),109.12,883.02,Yes
9200-YDKVF,Male,0,No,No,8,Yes,No,No,No internet service,No internet service,No internet service,No internet service,No internet service,No internet service,One year,No,Electronic check,41.16,341.92,No
5689-MSPBY,Female,0,Yes,No,65,Yes,No,DSL,No,No,Yes,Yes,Yes,Yes,One year,Yes,Electronic check,96.13,6250.38,No
8550-YBSMT,Female,0,Yes,No,27,No,No phone service,Fiber optic,No,No,Yes,Yes,No,Yes,Month-to-month,No,Bank transfer (automatic),90.92,2431.6,Yes
4374-JLIXJ,Male,0,No,Yes,30,Yes,No,Fiber optic,No,Yes,No,No,No,No,Two year,Yes,Electronic check,85.13,2545.81,No
3660-JHPAN,Female,1,No,No,22,Yes,No,No,No internet service,No internet service,No internet service,No internet service,No internet service,No internet service,Month-to-month,No,Mailed check,40.84,889.15,No
7761-JHTEZ,Female,0,Yes,No,53,Yes,No,DSL,Yes,No,No,No,Yes,No,Month-to-month,No,Mailed check,77.67,4117.09,No
9153-OAJTT,Male,0,Yes,No,44,Yes,Yes,Fiber optic,No,No,No,No,No,No,Month-to-month,Yes,Bank transfer (automatic),90.72,3983.72,No
1251-EQPCH,Female,0,No,Yes,65,Yes,Yes,DSL,No,No,No,Yes,No,Yes,Month-to-month,Yes,Credit card (automatic),73.54,4816.23,No
4692-EPNQD,Female,1,No,Yes,65,Yes,No,Fiber optic,No,No,No,Yes,No,No,Two year,No,Credit card (automatic),90.77,5909.16,No
6372-OQWWT,Female,0,Yes,Yes,72,Yes,No,Fiber optic,Yes,No,Yes,Yes,No,No,One year,Yes,Electronic check,98.81,7113.17,No
3409-QDBMC,Female,0,No,Yes,24,Yes,Yes,Fiber optic,No,No,No,Yes,No,No,Month-to-month,Yes,Electronic check,94.06,2263.11,Yes
6460-VFUDD,Male,0,No,No,42,Yes,No,Fiber optic,Yes,No,Yes,No,Yes,Yes,Month-to-month,Yes,Mailed check,110.41,4645.72,No
2305-MKZPU,Female,0,Yes,Yes,25,Yes,Yes,Fiber optic,No,No,No,Yes,Yes,Yes,Month-to-month,Yes,Mailed check,116.16,2947.41,No
2478-LBKLM,Male,0,No,Yes,51,Yes,Yes,Fiber optic,Yes,Yes,Yes,Yes,Yes,No,One year,Yes,Mailed check,119.05,6080.6,No
9816-ARQXL,Female,0,No,No,54,Yes,No,No,No internet service,No internet service,No internet service,No internet service,No internet service,No internet service,Month-to-month,Yes,Credit card (automatic),41.08,2210.3,No
9206-CWACP,Male,0,No,Yes,18,Yes,No,Fiber optic,Yes,Yes,No,No,No,No,Two year,Yes,Mailed check,99.78,1775.58,No
5255-PKUSD,Male,0,No,Yes,62,Yes,No,DSL,Yes,No,Yes,Yes,Yes,Yes,Month-to-month,Yes,Mailed check,101.77,6314.34,Yes
6995-BXVED,Female,0,No,No,21,Yes,No,Fiber optic,No,No,Yes,Yes,Yes,Yes,Month-to-month,No,Electronic check,119.07,2541.53,No
1152-DUYPD,Male,1,No,No,71,Yes,No,Fiber optic,No,No,No,No,Yes,No,Two year,Yes,Credit card (automatic),92.58,6570.09,No
5595-LVXRG,Male,0,Yes,No,62,Yes,No,Fiber optic,Yes,No,No,Yes,Yes,Yes,Two year,No,Mailed check,116.44,7200.63,No
8970-LOZRH,Female,0,No,No,1,Yes,No,Fiber optic,No,No,Yes,No,No,Yes,Month-to-month,No,Electronic check,103.35,123.22,Yes
6714-THQZS,Male,0,Yes,Yes,29,Yes,Yes,No,No internet service,No internet service,No internet service,No internet service,No internet service,No internet service,Month-to-month,No,Mailed check,45.06,1309.17,No
4214-JGSYO,Female,0,Yes,No,28,Yes,Yes,No,No internet service,No internet service,No internet service,No internet service,No internet service,No internet service,Two year,Yes,Electronic check,43.59,1187.91,No
2799-WAHMC,Male,0,No,No,60,Yes,Yes,DSL,No,Yes,No,Yes,No,No,One year,No,Mailed check,76.12,4571.4,No
8949-IHTTN,Male,0,No,No,52,Yes,Yes,Fiber optic,No,No,Yes,Yes,Yes,No,One year,No,Electronic check,100.28,5237.39,No
5382-NODCE,Female,0,No,No,3,Yes,Yes,Fiber optic,No,Yes,Yes,No,Yes,No,One year,Yes,Mailed check,102.74,266.23,No
4142-DWLYN,Male,0,No,No,61,Yes,Yes,No,No internet service,No internet service,No internet service,No internet service,No internet service,No internet service,Two year,No,Electronic check,44.38,2721.56,No
7563-YAIPC,Male,0,No,No,15,Yes,Yes,DSL,No,No,Yes,No,No,No,Month-to-month,Yes,Electronic check,67.49,987.33,Yes
1040-LENLP,Female,0,Yes,No,26,Yes,No,DSL,No,No,Yes,Yes,No,No,Month-to-month,Yes,Mailed check,67.68,1755.61,Yes
6131-WFLVB,Female,1,No,Yes,12,Yes,Yes,Fiber optic,No,No,Yes,No,No,Yes,Month-to-month,Yes,Bank transfer (automatic),99.73,1187.29,Yes
5368-XYKTA,Male,0,No,No,11,Yes,Yes,Fiber optic,Yes,Yes,No,No,Yes,Yes,One year,Yes,Bank transfer (automatic),109.6,1227.83,Yes
1137-HELOY,Female,0,Yes,Yes,38,Yes,Yes,DSL,No,No,No,No,No,Yes,Month-to-month,No,Electronic check,72.0,2755.97,Yes
1096-BBWGC,Female,0,No,No,6,Yes,Yes,No,No internet service,No internet service,No internet service,No internet service,No internet service,No internet service,Month-to-month,No,Bank transfer (automatic),40.51,215.99,Yes
3682-RIDLI,Female,0,No,No,5,No,No phone service,DSL,No,No,No,Yes,Yes,No,One year,No,Mailed check,65.08,285.59,No
3172-WMPGV,Male,1,Yes,No,57,Yes,No,DSL,Yes,Yes,No,Yes,No,No,Month-to-month,Yes,Mailed check,77.58,4391.78,No
9053-GRMQF,Female,0,No,Yes,25,No,No phone service,DSL,Yes,No,Yes,No,No,No,Two year,No,Electronic check,54.62,1374.01,No
9682-WLOMN,Female,0,Yes,No,47,No,No phone service,DSL,No,Yes,No,Yes,No,No,Month-to-month,Yes,Bank transfer (automatic),49.51,2281.33,No
3869-HDCYN,Female,0,Yes,No,71,Yes,No,DSL,Yes,Yes,Yes,Yes,No,Yes,One year,Yes,Electronic check,95.11,6739.93,No
5981-DOBPS,Male,0,Yes,Yes,3,Yes,No,Fiber optic,No,No,Yes,No,Yes,Yes,One year,Yes,Electronic check,114.71,362.74,Yes
6798-SEBRV,Female,1,Yes,Yes,57,Yes,No,DSL,Yes,No,No,Yes,No,No,Month-to-month,Yes,Credit card (automatic),76.06,4347.4,No
1570-XQWNF,Female,0,Yes,No,8,Yes,No,Fiber optic,Yes,No,No,Yes,No,Yes,Month-to-month,No,Electronic check,103.43,793.51,No
5636-TXRLR,Male,0,No,Yes,55,Yes,No,Fiber optic,Yes,No,Yes,Yes,No,Yes,Month-to-month,Yes,Bank transfer (automatic),116.35,6403.21,Yes
4553-CILKA,Female,0,Yes,No,22,Yes,Yes,Fiber optic,No,Yes,No,No,Yes,No,Two year,Yes,Mailed check,96.55,2104.95,No
3398-ZZGIY,Female,0,No,No,9,Yes,Yes,No,No internet service,No internet service,No internet service,No internet service,No internet service,No internet service,One year,Yes,Electronic check,43.68,380.2,No
2770-UOFWL,Male,0,No,Yes,16,Yes,No,No,No internet service,No internet service,No internet service,No internet service,No internet service,No internet service,Month-to-month,Yes,Mailed check,37.23,584.24,Yes
3708-PNBEO,Female,0,Yes,No,26,Yes,No,Fiber optic,No,No,Yes,Yes,No,No,Month-to-month,Yes,Electronic check,101.56,2631.47,Yes
7769-JXCKS,Male,0,Yes,Yes,53,Yes,No,Fiber optic,No,No,Yes,No,No,No,Two year,No,Credit card (automatic),89.95,4765.63,No
2327-OZVJX,Female,0,No,Yes,49,Yes,Yes,Fiber optic,Yes,No,No,No,No,Yes,Month-to-month,No,Electronic check,93.09,4546.67,No
8185-FRRII,Female,0,No,No,53,No,No phone service,Fiber optic,No,No,No,Yes,Yes,No,Two year,No,Bank transfer (automatic),78.8,4162.46,No
3096-ODDVG,Female,0,No,Yes,1,Yes,No,Fiber optic,No,Yes,No,No,Yes,No,Month-to-month,No,Credit card (automatic),94.36,112.21,Yes
6547-VAFBK,Male,0,Yes,No,71,Yes,No,Fiber optic,Yes,No,No,No,No,Yes,Month-to-month,No,Electronic check,109.72,7790.21,No
3629-WVGIN,Female,0,No,No,31,Yes,No,DSL,Yes,Yes,Yes,No,Yes,Yes,Month-to-month,Yes,Bank transfer (automatic),97.39,2997.28,No
5925-ERFXG,Male,0,No,Yes,8,Yes,No,Fiber optic,No,Yes,No,Yes,No,No,Month-to-month,Yes,Mailed check,100.81,808.51,No
9743-HICAP,Female,0,No,No,67,Yes,Yes,No,No internet service,No internet service,No internet service,No internet service,No internet service,No internet service,Two year,No,Credit card (automatic),42.62,2825.81,No
8414-LCARA,Female,1,Yes,No,57,Yes,Yes,Fiber optic,No,No,No,No,Yes,No,One year,No,Mailed check,87.03,4963.0,No
1245-TRVMZ,Male,0,No,Yes,6,No,No phone service,Fiber optic,No,No,No,No,No,No,One year,Yes,Electronic check,62.15,384.1,No
1439-BLMYC,Male,0,Yes,No,31,Yes,Yes,Fiber optic,Yes,Yes,Yes,No,Yes,No,One year,Yes,Credit card (automatic),112.77,3512.01,No
9027-OSQRN,Male,0,No,No,66,No,No phone service,Fiber optic,No,Yes,No,No,No,No,One year,Yes,Bank transfer (automatic),69.83,4617.22,No
6308-FPLVL,Female,0,No,No,49,Yes,Yes,DSL,No,No,No,No,No,No,One year,Yes,Bank transfer (automatic),63.92,3110.44,No
3302-XMGIN,Male,0,No,No,14,Yes,No,Fiber optic,Yes,No,Yes,No,Yes,Yes,One year,No,Mailed check,110.56,1536.52,Yes
4533-WFJCK,Male,0,Yes,No,51,No,No phone service,DSL,No,No,No,Yes,No,No,Two year,Yes,Mailed check,39.89,2057.18,No
6061-GOQUK,Male,0,No,Yes,13,Yes,Yes,Fiber optic,No,No,No,No,Yes,Yes,One year,Yes,Credit card (automatic),102.14,1321.53,Yes
4368-ULQYP,Male,1,Yes,Yes,25,Yes,Yes,DSL,No,Yes,Yes,No,No,No,Month-to-month,Yes,Mailed check,77.86,1944.77,No
9016-SHBZG,Male,0,No,No,14,Yes,Yes,No,No internet service,No internet service,No internet service,No internet service,No internet service,No internet service,Month-to-month,No,Bank transfer (automatic),35.64,512.51,No
9143-JCUQB,Male,0,No,No,50,Yes,No,Fiber optic,No,No,No,No,No,Yes,Month-to-month,No,Credit card (automatic),101.26,5093.16,No
3360-IQSQP,Male,0,No,No,67,Yes,Yes,DSL,Yes,No,Yes,Yes,No,No,Month-to-month,Yes,Bank transfer (automatic),80.28,5377.24,No
9410-UTKNG,Female,1,Yes,Yes,3,Yes,Yes,No,No internet service,No internet service,No internet service,No internet service,No internet service,No internet service,Month-to-month,Yes,Bank transfer (automatic),35.47,98.61,No
6252-MXIIJ,Male,1,No,No,44,Yes,No,Fiber optic,No,No,No,Yes,No,No,Month-to-month,Yes,Electronic check,90.69,4028.26,No
4165-NBJWD,Female,0,No,Yes,18,Yes,Yes,Fiber optic,No,Yes,No,Yes,No,Yes,Month-to-month,No,Electronic check,105.98,1946.97,Yes
8753-ATNZH,Female,0,No,No,54,Yes,No,DSL,No,No,No,No,No,Yes,Two year,Yes,Bank transfer (automatic),79.28,4281.87,No
8767-TAPCU,Female,0,No,No,10,Yes,Yes,Fiber optic,Yes,Yes,Yes,No,No,No,One year,Yes,Credit card (automatic),96.33,963.68,No
5114-IKPAY,Male,0,No,Yes,26,Yes,No,Fiber optic,No,Yes,No,No,No,Yes,Month-to-month,Yes,Mailed check,102.87,2692.77,Yes
5075-GYYFE,Male,0,No,No,15,Yes,No,Fiber optic,No,No,No,No,No,Yes,Two year,No,Bank transfer (automatic),94.08,1419.96,No
2878-DHTVZ,Female,0,No,No,63,Yes,Yes,Fiber optic,No,Yes,No,No,No,No,Two year,No,Electronic check,88.07,5548.98,No
9839-VBBLE,Female,0,Yes,No,6,Yes,No,DSL,No,Yes,No,No,No,No,Two year,Yes,Electronic check,69.38,431.04,Yes
3687-STWFL,Female,1,No,No,42,Yes,Yes,No,No internet service,No internet service,No internet service,No internet service,No internet service,No internet service,Month-to-month,Yes,Electronic check,37.57,1565.0,No
9874-RXLKM,Male,1,Yes,No,8,Yes,Yes,No,No internet service,No internet service,No internet service,No internet service,No internet service,No internet service,Month-to-month,Yes,Electronic check,42.44,361.79,No
8726-VEUVP,Male,1,Yes,No,43,Yes,No,DSL,No,Yes,No,No,No,No,Month-to-month,Yes,Electronic check,69.35,2995.32,Yes
5144-FILUS,Male,0,No,No,56,Yes,No,Fiber optic,No,No,No,No,No,No,One year,Yes,Electronic check,85.32,4786.99,Yes
2747-BRPLQ,Male,0,Yes,No,54,Yes,Yes,DSL,No,No,No,No,No,No,One year,Yes,Bank transfer (automatic),70.85,3823.75,No
6484-PKMAL,Female,0,No,Yes,2,No,No phone service,No,No internet service,No internet service,No internet service,No internet service,No internet service,No internet service,One year,No,Mailed check,25.8,39.18,No
1981-RAJLX,Male,0,No,Yes,56,Yes,No,DSL,Yes,No,No,No,No,Yes,Two year,No,Mailed check,75.12,4171.41,No
4497-BPXLX,Male,0,Yes,No,21,Yes,Yes,No,No internet service,No internet service,No internet service,No internet service,No internet service,No internet service,Two year,Yes,Mailed check,50.57,1026.71,No
5212-ROVIL,Female,1,Yes,Yes,49,Yes,Yes,No,No internet service,No internet service,No internet service,No internet service,No internet service,No internet service,One year,No,Mailed check,35.41,1701.64,Yes
6903-GZLYV,Female,0,Yes,No,70,Yes,Yes,DSL,No,No,No,No,Yes,Yes,Two year,Yes,Electronic check,84.42,5933.86,No
5405-POWSU,Male,0,Yes,No,8,Yes,No,Fiber optic,No,Yes,Yes,Yes,No,No,Two year,Yes,Bank transfer (automatic),102.67,808.21,Yes
4504-EZVSA,Male,0,No,No,26,Yes,No,Fiber optic,No,No,Yes,No,No,No,Month-to-month,Yes,Electronic check,79.44,2041.25,No
2604-ZCGIH,Female,0,No,No,63,Yes,No,Fiber optic,No,No,No,Yes,Yes,No,Two year,Yes,Credit card (automatic),97.83,6161.48,No
9345-IZYBR,Female,0,No,No,10,Yes,No,No,No internet service,No internet service,No internet service,No internet service,No internet service,No internet service,Month-to-month,No,Electronic check,39.62,377.19,No
8041-HYIYV,Female,0,Yes,Yes,19,Yes,No,Fiber optic,Yes,Yes,No,No,No,No,Month-to-month,Yes,Electronic check,99.06,1874.29,Yes
6393-CIURT,Female,0,No,No,40,Yes,Yes,DSL,No,No,No,Yes,No,Yes,Two year,Yes,Electronic check,77.68,3118.31,No
3921-JCQGU,Female,0,Yes,No,72,Yes,Yes,Fiber optic,No,No,Yes,No,No,No,Month-to-month,No,Electronic check,83.39,5997.49,No
5187-DQYWG,Male,0,No,Yes,21,No,No phone service,Fiber optic,No,No,No,No,Yes,Yes,Month-to-month,Yes,Electronic check,84.03,1758.06,No
9544-RPRAF,Male,0,No,Yes,28,Yes,No,Fiber optic,Yes,No,No,Yes,No,No,Two year,Yes,Credit card (automatic),96.0,2687.59,No
5244-CDTCK,Female,0,Yes,No,58,Yes,Yes,Fiber optic,No,No,No,Yes,Yes,No,Month-to-month,No,Electronic check,99.13,5721.57,No
6853-RWBFU,Male,0,No,No,8,Yes,Yes,Fiber optic,No,No,Yes,No,No,No,Month-to-month,Yes,Mailed check,86.64,698.9,Yes
1570-UXLTG,Male,0,No,Yes,23,Yes,Yes,DSL,No,No,Yes,Yes,No,No,Month-to-month,No,Mailed check,77.86,1819.3,No
3116-BPHBK,Male,0,Yes,No,23,Yes,Yes,Fiber optic,No,Yes,Yes,Yes,Yes,No,Month-to-month,No,Bank transfer (automatic),107.74,2470.69,Yes
6843-GFARD,Female,0,No,Yes,29,Yes,No,DSL,No,Yes,Yes,No,Yes,No,Month-to-month,No,Bank transfer (automatic),81.84,2375.33,No
9138-QSHBV,Male,0,No,Yes,41,Yes,No,Fiber optic,No,Yes,No,No,Yes,Yes,Month-to-month,Yes,Electronic check,109.99,4492.85,Yes
2999-FXECK,Male,0,Yes,No,16,Yes,No,No,No internet service,No internet service,No internet service,No internet service,No internet service,No internet service,Two year,No,Electronic check,41.23,645.25,No
2121-QRWQT,Male,1,Yes,Yes,28,Yes,No,DSL,No,No,No,No,Yes,No,Month-to-month,Yes,Bank transfer (automatic),69.15,1955.87,No
7154-QMJLZ,Male,0,No,No,66,Yes,No,DSL,No,No,No,Yes,Yes,Yes,One year,Yes,Bank transfer (automatic),91.63,6050.8,No
5404-GIFHP,Female,0,No,Yes,60,Yes,Yes,Fiber optic,Yes,Yes,No,No,No,No,Month-to-month,No,Bank transfer (automatic),91.01,5473.85,No
1253-USZPK,Male,1,No,No,69,Yes,No,DSL,Yes,Yes,No,No,Yes,Yes,Month-to-month,No,Bank transfer (automatic),91.22,6299.52,No
7322-KFVAX,Female,0,No,No,49,Yes,Yes,DSL,No,No,No,No,No,Yes,One year,No,Credit card (automatic),75.07,3675.29,No
8614-PMAIN,Male,0,No,Yes,42,Yes,No,Fiber optic,Yes,No,No,No,No,No,Month-to-month,No,Mailed check,83.25,3520.76,Yes
9238-KBMGE,Female,0,Yes,No,15,Yes,No,Fiber optic,No,No,No,No,Yes,Yes,Month-to-month,No,Electronic check,103.89,1522.64,No
4478-RPZJR,Female,0,Yes,No,11,Yes,Yes,DSL,No,Yes,No,Yes,Yes,No,Month-to-month,Yes,Credit card (automatic),83.04,897.27,No
6691-HRLZQ,Female,0,Yes,Yes,39,Yes,No,Fiber optic,No,No,Yes,Yes,Yes,Yes,Month-to-month,Yes,Electronic check,118.91,4629.89,Yes
7907-TOWNL,Female,0,No,No,29,Yes,No,DSL,Yes,No,Yes,No,Yes,Yes,Month-to-month,No,Credit card (automatic),94.47,2740.54,No
8979-YIXST,Male,0,No,Yes,57,Yes,No,No,No internet service,No internet service,No internet service,No internet service,No internet service,No internet service,Month-to-month,Yes,Bank transfer (automatic),41.96,2385.76,No
9202-WKPPA,Female,0,No,Yes,0,Yes,Yes,Fiber optic,No,No,Yes,Yes,Yes,No,Month-to-month,Yes,Bank transfer (automatic),102.23, ,No
1733-MOMYB,Female,0,Yes,No,65,Yes,Yes,DSL,No,No,No,No,No,No,Month-to-month,No,Credit card (automatic),58.05,3800.64,No
9579-IKKFR,Female,0,No,Yes,12,Yes,No,Fiber optic,No,No,Yes,No,Yes,No,Month-to-month,Yes,Bank transfer (automatic),98.15,1154.78,No
8630-NRADZ,Female,0,No,No,28,Yes,No,Fiber optic,Yes,No,No,No,No,Yes,Two year,No,Electronic check,94.72,2682.63,No
8788-IRKMP,Female,0,Yes,No,26,Yes,Yes,No,No internet service,No internet service,No internet service,No internet service,No internet service,No internet service,Month-to-month,Yes,Mailed check,41.99,1087.38,No
9084-ZJJYJ,Female,0,Yes,No,67,Yes,No,Fiber optic,No,No,No,No,Yes,Yes,One year,No,Mailed check,105.28,7057.63,Yes
1514-OXFBD,Female,0,No,Yes,52,Yes,No,Fiber optic,No,No,No,Yes,No,No,One year,Yes,Mailed check,97.04,5046.56,No
4772-NNYWM,Female,0,No,Yes,2,Yes,Yes,Fiber optic,No,No,Yes,No,Yes,Yes,Month-to-month,No,Electronic check,110.74,227.06,Yes
4823-KWCVO,Male,0,No,No,62,Yes,Yes,Fiber optic,No,Yes,No,No,Yes,Yes,Month-to-month,No,Electronic check,105.19,6545.84,No
1525-NJKBT,Male,0,Yes,Yes,49,Yes,Yes,Fiber optic,No,No,No,No,Yes,No,Month-to-month,No,Mailed check,88.78,4327.25,No
7257-FKVMU,Male,0,No,No,4,Yes,Yes,Fiber optic,No,Yes,Yes,No,No,Yes,Month-to-month,Yes,Bank transfer (automatic),104.3,402.83,No
6365-CUZRF,Male,0,Yes,No,57,Yes,Yes,No,No internet service,No internet service,No internet service,No internet service,No internet service,No internet service,Month-to-month,Yes,Electronic check,41.8,2395.14,No
1425-NGJWP,Male,0,Yes,No,2,Yes,Yes,DSL,No,No,No,No,No,No,Month-to-month,Yes,Electronic check,65.98,115.93,Yes
2950-OXZWX,Male,0,No,No,31,Yes,No,No,No internet service,No internet service,No internet service,No internet service,No internet service,No internet service,Two year,Yes,Bank transfer (automatic),40.43,1215.95,No
2456-GKJVW,Male,0,Yes,Yes,11,Yes,No,DSL,No,No,Yes,No,Yes,No,One year,Yes,Bank transfer (automatic),82.58,921.3,No
8495-QAUTO,Male,0,No,Yes,0,Yes,No,DSL,Yes,Yes,No,Yes,Yes,Yes,Month-to-month,Yes,Electronic check,100.07, ,No
2808-YHNPN,Female,0,Yes,No,40,Yes,Yes,DSL,Yes,No,No,Yes,No,No,Two year,No,Electronic check,71.37,2872.4,No
3317-EPGKY,Female,1,Yes,No,50,Yes,No,No,No internet service,No internet service,No internet service,No internet service,No internet service,No internet service,Month-to-month,No,Mailed check,41.84,2083.03,No
8706-QIMPU,Female,0,Yes,No,35,Yes,Yes,No,No internet service,No internet service,No internet service,No internet service,No internet service,No internet service,Month-to-month,No,Credit card (automatic),44.36,1575.41,No
7630-XXOEU,Male,0,No,Yes,25,Yes,No,Fiber optic,No,No,No,Yes,No,No,Month-to-month,No,Electronic check,93.28,2337.09,Yes
8347-GWFSA,Male,0,Yes,No,37,Yes,Yes,No,No internet service,No internet service,No internet service,No internet service,No internet service,No internet service,Two year,Yes,Credit card (automatic),43.17,1583.33,No
6855-FPULP,Female,0,Yes,Yes,11,Yes,No,DSL,No,Yes,No,Yes,Yes,Yes,Month-to-month,No,Credit card (automatic),89.54,960.44,Yes
6928-UANNJ,Male,0,Yes,No,3,Yes,No,DSL,No,No,Yes,Yes,Yes,No,Two year,Yes,Bank transfer (automatic),82.22,242.01,No
9522-COKRW,Female,0,Yes,Yes,11,Yes,No,DSL,No,No,No,No,Yes,No,One year,Yes,Credit card (automatic),75.19,828.21,No
8174-KBOHX,Male,1,No,No,3,Yes,No,Fiber optic,No,Yes,Yes,No,Yes,Yes,Month-to-month,No,Mailed check,109.32,315.13,No
7303-QHPJY,Male,0,No,No,56,Yes,No,Fiber optic,No,No,No,Yes,Yes,No,Month-to-month,Yes,Mailed check,98.34,5481.18,No
6449-IRZKW,Female,1,Yes,No,44,Yes,No,DSL,Yes,No,Yes,No,No,No,Month-to-month,No,Bank transfer (automatic),74.19,3259.78,No
8425-OIKSD,Male,0,No,No,13,Yes,Yes,DSL,Yes,No,No,No,Yes,Yes,One year,Yes,Electronic check,86.56,1156.01,No
9149-KPJYG,Male,1,Yes,Yes,41,Yes,No,Fiber optic,No,Yes,No,Yes,No,No,Month-to-month,Yes,Bank transfer (automatic),93.66,3845.02,Yes
5204-MSZYJ,Female,0,No,No,35,Yes,Yes,DSL,No,Yes,No,Yes,No,Yes,Month-to-month,Yes,Credit card (automatic),90.12,3141.25,Yes
4711-IZHLA,Male,0,Yes,No,8,Yes,Yes,Fiber optic,No,Yes,No,No,No,Yes,Month-to-month,No,Bank transfer (automatic),97.82,785.49,Yes
1926-DOFOW,Female,0,No,No,70,Yes,No,Fiber optic,No,No,No,Yes,No,No,Two year,No,Electronic check,93.73,6573.69,No
4978-UPSPE,Male,0,Yes,No,68,Yes,No,DSL,No,Yes,No,Yes,Yes,Yes,One year,No,Electronic check,98.05,6648.87,No
2720-ZBYIR,Male,0,No,No,55,Yes,Yes,DSL,No,No,No,No,Yes,Yes,Month-to-month,Yes,Electronic check,84.54,4644.55,No
8360-YFUID,Female,0,Yes,Yes,59,Yes,No,Fiber optic,No,No,Yes,No,No,Yes,Month-to-month,No,Electronic check,100.1,5902.96,Yes
4855-OYHXI,Male,0,No,No,39,Yes,Yes,Fiber optic,Yes,No,Yes,No,No,No,Month-to-month,Yes,Credit card (automatic),97.48,3793.69,No
5497-SIQMO,Female,0,Yes,No,58,Yes,No,Fiber optic,Yes,No,Yes,Yes,No,Yes,Month-to-month,Yes,Electronic check,115.3,6662.74,Yes
3012-ZYGVW,Female,0,No,No,38,Yes,No,Fiber optic,No,No,No,No,No,No,Month-to-month,No,Credit card (automatic),79.78,3044.87,No
5071-RPAGM,Female,1,No,No,12,Yes,Yes,No,No internet service,No internet service,No internet service,No internet service,No internet service,No internet service,One year,No,Bank transfer (automatic),42.47,467.52,No
3721-DDDSS,Male,0,Yes,No,12,Yes,Yes,Fiber optic,Yes,Yes,No,Yes,Yes,No,Month-to-month,No,Bank transfer (automatic),108.88,1293.37,No
6504-XZROI,Female,0,Yes,No,62,Yes,No,DSL,No,Yes,No,No,No,No,Month-to-month,No,Bank transfer (automatic),71.93,4445.13,No
8789-BJMJF,Female,0,Yes,No,32,Yes,Yes,No,No internet service,No internet service,No internet service,No internet service,No internet service,No internet service,Month-to-month,Yes,Electronic check,39.98,1268.18,No
9635-VVJRX,Female,0,No,No,53,Yes,No,Fiber optic,Yes,No,No,Yes,No,No,Month-to-month,No,Bank transfer (automatic),102.96,5486.08,Yes
7208-DHBEA,Male,0,No,Yes,10,Yes,No,Fiber optic,No,No,Yes,Yes,Yes,No,One year,Yes,Mailed check,101.83,1012.12,No
3660-ZCMRS,Female,1,No,No,32,Yes,Yes,Fiber optic,No,Yes,No,No,No,Yes,One year,No,Electronic check,103.58,3335.87,No
6635-CGCNG,Male,0,Yes,No,6,No,No phone service,Fiber optic,No,No,No,Yes,No,No,Month-to-month,Yes,Credit card (automatic),70.34,424.71,No
1307-CABFB,Female,0,No,No,16,Yes,No,No,No internet service,No internet service,No internet service,No internet service,No internet service,No internet service,Month-to-month,Yes,Electronic check,44.95,728.15,Yes
1036-LCLKM,Male,0,Yes,No,7,Yes,No,DSL,Yes,Yes,No,Yes,Yes,Yes,One year,No,Bank transfer (automatic),100.63,698.49,Yes
6844-QIHGN,Female,0,Yes,No,15,Yes,Yes,Fiber optic,No,No,No,No,Yes,No,One year,No,Electronic check,93.84,1422.06,No
6205-ZIQSV,Female,0,Yes,Yes,44,Yes,No,DSL,No,No,No,Yes,No,No,Two year,No,Electronic check,63.2,2768.48,No
6190-WTFRF,Male,0,Yes,No,0,Yes,Yes,Fiber optic,Yes,Yes,No,No,No,Yes,Two year,Yes,Mailed check,106.03, ,No
6501-FHKHY,Female,0,No,No,14,Yes,Yes,DSL,Yes,No,Yes,No,No,No,Two year,Yes,Electronic check,73.78,1022.52,No
7577-WPLBM,Female,0,No,No,50,Yes,No,Fiber optic,No,No,No,Yes,No,No,Two year,Yes,Bank transfer (automatic),92.19,4588.59,No
6303-WCOGJ,Male,0,Yes,Yes,10,Yes,No,No,No internet service,No internet service,No internet service,No internet service,No internet service,No internet service,Two year,Yes,Electronic check,38.35,383.07,No
4748-BPLOF,Male,1,Yes,Yes,40,Yes,No,DSL,No,No,No,Yes,No,No,One year,No,Mailed check,66.94,2694.96,No
9082-BLBWP,Female,0,No,No,63,Yes,No,DSL,No,No,Yes,No,Yes,No,One year,No,Mailed check,75.73,4764.22,No
6920-LQVHQ,Male,0,No,No,56,Yes,No,Fiber optic,Yes,Yes,No,No,Yes,No,One year,Yes,Electronic check,102.24,5709.46,No
3265-BMMIP,Male,0,Yes,No,8,Yes,Yes,Fiber optic,No,No,Yes,No,No,No,Month-to-month,Yes,Bank transfer (automatic),92.33,777.64,No
4236-VUZML,Female,0,Yes,No,10,Yes,No,DSL,No,No,No,No,Yes,No,Month-to-month,No,Mailed check,77.03,762.5,No
5847-GRMFF,Male,0,No,No,51,Yes,No,DSL,Yes,No,Yes,No,No,Yes,Two year,Yes,Electronic check,86.17,4409.29,No
6893-HSDTQ,Female,0,No,No,25,Yes,No,DSL,No,No,Yes,No,Yes,Yes,Month-to-month,Yes,Mailed check,85.49,2137.34,No
7376-SNJPA,Male,0,No,No,30,No,No phone service,DSL,No,No,No,No,No,No,Month-to-month,Yes,Mailed check,43.62,1330.12,No
7905-PPGZC,Female,0,Yes,No,34,Yes,No,No,No internet service,No internet service,No internet service,No internet service,No internet service,No internet service,Month-to-month,Yes,Mailed check,39.74,1350.13,No
6909-MHILJ,Male,0,No,Yes,42,Yes,No,DSL,No,No,No,No,Yes,No,Month-to-month,Yes,Bank transfer (automatic),73.91,3103.25,No
7855-TPWKV,Female,0,Yes,No,32,Yes,No,Fiber optic,Yes,No,Yes,Yes,No,No,Month-to-month,Yes,Electronic check,97.54,3120.13,No
5954-PWDYJ,Female,0,No,Yes,1,Yes,Yes,DSL,No,No,No,No,No,No,Month-to-month,No,Electronic check,58.74,53.64,No
8073-LPOOD,Male,0,Yes,No,6,Yes,Yes,No,No internet service,No internet service,No internet service,No internet service,No internet service,No internet service,Month-to-month,Yes,Credit card (automatic),42.31,255.1,Yes
4512-HHVGZ,Male,0,Yes,Yes,0,Yes,No,Fiber optic,No,Yes,No,No,Yes,No,Month-to-month,Yes,Electronic check,104.81, ,Yes
1878-FETAH,Female,0,Yes,Yes,19,Yes,Yes,Fiber optic,No,No,Yes,No,No,No,Month-to-month,No,Bank transfer (automatic),86.21,1647.9,Yes
1811-DJDQV,Female,0,Yes,Yes,59,Yes,Yes,Fiber optic,Yes,Yes,No,No,No,No,Month-to-month,Yes,Credit card (automatic),99.9,5948.36,No
9585-LTQCX,Female,0,Yes,Yes,70,Yes,No,DSL,No,Yes,No,No,No,No,Month-to-month,No,Bank transfer (automatic),68.85,4800.81,No
7700-PSAKP,Male,0,No,No,34,Yes,Yes,DSL,No,No,Yes,No,Yes,No,Month-to-month,Yes,Electronic check,83.98,2861.64,Yes
5994-BQLZU,Female,1,No,No,1,No,No phone service,Fiber optic,Yes,No,No,Yes,No,No,One year,Yes,Electronic check,72.3,72.62,Yes
3835-VQKPP,Female,0,No,No,5,Yes,Yes,Fiber optic,No,No,No,No,No,No,Month-to-month,Yes,Electronic check,82.11,387.91,Yes
3551-UFHMO,Male,0,Yes,No,59,Yes,No,Fiber optic,Yes,No,No,No,Yes,Yes,Two year,No,Electronic check,108.35,6408.27,No
9915-FVFYG,Male,0,Yes,No,25,Yes,Yes,Fiber optic,No,Yes,No,No,No,Yes,One year,Yes,Bank transfer (automatic),95.92,2389.13,No
8661-MPCBT,Male,0,No,No,64,Yes,Yes,Fiber optic,No,No,No,No,No,Yes,Month-to-month,No,Mailed check,96.98,6192.96,No
3649-ILUKD,Female,0,Yes,No,36,Yes,Yes,No,No internet service,No internet service,No internet service,No internet service,No internet service,No internet service,Month-to-month,Yes,Bank transfer (automatic),38.78,1423.43,No
9474-RJYSX,Male,0,Yes,Yes,64,Yes,No,No,No internet service,No internet service,No internet service,No internet service,No internet service,No internet service,Month-to-month,No,Credit card (automatic),39.74,2536.53,No
6214-XJGRN,Male,1,No,No,9,No,No phone service,Fiber optic,No,No,No,Yes,Yes,No,Month-to-month,Yes,Electronic check,81.83,759.82,Yes
3954-ZSCDW,Female,0,No,Yes,62,Yes,No,Fiber optic,Yes,Yes,Yes,Yes,Yes,No,Two year,No,Mailed check,119.85,7441.51,No
7177-QBHNG,Male,0,Yes,Yes,39,Yes,Yes,Fiber optic,No,No,No,Yes,Yes,No,One year,Yes,Mailed check,105.04,4098.46,No
8855-ZDBJP,Female,0,No,No,31,Yes,No,Fiber optic,No,Yes,Yes,Yes,No,No,Two year,Yes,Bank transfer (automatic),103.04,3206.97,No
3523-IWSCW,Female,0,No,Yes,38,No,No phone service,Fiber optic,No,No,No,No,No,No,One year,No,Mailed check,59.32,2269.88,No
5059-VQVDY,Female,1,Yes,Yes,23,Yes,Yes,DSL,Yes,No,Yes,No,No,No,Two year,Yes,Electronic check,75.31,1728.63,No
4226-UVPDF,Female,1,No,No,44,No,No phone service,No,No internet service,No internet service,No internet service,No internet service,No internet service,No internet service,Two year,No,Credit card (automatic),23.08,1008.16,No
7874-HEEKR,Female,1,Yes,Yes,56,Yes,No,DSL,Yes,No,No,Yes,No,Yes,Month-to-month,No,Electronic check,76.85,4320.75,No
6273-BQCFN,Female,0,Yes,No,59,Yes,Yes,DSL,No,No,No,No,No,No,Month-to-month,No,Bank transfer (automatic),61.62,3691.15,No
6456-IMXHV,Female,0,No,No,71,Yes,No,DSL,No,No,No,No,Yes,No,Month-to-month,No,Electronic check,76.54,5401.91,No
2100-KAXAP,Male,0,No,No,30,Yes,No,No,No internet service,No internet service,No internet service,No internet service,No internet service,No internet service,Month-to-month,Yes,Mailed check,42.42,1250.3,No
7921-MHVSZ,Male,0,Yes,No,56,Yes,No,DSL,No,No,No,Yes,No,No,Month-to-month,Yes,Credit card (automatic),68.87,3837.46,No
2992-SFSQU,Female,0,Yes,Yes,64,Yes,Yes,Fiber optic,No,No,Yes,No,No,No,Month-to-month,No,Bank transfer (automatic),90.36,5776.55,No
7861-LMTFN,Male,0,No,No,1,Yes,No,Fiber optic,Yes,No,Yes,No,Yes,No,Two year,Yes,Bank transfer (automatic),110.41,90.91,No
4112-XIWWC,Female,0,Yes,No,34,No,No phone service,Fiber optic,No,Yes,No,Yes,Yes,Yes,Month-to-month,No,Bank transfer (automatic),91.35,3118.14,No
1167-LKSWC,Female,1,No,Yes,51,Yes,Yes,Fiber optic,No,No,No,No,No,No,Two year,No,Bank transfer (automatic),80.14,4058.18,No
5089-IDJXR,Female,0,No,No,33,Yes,No,No,No internet service,No internet service,No internet service,No internet service,No internet service,No internet service,Month-to-month,No,Mailed check,39.81,1305.18,No
2039-CSWZK,Male,1,Yes,No,7,Yes,No,DSL,No,No,No,No,Yes,No,Month-to-month,Yes,Electronic check,73.89,507.32,No
4613-ANYBP,Male,0,No,No,47,Yes,No,Fiber optic,No,No,No,No,No,No,Two year,No,Credit card (automatic),85.67,4046.38,No
1818-ERVEV,Male,0,No,No,29,Yes,No,DSL,No,No,No,Yes,Yes,Yes,Month-to-month,Yes,Mailed check,92.48,2680.94,No
2113-WXPWP,Female,0,No,Yes,45,Yes,No,Fiber optic,No,Yes,No,No,No,No,One year,No,Credit card (automatic),94.89,4243.27,Yes
1304-WDQFA,Female,0,Yes,No,0,Yes,No,No,No internet service,No internet service,No internet service,No internet service,No internet service,No internet service,Two year,Yes,Bank transfer (automatic),39.24, ,No
8220-RNYIN,Female,0,Yes,No,0,Yes,Yes,DSL,Yes,Yes,Yes,Yes,Yes,No,Month-to-month,No,Bank transfer (automatic),91.09, ,No
7513-EYZVM,Female,0,Yes,No,44,Yes,Yes,No,No internet service,No internet service,No internet service,No internet service,No internet service,No internet service,Month-to-month,Yes,Bank transfer (automatic),36.38,1576.87,No
5850-IMXLR,Female,0,No,No,71,Yes,No,DSL,No,Yes,Yes,No,No,No,Month-to-month,Yes,Credit card (automatic),76.18,5430.95,Yes
3467-LSJJX,Female,1,No,Yes,46,No,No phone service,No,No internet service,No internet service,No internet service,No internet service,No internet service,No internet service,Month-to-month,Yes,Credit card (automatic),24.41,1114.24,No
9183-IDLQK,Male,0,No,No,68,Yes,No,Fiber optic,No,No,No,Yes,Yes,No,Two year,No,Mailed check,99.91,6803.69,No
1561-ZEWNS,Female,0,No,No,61,Yes,No,No,No internet service,No internet service,No internet service,No internet service,No internet service,No internet service,Two year,No,Electronic check,37.64,2286.51,No
8083-PZNTC,Male,0,Yes,No,20,Yes,No,Fiber optic,No,No,No,Yes,Yes,No,Month-to-month,Yes,Mailed check,96.46,1934.13,No
9071-XBZGT,Female,0,Yes,Yes,7,Yes,No,Fiber optic,No,Yes,Yes,No,No,No,One year,No,Electronic check,96.18,701.24,Yes
9654-HTKSV,Female,0,No,No,40,Yes,Yes,DSL,Yes,Yes,No,No,No,Yes,Two year,No,Electronic check,84.02,3364.57,No
3159-VQHVR,Male,0,No,Yes,45,Yes,Yes,Fiber optic,No,Yes,No,No,No,Yes,Month-to-month,No,Electronic check,99.94,4490.09,Yes
1463-YPTJK,Female,0,No,No,56,Yes,No,Fiber optic,No,No,No,Yes,Yes,No,Month-to-month,No,Electronic check,96.14,5357.49,Yes
4148-NUTOA,Male,0,Yes,No,38,Yes,Yes,DSL,No,No,No,No,Yes,No,Two year,No,Mailed check,70.86,2710.47,No
1608-WZDNX,Female,0,Yes,No,67,Yes,Yes,No,No internet service,No internet service,No internet service,No internet service,No internet service,No internet service,One year,No,Bank transfer (automatic),40.61,2730.49,No
1233-ZEBNZ,Male,0,No,Yes,61,No,No phone service,DSL,No,Yes,Yes,No,No,Yes,Month-to-month,Yes,Electronic check,63.81,3898.9,No
7987-FQMLC,Male,1,Yes,Yes,42,Yes,No,Fiber optic,Yes,No,No,No,No,No,Month-to-month,Yes,Bank transfer (automatic),85.8,3602.0,No
3838-GZGWE,Female,0,Yes,No,40,Yes,Yes,Fiber optic,No,Yes,No,Yes,No,No,Month-to-month,Yes,Credit card (automatic),97.9,3938.47,Yes
1424-VMZEH,Male,0,No,No,1,Yes,No,DSL,No,No,Yes,No,Yes,Yes,One year,Yes,Mailed check,94.01,85.25,Yes
9854-TFDLY,Female,0,No,Yes,57,Yes,No,Fiber optic,Yes,No,No,No,No,Yes,One year,Yes,Electronic check,98.47,5623.81,No
1934-SDSVG,Female,0,No,No,49,Yes,No,No,No internet service,No internet service,No internet service,No internet service,No internet service,No internet service,Month-to-month,No,Bank transfer (automatic),40.09,2000.76,No
7168-NBKTW,Male,0,No,Yes,65,Yes,No,DSL,No,Yes,No,Yes,No,No,Two year,No,Bank transfer (automatic),68.75,4470.36,No
8441-RSHRC,Male,0,No,No,6,Yes,No,DSL,No,No,No,Yes,Yes,No,Month-to-month,No,Electronic check,80.24,474.7,No
2882-UGBEM,Male,0,Yes,No,10,Yes,No,DSL,Yes,No,No,No,Yes,Yes,One year,Yes,Mailed check,85.86,847.5,No
5709-QOPED,Male,0,No,Yes,48,Yes,No,Fiber optic,Yes,Yes,No,Yes,Yes,No,One year,Yes,Credit card (automatic),113.24,5424.16,No
3959-QNGUO,Male,0,No,No,35,Yes,Yes,Fiber optic,No,Yes,No,No,No,Yes,Month-to-month,No,Mailed check,102.07,3573.18,No
8242-GUKDT,Female,1,Yes,No,42,Yes,Yes,No,No internet service,No internet service,No internet service,No internet service,No internet service,No internet service,Month-to-month,Yes,Credit card (automatic),37.14,1592.97,Yes
8864-GAWOL,Male,0,No,No,31,Yes,No,Fiber optic,No,Yes,No,Yes,No,No,Month-to-month,Yes,Mailed check,95.49,2968.85,No
3458-ZHPFE,Female,0,No,No,46,Yes,No,DSL,No,Yes,Yes,Yes,Yes,No,One year,No,Electronic check,94.05,4330.38,No
5209-TBPFD,Male,1,Yes,No,48,Yes,Yes,DSL,No,Yes,No,Yes,No,Yes,One year,No,Credit card (automatic),77.91,3742.58,No
9720-BEVCM,Female,0,No,Yes,13,Yes,Yes,DSL,No,No,No,No,No,No,Month-to-month,Yes,Credit card (automatic),66.45,832.83,Yes
3716-SWNDV,Female,0,No,No,55,Yes,Yes,Fiber optic,Yes,Yes,Yes,Yes,No,No,Two year,Yes,Electronic check,109.6,6026.06,No
8472-EBCKK,Male,1,Yes,No,36,Yes,Yes,No,No internet service,No internet service,No internet service,No internet service,No internet service,No internet service,Two year,Yes,Electronic check,39.37,1398.79,No
9491-NZQZG,Female,0,Yes,Yes,42,Yes,Yes,DSL,Yes,No,No,Yes,No,No,Month-to-month,No,Mailed check,69.96,2968.42,No
7672-TWTHM,Male,0,No,No,45,No,No phone service,No,No internet service,No internet service,No internet service,No internet service,No internet service,No internet service,Month-to-month,Yes,Credit card (automatic),23.55,1042.3,No
3856-MNSEZ,Male,0,Yes,No,54,Yes,No,Fiber optic,No,No,Yes,Yes,Yes,Yes,Month-to-month,Yes,Credit card (automatic),120.0,6453.3,No
4017-JOHLM,Female,0,Yes,Yes,21,Yes,No,No,No internet service,No internet service,No internet service,No internet service,No internet service,No internet service,Month-to-month,No,Bank transfer (automatic),40.66,819.42,No
1408-GABZY,Female,0,No,No,0,Yes,No,No,No internet service,No internet service,No internet service,No internet service,No internet service,No internet service,Two year,No,Bank transfer (automatic),35.3, ,No
5449-JPNWC,Male,0,No,Yes,13,Yes,No,No,No internet service,No internet service,No internet service,No internet service,No internet service,No internet service,One year,Yes,Electronic check,44.31,517.94,No
9687-TYMSE,Male,0,No,No,70,Yes,Yes,Fiber optic,No,No,No,Yes,No,No,Month-to-month,No,Mailed check,90.93,6368.83,No
7939-GAQHW,Male,0,No,No,16,Yes,No,Fiber optic,Yes,No,No,Yes,No,No,Month-to-month,Yes,Bank transfer (automatic),98.61,1582.46,Yes
2862-CHEXW,Male,1,No,No,18,Yes,No,DSL,No,No,No,No,No,No,Month-to-month,Yes,Electronic check,61.24,1080.53,Yes
6436-TFYTE,Male,0,Yes,No,62,Yes,No,DSL,No,No,Yes,No,No,Yes,Month-to-month,No,Electronic check,75.41,4692.67,No
5559-RCGBH,Male,0,Yes,Yes,17,Yes,Yes,Fiber optic,No,Yes,No,Yes,No,No,Month-to-month,No,Bank transfer (automatic),95.49,1619.98,No
1984-ODJGO,Female,0,No,No,33,Yes,No,No,No internet service,No internet service,No internet service,No internet service,No internet service,No internet service,Two year,No,Credit card (automatic),35.65,1173.38,No
4682-JMTTG,Male,0,Yes,No,27,Yes,No,Fiber optic,No,No,No,No,Yes,Yes,One year,Yes,Credit card (automatic),98.76,2683.87,Yes
8661-BOUTX,Female,0,No,Yes,48,Yes,Yes,Fiber optic,No,Yes,No,No,No,Yes,Two year,No,Mailed check,102.01,4919.1,No
4267-VXLNL,Female,1,No,No,43,Yes,No,DSL,Yes,Yes,Yes,No,No,No,Month-to-month,Yes,Mailed check,87.57,3745.15,No
4035-IFMYA,Female,0,Yes,No,37,Yes,Yes,Fiber optic,No,Yes,No,No,Yes,No,Month-to-month,Yes,Bank transfer (automatic),105.46,3873.25,No
2310-RTSGV,Male,0,No,No,36,Yes,No,DSL,No,No,No,Yes,Yes,Yes,Two year,Yes,Electronic check,88.54,3179.84,Yes
1014-QZEZW,Female,0,No,No,60,No,No phone service,DSL,No,Yes,No,No,Yes,Yes,Month-to-month,Yes,Mailed check,74.96,4528.6,Yes
3583-JGQUF,Female,0,No,No,42,Yes,No,DSL,Yes,No,No,Yes,No,Yes,Month-to-month,Yes,Bank transfer (automatic),78.68,3289.09,No
7129-KFQLR,Male,0,Yes,No,37,Yes,Yes,No,No internet service,No internet service,No internet service,No internet service,No internet service,No internet service,Two year,Yes,Electronic check,40.45,1516.01,No
6814-HIPCA,Female,0,No,No,64,Yes,No,Fiber optic,No,No,Yes,No,No,No,Two year,Yes,Credit card (automatic),98.13,6260.84,No
1758-PSXUN,Male,0,Yes,No,6,Yes,No,No,No internet service,No internet service,No internet service,No internet service,No internet service,No internet service,Two year,Yes,Mailed check,37.96,224.69,No
7328-LWMWC,Female,0,No,No,60,Yes,No,Fiber optic,Yes,No,Yes,No,Yes,No,Month-to-month,No,Credit card (automatic),105.78,6335.3,No
4597-KJVKY,Male,1,No,No,14,Yes,No,Fiber optic,Yes,No,No,No,No,No,One year,Yes,Mailed check,90.1,1269.64,No
4523-EYSNN,Female,0,Yes,No,24,Yes,Yes,No,No internet service,No internet service,No internet service,No internet service,No internet service,No internet service,Month-to-month,Yes,Electronic check,37.44,901.52,No
4608-YWLSF,Male,0,Yes,Yes,0,Yes,No,No,No internet service,No internet service,No internet service,No internet service,No internet service,No internet service,Month-to-month,No,Mailed check,38.96, ,No
4630-BITJS,Male,0,No,Yes,41,Yes,No,DSL,No,No,No,No,No,Yes,Month-to-month,No,Credit card (automatic),65.69,2683.63,No
9850-YJBXZ,Male,0,No,No,60,Yes,Yes,DSL,Yes,Yes,No,No,No,Yes,Two year,Yes,Mailed check,77.32,4617.87,No
9423-EBOQO,Male,1,Yes,Yes,27,Yes,Yes,DSL,Yes,No,No,No,No,No,Month-to-month,Yes,Mailed check,67.49,1826.83,No
1438-BJQGI,Male,0,No,No,48,Yes,No,Fiber optic,No,Yes,No,No,No,Yes,One year,Yes,Bank transfer (automatic),95.36,4556.94,No
6370-VNNGB,Male,0,No,No,28,Yes,No,DSL,Yes,Yes,No,No,Yes,Yes,Two year,No,Credit card (automatic),93.86,2629.99,No
7238-OEYMV,Male,0,Yes,No,55,Yes,No,Fiber optic,No,No,No,No,Yes,Yes,Two year,No,Credit card (automatic),97.7,5381.44,No
3618-TFXTS,Female,1,No,No,72,No,No phone service,Fiber optic,Yes,Yes,No,Yes,No,No,Month-to-month,No,Bank transfer (automatic),72.59,5239.67,No
4344-EQJRC,Female,0,Yes,No,52,Yes,No,No,No internet service,No internet service,No internet service,No internet service,No internet service,No internet service,One year,Yes,Electronic check,41.95,2194.86,No
3310-MOGMS,Female,0,Yes,No,24,Yes,No,No,No internet service,No internet service,No internet service,No internet service,No internet service,No internet service,Month-to-month,Yes,Electronic check,41.3,997.92,Yes
1148-CNBBY,Female,0,No,No,60,Yes,Yes,Fiber optic,No,No,No,No,Yes,No,Month-to-month,No,Mailed check,95.51,5708.96,No
2775-WKJQA,Male,0,Yes,No,2,Yes,Yes,Fiber optic,No,No,Yes,Yes,Yes,Yes,Month-to-month,Yes,Electronic check,113.66,209.98,No
3707-HAGIT,Male,1,No,Yes,72,No,No phone service,DSL,No,No,No,No,Yes,Yes,One year,Yes,Credit card (automatic),61.93,4441.53,No
4666-MFOXX,Male,0,No,Yes,61,No,No phone service,DSL,No,Yes,Yes,No,No,No,Two year,Yes,Credit card (automatic),54.02,3293.92,No
9451-KWALY,Male,0,No,No,47,Yes,Yes,Fiber optic,No,Yes,No,No,No,No,Two year,No,Mailed check,88.53,4182.73,No
6228-NZCUV,Male,0,Yes,Yes,45,Yes,Yes,No,No internet service,No internet service,No internet service,No internet service,No internet service,No internet service,Month-to-month,Yes,Electronic check,44.62,1993.95,No
6846-EZSQI,Female,1,Yes,No,18,Yes,Yes,DSL,No,Yes,No,Yes,No,No,Month-to-month,Yes,Electronic check,70.87,1269.48,Yes
1324-YVOJH,Female,0,No,No,31,Yes,No,Fiber optic,Yes,No,No,Yes,No,Yes,Month-to-month,Yes,Mailed check,110.55,3451.06,Yes
4098-JLMAX,Female,0,No,No,7,Yes,Yes,No,No internet service,No internet service,No internet service,No internet service,No internet service,No internet service,Two year,Yes,Mailed check,40.07,253.08,No
4179-LYPIE,Male,1,No,No,24,Yes,No,DSL,No,No,Yes,No,No,No,Two year,No,Bank transfer (automatic),68.55,1675.62,No
4153-EQDBE,Female,0,Yes,Yes,43,Yes,No,No,No internet service,No internet service,No internet service,No internet service,No internet service,No internet service,Two year,Yes,Credit card (automatic),39.54,1712.66,No
5592-IWIET,Male,1,Yes,No,26,Yes,Yes,No,No internet service,No internet service,No internet service,No internet service,No internet service,No internet service,Month-to-month,No,Electronic check,38.64,990.63,No
7201-QMGSG,Male,0,Yes,No,56,No,No phone service,DSL,No,No,No,No,No,No,Month-to-month,Yes,Credit card (automatic),43.24,2414.62,No
5362-HMKBN,Male,0,No,Yes,62,Yes,Yes,Fiber optic,Yes,Yes,Yes,No,No,No,One year,No,Credit card (automatic),102.43,6384.61,Yes
6153-RROQI,Female,0,Yes,Yes,40,Yes,Yes,DSL,Yes,No,No,No,Yes,No,Month-to-month,Yes,Credit card (automatic),80.47,3208.8,No
3224-NEWXO,Male,0,No,No,24,Yes,No,Fiber optic,No,Yes,Yes,Yes,No,No,Month-to-month,Yes,Mailed check,100.08,2416.25,No
7677-CJNCY,Male,0,Yes,Yes,22,Yes,No,No,No internet service,No internet service,No internet service,No internet service,No internet service,No internet service,Month-to-month,Yes,Mailed check,46.72,1068.64,No
9730-OZDSV,Male,0,Yes,No,39,No,No phone service,DSL,Yes,No,No,Yes,No,Yes,Month-to-month,Yes,Mailed check,63.35,2469.81,No
2719-HIJHZ,Male,1,No,No,52,Yes,No,No,No internet service,No internet service,No internet service,No internet service,No internet service,No internet service,Month-to-month,No,Bank transfer (automatic),33.25,1728.81,No
2084-FMJVY,Male,0,No,Yes,9,Yes,No,No,No internet service,No internet service,No internet service,No internet service,No internet service,No internet service,Two year,No,Electronic check,41.96,421.84,No
3983-XQAAU,Male,0,No,Yes,32,Yes,No,Fiber optic,No,No,No,No,No,Yes,One year,Yes,Mailed check,99.91,3175.35,Yes
1467-CSPMS,Male,0,Yes,Yes,32,Yes,No,Fiber optic,No,No,Yes,No,Yes,No,Two year,Yes,Credit card (automatic),102.26,3271.95,No
1881-MHZAN,Male,0,No,No,20,Yes,No,DSL,No,No,No,No,No,No,Month-to-month,Yes,Electronic check,59.38,1196.12,Yes
1360-DIAQR,Male,0,Yes,No,17,Yes,No,Fiber optic,No,Yes,No,Yes,No,Yes,One year,Yes,Electronic check,97.68,1629.7,Yes
8210-KPRVQ,Male,0,No,Yes,61,Yes,No,DSL,Yes,No,No,No,Yes,No,Month-to-month,Yes,Electronic check,75.6,4588.36,No
2051-KCJMM,Female,0,No,No,31,Yes,Yes,DSL,No,No,No,Yes,No,No,Month-to-month,Yes,Bank transfer (automatic),69.91,2155.79,Yes
2168-LAFTA,Male,0,Yes,No,42,Yes,No,DSL,No,Yes,No,No,Yes,No,Month-to-month,No,Mailed check,74.27,3127.5,No
5053-VBVVT,Female,0,No,No,2,Yes,No,Fiber optic,No,Yes,Yes,No,Yes,Yes,Month-to-month,No,Electronic check,110.45,211.21,Yes
3027-KSNHB,Female,0,Yes,Yes,20,Yes,No,DSL,No,No,No,No,Yes,No,Two year,Yes,Mailed check,69.37,1385.66,No
7713-YXIRR,Male,1,Yes,Yes,16,Yes,No,DSL,No,No,No,No,Yes,No,Two year,Yes,Electronic check,71.02,1151.95,No
6134-LRBPR,Male,0,Yes,No,23,Yes,Yes,Fiber optic,No,No,No,No,Yes,No,Month-to-month,No,Bank transfer (automatic),92.92,2149.19,Yes
5354-GJQYV,Male,0,Yes,No,61,Yes,No,DSL,Yes,Yes,No,No,No,No,One year,Yes,Credit card (automatic),80.09,4844.49,No
6761-JOWMJ,Male,0,No,No,41,No,No phone service,DSL,No,No,No,Yes,Yes,No,Month-to-month,Yes,Electronic check,55.17,2265.61,No
9623-JLXIS,Male,0,No,Yes,65,Yes,No,DSL,No,No,No,Yes,Yes,Yes,Month-to-month,Yes,Bank transfer (automatic),88.78,5781.67,No
5378-PPDKB,Male,0,No,Yes,30,Yes,No,DSL,No,No,No,No,No,No,One year,Yes,Mailed check,65.04,1949.57,No
5089-SOKHB,Male,1,No,No,56,No,No phone service,DSL,No,Yes,No,No,No,No,Two year,Yes,Mailed check,51.12,2873.23,No
3901-BYAHN,Male,1,No,Yes,11,Yes,Yes,DSL,Yes,Yes,No,No,No,Yes,Two year,Yes,Mailed check,81.31,909.8,No
4233-UQTWG,Female,0,Yes,No,59,Yes,Yes,Fiber optic,Yes,No,No,No,No,Yes,Month-to-month,Yes,Bank transfer (automatic),98.73,5831.56,No
9397-REYXU,Male,0,Yes,No,44,Yes,Yes,DSL,No,No,No,No,No,No,Month-to-month,No,Bank transfer (automatic),64.82,2850.16,No
5538-LNSFE,Female,0,Yes,Yes,2,Yes,Yes,DSL,No,No,Yes,No,No,Yes,Month-to-month,Yes,Bank transfer (automatic),77.91,160.85,No
5474-UWFJJ,Male,0,No,No,50,Yes,No,Fiber optic,Yes,Yes,No,No,No,No,Month-to-month,No,Electronic check,87.06,4306.46,No
7457-PIOGO,Female,0,No,Yes,34,Yes,Yes,Fiber optic,No,No,Yes,No,No,Yes,Month-to-month,Yes,Mailed check,98.82,3388.1,Yes
9640-UPFDW,Male,0,No,No,0,Yes,No,Fiber optic,Yes,No,No,No,No,Yes,Month-to-month,Yes,Credit card (automatic),95.39, ,No
5789-ALDNZ,Female,0,Yes,Yes,61,Yes,No,No,No internet service,No internet service,No internet service,No internet service,No internet service,No internet service,Month-to-month,Yes,Electronic check,40.43,2491.27,No
2628-TPDHL,Female,0,Yes,No,39,Yes,No,No,No internet service,No internet service,No internet service,No internet service,No internet service,No internet service,Month-to-month,No,Credit card (automatic),39.28,1534.48,Yes
8446-ANNNZ,Male,0,No,No,44,Yes,No,Fiber optic,No,No,No,Yes,Yes,Yes,One year,Yes,Electronic check,113.45,5003.23,No
7173-QIPXV,Female,0,Yes,Yes,42,Yes,No,Fiber optic,No,No,Yes,No,Yes,No,Month-to-month,Yes,Mailed check,89.28,3752.56,No
3318-OLQOH,Male,0,No,No,6,Yes,No,DSL,No,No,No,Yes,No,Yes,Month-to-month,No,Bank transfer (automatic),72.68,442.53,No
9006-OYTPN,Male,0,Yes,No,24,Yes,Yes,Fiber optic,No,Yes,No,Yes,Yes,No,Two year,Yes,Electronic check,111.28,2698.08,Yes
1788-KPFRG,Female,0,Yes,No,51,Yes,No,Fiber optic,Yes,Yes,Yes,No,Yes,No,Two year,Yes,Mailed check,106.77,5409.86,Yes
6894-XFDZQ,Female,0,No,Yes,24,Yes,No,No,No internet service,No internet service,No internet service,No internet service,No internet service,No internet service,Month-to-month,Yes,Electronic check,34.17,828.86,Yes
9361-TDFRE,Male,0,No,Yes,64,Yes,Yes,No,No internet service,No internet service,No internet service,No internet service,No internet service,No internet service,Month-to-month,Yes,Electronic check,40.38,2567.65,No
9337-FFOLE,Female,0,No,No,23,Yes,No,DSL,No,No,Yes,Yes,No,Yes,Month-to-month,Yes,Mailed check,81.52,1851.92,Yes
8770-HNJUB,Female,0,No,No,33,Yes,No,No,No internet service,No internet service,No internet service,No internet service,No internet service,No internet service,Two year,Yes,Electronic check,39.79,1310.53,No
6179-AGANW,Female,0,Yes,No,32,Yes,Yes,Fiber optic,No,No,No,No,No,No,Month-to-month,Yes,Bank transfer (automatic),84.43,2676.7,Yes
4543-XFOEB,Male,0,No,No,1,Yes,No,Fiber optic,No,No,No,No,Yes,No,Month-to-month,No,Bank transfer (automatic),89.29,64.2,Yes
2270-NTWMW,Female,0,No,No,59,Yes,Yes,No,No internet service,No internet service,No internet service,No internet service,No internet service,No internet service,One year,Yes,Bank transfer (automatic),41.42,2410.55,No
5118-PXDZI,Male,0,No,Yes,9,Yes,No,DSL,No,No,Yes,Yes,No,Yes,One year,Yes,Electronic check,80.35,713.51,No
1710-ZDVKS,Female,0,No,No,34,Yes,Yes,Fiber optic,Yes,Yes,No,Yes,Yes,No,Month-to-month,No,Electronic check,108.62,3703.72,Yes
7865-IMEFL,Female,0,Yes,No,66,Yes,Yes,No,No internet service,No internet service,No internet service,No internet service,No internet service,No internet service,Month-to-month,Yes,Credit card (automatic),44.43,2948.89,No
1204-GXIZV,Female,0,Yes,No,72,Yes,Yes,DSL,No,No,No,No,No,No,Month-to-month,No,Credit card (automatic),65.38,4746.92,Yes
6089-EUGRG,Female,0,No,No,16,Yes,No,Fiber optic,Yes,Yes,No,No,Yes,Yes,Month-to-month,Yes,Credit card (automatic),119.43,1902.78,Yes
5546-XOCGL,Female,0,No,No,27,Yes,Yes,No,No internet service,No internet service,No internet service,No internet service,No internet service,No internet service,Month-to-month,Yes,Bank transfer (automatic),36.14,991.73,Yes
1805-YCWUR,Male,0,Yes,No,41,Yes,Yes,No,No internet service,No internet service,No internet service,No internet service,No internet service,No internet service,Two year,No,Mailed check,41.18,1691.98,No
4349-SHSLD,Male,0,Yes,No,51,Yes,Yes,DSL,No,No,No,No,No,No,One year,Yes,Mailed check,66.78,3408.8,No
7646-BLAEM,Female,0,No,Yes,18,Yes,Yes,Fiber optic,Yes,No,Yes,Yes,Yes,No,One year,Yes,Bank transfer (automatic),111.75,2018.98,No
4319-SQMUA,Male,0,No,No,40,Yes,No,DSL,Yes,No,No,No,No,No,One year,No,Electronic check,73.92,2972.82,No
3375-SZKMU,Female,0,No,No,60,Yes,Yes,No,No internet service,No internet service,No internet service,No internet service,No internet service,No internet service,Month-to-month,No,Electronic check,44.17,2659.76,No
5846-YHLWM,Male,0,Yes,No,55,Yes,No,Fiber optic,No,No,No,No,Yes,No,Month-to-month,Yes,Electronic check,92.93,5103.23,No
4342-KAKJQ,Female,0,No,No,60,Yes,No,Fiber optic,No,No,No,No,No,No,One year,No,Bank transfer (automatic),90.46,5439.29,No
9071-TZKLG,Male,0,No,Yes,64,Yes,Yes,No,No internet service,No internet service,No internet service,No internet service,No internet service,No internet service,Month-to-month,No,Electronic check,38.18,2430.94,No
5871-CGTCK,Male,0,No,No,62,Yes,No,Fiber optic,No,No,Yes,Yes,Yes,No,Month-to-month,Yes,Electronic check,108.89,6762.92,No
1196-SIJDR,Male,0,Yes,No,37,Yes,No,Fiber optic,No,No,No,No,No,No,Month-to-month,Yes,Electronic check,86.58,3205.79,Yes
2519-LIYUM,Male,0,No,Yes,71,Yes,No,Fiber optic,No,No,No,No,No,Yes,One year,Yes,Credit card (automatic),90.27,6371.8,No
8532-RHOCV,Male,0,No,No,36,Yes,No,Fiber optic,No,Yes,Yes,Yes,No,No,One year,No,Bank transfer (automatic),99.63,3583.91,Yes
3229-SKKBE,Male,0,No,No,51,Yes,Yes,Fiber optic,Yes,No,Yes,No,No,No,Month-to-month,No,Mailed check,92.25,4723.39,No
8388-LAXWT,Female,0,No,Yes,68,Yes,No,No,No internet service,No internet service,No internet service,No internet service,No internet service,No internet service,Month-to-month,Yes,Electronic check,45.91,3119.35,No
5678-KNJEB,Female,0,No,No,3,Yes,No,DSL,Yes,Yes,No,Yes,No,No,Two year,Yes,Bank transfer (automatic),79.67,243.59,No
5027-HMQNX,Female,0,Yes,Yes,68,Yes,No,Fiber optic,No,No,No,No,No,No,Month-to-month,No,Bank transfer (automatic),83.84,5691.55,No
3985-RXAOI,Female,0,No,No,59,Yes,No,Fiber optic,Yes,Yes,No,No,No,Yes,Month-to-month,Yes,Electronic check,106.51,6278.61,No
6411-UOVAC,Female,0,No,No,72,Yes,No,DSL,No,No,Yes,Yes,No,No,Two year,No,Electronic check,74.53,5385.13,No
8715-GRIDX,Female,0,Yes,No,56,Yes,No,Fiber optic,No,No,No,No,No,Yes,One year,Yes,Bank transfer (automatic),96.06,5370.74,No
4700-OXESP,Male,0,Yes,Yes,11,Yes,Yes,Fiber optic,No,No,No,No,Yes,No,Month-to-month,Yes,Credit card (automatic),92.45,993.93,No
8749-SMJSY,Female,1,No,No,22,Yes,No,DSL,Yes,No,No,No,Yes,No,Month-to-month,Yes,Electronic check,83.99,1804.18,Yes
7149-VJQVJ,Male,0,Yes,No,0,Yes,No,Fiber optic,No,Yes,Yes,Yes,Yes,No,Two year,No,Mailed check,106.77, ,Yes
2626-AMBXU,Male,0,No,No,44,No,No phone service,DSL,No,No,Yes,No,No,No,Month-to-month,Yes,Bank transfer (automatic),45.0,1958.03,No
7193-XKDRC,Female,0,Yes,No,31,Yes,No,Fiber optic,No,Yes,No,No,No,No,Two year,Yes,Bank transfer (automatic),88.67,2719.05,No
2097-RHOEJ,Male,0,Yes,Yes,34,Yes,No,DSL,No,No,No,Yes,Yes,No,Two year,Yes,Mailed check,79.45,2679.83,No
5439-IZGOF,Female,0,Yes,No,53,Yes,No,DSL,No,No,No,No,Yes,Yes,Two year,No,Credit card (automatic),80.57,4250.4,No
5777-FEIWN,Female,1,No,Yes,59,Yes,No,DSL,Yes,Yes,No,Yes,Yes,No,Month-to-month,No,Mailed check,93.38,5488.26,No
5070-ZSALT,Female,0,No,No,5,No,No phone service,Fiber optic,Yes,Yes,No,No,Yes,No,Month-to-month,Yes,Bank transfer (automatic),87.81,466.71,Yes
3209-CJOKE,Female,0,Yes,No,66,Yes,No,Fiber optic,No,No,No,No,No,Yes,Month-to-month,Yes,Mailed check,100.85,6623.1,Yes
8928-AFDGF,Female,0,Yes,No,27,Yes,Yes,Fiber optic,Yes,No,No,No,Yes,Yes,Month-to-month,Yes,Electronic check,112.09,3037.98,Yes
6492-HPEYH,Male,0,Yes,No,54,Yes,No,DSL,Yes,No,No,No,No,No,Month-to-month,No,Mailed check,72.39,3919.77,No
5307-HHXKT,Female,0,No,No,42,Yes,Yes,Fiber optic,Yes,Yes,Yes,No,Yes,No,Month-to-month,Yes,Electronic check,110.24,4642.38,No
8099-EDQFK,Male,0,No,No,32,No,No phone service,Fiber optic,No,No,No,Yes,No,Yes,Month-to-month,No,Electronic check,79.76,2551.37,Yes
9322-MJISR,Male,0,No,No,15,No,No phone service,No,No internet service,No internet service,No internet service,No internet service,No internet service,No internet service,One year,No,Electronic check,19.75,321.56,Yes
7481-ADJST,Male,0,Yes,Yes,13,Yes,Yes,DSL,No,No,Yes,No,Yes,No,Month-to-month,No,Credit card (automatic),75.41,980.34,No
4862-ZODWI,Male,0,No,No,53,Yes,Yes,Fiber optic,No,No,No,No,No,Yes,Month-to-month,No,Credit card (automatic),94.64,5011.7,No
3608-KWOKM,Female,0,Yes,No,23,Yes,No,Fiber optic,Yes,No,No,No,No,No,Month-to-month,Yes,Electronic check,92.48,2150.36,No
9826-VDQWV,Male,1,Yes,No,16,Yes,No,Fiber optic,No,Yes,Yes,No,Yes,No,One year,Yes,Bank transfer (automatic),106.68,1703.41,No
3689-SOYPT,Female,0,Yes,Yes,0,Yes,No,Fiber optic,No,No,Yes,No,No,Yes,Month-to-month,Yes,Bank transfer (automatic),97.84, ,Yes
2926-CRRXA,Female,0,Yes,No,61,Yes,No,DSL,No,Yes,No,No,No,No,One year,Yes,Mailed check,69.25,4234.27,No
5273-EEYUY,Female,0,Yes,No,28,Yes,Yes,DSL,No,No,No,No,Yes,No,Month-to-month,Yes,Electronic check,71.5,2023.7,No
6695-CVKBZ,Female,1,No,Yes,25,Yes,Yes,No,No internet service,No internet service,No internet service,No internet service,No internet service,No internet service,One year,No,Credit card (automatic),44.22,1111.36,No
9912-BGXDZ,Male,0,Yes,No,27,Yes,No,Fiber optic,No,Yes,No,No,No,No,Two year,Yes,Mailed check,79.67,2143.85,No
3561-WIVGO,Male,0,No,No,43,Yes,No,Fiber optic,Yes,Yes,Yes,No,No,No,Month-to-month,Yes,Bank transfer (automatic),102.56,4415.31,No
8110-XFCPC,Female,0,No,Yes,35,Yes,No,Fiber optic,No,Yes,No,No,No,No,One year,Yes,Credit card (automatic),91.51,3216.51,No
3220-RFADQ,Female,1,No,Yes,39,Yes,Yes,DSL,No,Yes,No,No,Yes,Yes,Two year,Yes,Credit card (automatic),79.21,3068.54,No
1536-QGPYE,Female,0,No,No,20,Yes,No,Fiber optic,No,No,No,No,No,No,Month-to-month,Yes,Electronic check,83.11,1621.38,Yes
3882-XKTPH,Male,0,No,Yes,21,Yes,No,Fiber optic,No,No,No,No,No,No,Month-to-month,No,Mailed check,88.37,1853.03,No
9647-PQKST,Male,0,Yes,No,62,Yes,No,DSL,No,No,No,Yes,No,No,Two year,No,Mailed check,65.91,4107.17,No
5858-MLHPV,Male,0,Yes,No,32,Yes,No,No,No internet service,No internet service,No internet service,No internet service,No internet service,No internet service,Two year,Yes,Bank transfer (automatic),36.03,1130.23,No
9654-KWZNK,Male,1,No,No,71,Yes,Yes,DSL,Yes,No,No,No,Yes,No,One year,No,Credit card (automatic),83.23,5883.72,No
5673-OMKZN,Male,0,No,No,61,Yes,No,Fiber optic,No,No,No,No,Yes,No,Month-to-month,Yes,Mailed check,91.26,5570.91,No
1221-ZDCLV,Female,0,No,Yes,51,Yes,No,DSL,No,No,No,No,Yes,No,Month-to-month,No,Bank transfer (automatic),67.97,3461.82,No
8365-XORGM,Male,0,No,No,40,No,No phone service,No,No internet service,No internet service,No internet service,No internet service,No internet service,No internet service,Two year,Yes,Mailed check,22.83,899.35,No
9948-OERSY,Female,0,No,Yes,61,Yes,No,No,No internet service,No internet service,No internet service,No internet service,No internet service,No internet service,One year,No,Mailed check,38.87,2394.34,No
8817-IWXXH,Female,0,No,Yes,4,Yes,Yes,DSL,Yes,No,No,Yes,No,No,Month-to-month,Yes,Electronic check,78.34,299.93,No
4738-LXLHE,Female,0,No,No,36,Yes,Yes,Fiber optic,No,No,No,No,Yes,No,Month-to-month,Yes,Electronic check,97.63,3521.86,Yes
6188-EBWEZ,Male,0,No,No,52,Yes,No,No,No internet service,No internet service,No internet service,No internet service,No internet service,No internet service,Two year,Yes,Bank transfer (automatic),45.92,2404.63,No
5286-YNFMH,Male,0,No,Yes,7,Yes,No,Fiber optic,No,No,Yes,No,No,No,One year,Yes,Electronic check,88.77,617.24,No
3659-DOSQA,Female,1,No,No,13,Yes,No,DSL,No,No,No,No,No,No,Two year,No,Electronic check,67.78,897.98,No
2075-ROGOS,Male,0,No,Yes,4,Yes,No,Fiber optic,No,Yes,No,No,No,Yes,Month-to-month,Yes,Bank transfer (automatic),98.78,408.48,Yes
3254-ECYFC,Female,0,No,Yes,35,Yes,Yes,Fiber optic,No,Yes,No,No,Yes,No,Month-to-month,No,Electronic check,107.47,3765.12,Yes
4383-ADDRG,Female,0,Yes,No,39,Yes,Yes,DSL,No,Yes,No,Yes,No,Yes,Month-to-month,No,Mailed check,79.71,3101.2,No
2663-ROLAL,Male,1,Yes,No,34,Yes,Yes,No,No internet service,No internet service,No internet service,No internet service,No internet service,No internet service,Month-to-month,Yes,Mailed check,39.18,1360.75,No
2595-PCRLS,Female,0,No,No,4,Yes,No,No,No internet service,No internet service,No internet service,No internet service,No internet service,No internet service,Month-to-month,No,Electronic check,39.46,175.99,No
5056-KYDPC,Male,0,Yes,No,35,Yes,No,DSL,Yes,No,No,No,No,Yes,Month-to-month,Yes,Electronic check,79.89,2810.92,Yes
2099-GDEUK,Male,0,Yes,No,64,Yes,No,Fiber optic,No,No,No,No,Yes,No,Month-to-month,Yes,Bank transfer (automatic),90.57,5797.63,No
7640-ZFHGY,Female,1,No,Yes,2,No,No phone service,DSL,Yes,Yes,Yes,Yes,Yes,No,Month-to-month,No,Mailed check,71.8,132.81,No
1007-QFBNT,Female,1,No,No,56,No,No phone service,No,No internet service,No internet service,No internet service,No internet service,No internet service,No internet service,Two year,Yes,Bank transfer (automatic),20.43,1105.38,No
9083-SASCD,Male,0,No,Yes,19,Yes,No,No,No internet service,No internet service,No internet service,No internet service,No internet service,No internet service,Month-to-month,Yes,Bank transfer (automatic),41.54,799.74,No
1904-AYVVT,Female,0,No,No,5,Yes,No,No,No internet service,No internet service,No internet service,No internet service,No internet service,No internet service,Month-to-month,Yes,Mailed check,42.84,207.54,No
5500-PQTBP,Female,0,Yes,No,3,Yes,Yes,DSL,No,No,No,No,No,Yes,One year,No,Mailed check,74.19,227.0,No
3652-PFZAD,Female,0,Yes,No,0,Yes,No,DSL,No,No,No,No,No,No,Month-to-month,Yes,Electronic check,66.88, ,Yes
8981-HNCRG,Male,0,No,No,30,Yes,Yes,Fiber optic,Yes,No,No,No,No,No,Month-to-month,No,Electronic check,93.7,2836.01,No
7742-VKSKO,Male,0,Yes,No,36,Yes,No,DSL,No,Yes,No,No,No,No,Two year,No,Electronic check,67.94,2454.79,No
1289-FMMHO,Female,0,No,Yes,45,Yes,Yes,DSL,No,Yes,Yes,No,No,Yes,One year,No,Bank transfer (automatic),81.11,3647.93,No
3223-DXBFE,Female,1,No,No,5,Yes,Yes,DSL,Yes,No,No,No,No,No,Month-to-month,No,Bank transfer (automatic),72.06,375.92,No
9399-UVOVQ,Female,0,No,No,47,No,No phone service,Fiber optic,No,Yes,No,No,No,Yes,Two year,Yes,Electronic check,84.31,3980.68,Yes
7933-CGIRG,Male,0,No,No,54,No,No phone service,Fiber optic,Yes,No,No,No,Yes,Yes,Two year,Yes,Mailed check,90.63,4886.27,No
1834-UJDXG,Male,0,No,Yes,4,Yes,No,No,No internet service,No internet service,No internet service,No internet service,No internet service,No internet service,Two year,No,Credit card (automatic),41.9,162.37,No
7081-SVROW,Female,0,No,No,49,Yes,Yes,DSL,No,No,Yes,No,Yes,Yes,Month-to-month,Yes,Electronic check,84.05,4123.14,No
1296-WXVST,Male,0,Yes,No,8,Yes,No,Fiber optic,No,No,Yes,No,No,Yes,One year,No,Bank transfer (automatic),92.76,726.95,Yes
8550-DROTC,Male,1,No,No,32,Yes,Yes,Fiber optic,No,No,No,No,Yes,No,Month-to-month,No,Mailed check,89.26,2842.59,No
1891-MCUGN,Female,0,Yes,No,48,Yes,No,DSL,No,Yes,No,Yes,No,Yes,Month-to-month,No,Bank transfer (automatic),81.45,3887.05,No
1535-IRZQI,Female,0,No,No,63,Yes,Yes,Fiber optic,No,Yes,No,No,No,No,Month-to-month,Yes,Electronic check,87.52,5548.6,Yes
6288-EMNDL,Male,0,Yes,No,38,Yes,No,No,No internet service,No internet service,No internet service,No internet service,No internet service,No internet service,Two year,Yes,Credit card (automatic),48.86,1829.71,No
7841-ICHTZ,Male,0,No,Yes,31,Yes,No,DSL,No,No,No,Yes,No,No,Month-to-month,No,Mailed check,69.5,2128.26,Yes
8896-JNORC,Male,1,No,No,60,Yes,Yes,No,No internet service,No internet service,No internet service,No internet service,No internet service,No internet service,Two year,Yes,Bank transfer (automatic),41.42,2439.55,No
5408-MFNBJ,Female,0,Yes,No,15,Yes,Yes,Fiber optic,Yes,No,No,Yes,Yes,Yes,Two year,No,Bank transfer (automatic),116.59,1761.22,No
7179-ADNNB,Male,0,No,No,14,Yes,Yes,Fiber optic,Yes,Yes,No,No,No,No,Month-to-month,Yes,Bank transfer (automatic),91.33,1259.68,Yes
2907-FAYVI,Female,0,Yes,No,34,Yes,No,No,No internet service,No internet service,No internet service,No internet service,No internet service,No internet service,Month-to-month,Yes,Mailed check,38.25,1315.65,Yes
4895-KANHW,Male,0,Yes,Yes,8,Yes,Yes,Fiber optic,No,No,Yes,Yes,Yes,No,Two year,No,Bank transfer (automatic),103.63,828.06,No
6040-GQYXT,Female,0,Yes,No,1,Yes,Yes,Fiber optic,No,No,Yes,Yes,Yes,No,Month-to-month,No,Bank transfer (automatic),108.3,133.75,Yes
5777-DHTGS,Female,1,Yes,No,26,Yes,No,DSL,Yes,No,No,Yes,No,Yes,Two year,Yes,Bank transfer (automatic),86.59,2234.34,No
7937-QJKUU,Female,0,No,No,11,Yes,No,Fiber optic,No,No,No,No,Yes,Yes,Month-to-month,No,Bank transfer (automatic),109.45,1205.13,Yes
1666-WQBCJ,Female,1,No,Yes,46,Yes,No,No,No internet service,No internet service,No internet service,No internet service,No internet service,No internet service,Month-to-month,Yes,Bank transfer (automatic),42.39,1972.17,No
8350-NOZBM,Female,0,No,No,40,No,No phone service,No,No internet service,No internet service,No internet service,No internet service,No internet service,No internet service,Month-to-month,Yes,Credit card (automatic),24.48,1003.5,No
2207-IBCXP,Male,0,No,No,35,Yes,Yes,Fiber optic,No,Yes,No,No,No,No,Month-to-month,No,Credit card (automatic),86.21,3039.08,Yes
9430-UJZBQ,Female,1,No,No,36,Yes,No,No,No internet service,No internet service,No internet service,No internet service,No internet service,No internet service,Two year,No,Electronic check,31.87,1158.41,No
1193-PROHT,Female,0,No,No,7,Yes,Yes,Fiber optic,Yes,No,No,No,Yes,Yes,Month-to-month,No,Credit card (automatic),110.16,770.61,Yes
7258-NLHLJ,Female,0,No,No,29,Yes,No,Fiber optic,No,Yes,Yes,No,No,Yes,Month-to-month,Yes,Credit card (automatic),105.11,3059.87,Yes
7179-SXVMQ,Male,1,Yes,No,5,No,No phone service,DSL,Yes,No,No,No,Yes,Yes,One year,Yes,Bank transfer (automatic),69.11,319.36,No
9796-SDAQZ,Female,0,No,Yes,25,Yes,Yes,Fiber optic,Yes,No,Yes,No,No,Yes,Two year,No,Bank transfer (automatic),110.51,2755.2,No
7840-EAGSG,Male,1,No,No,49,Yes,No,Fiber optic,No,No,Yes,No,No,No,Month-to-month,Yes,Mailed check,88.35,4357.36,No
4224-HTEJA,Female,0,Yes,No,72,Yes,No,Fiber optic,No,No,Yes,No,No,Yes,Two year,No,Mailed check,105.15,7589.25,No
3003-YDKGD,Female,1,Yes,No,21,Yes,No,Fiber optic,Yes,No,Yes,No,Yes,Yes,Month-to-month,Yes,Mailed check,119.13,2477.33,Yes
3101-LBOLT,Male,0,Yes,No,19,Yes,No,No,No internet service,No internet service,No internet service,No internet service,No internet service,No internet service,Two year,No,Credit card (automatic),38.79,744.05,No
6465-NLQRF,Female,0,Yes,No,48,No,No phone service,No,No internet service,No internet service,No internet service,No internet service,No internet service,No internet service,One year,Yes,Bank transfer (automatic),18.0,845.96,No
4374-WPWDC,Female,1,No,Yes,67,No,No phone service,No,No internet service,No internet service,No internet service,No internet service,No internet service,No internet service,Two year,No,Electronic check,25.63,1711.52,No
7354-JLVFH,Male,0,Yes,No,21,Yes,No,No,No internet service,No internet service,No internet service,No internet service,No internet service,No internet service,One year,Yes,Bank transfer (automatic),43.45,942.08,No
3286-CXBUF,Male,0,No,No,61,Yes,No,No,No internet service,No internet service,No internet service,No internet service,No internet service,No internet service,Two year,Yes,Bank transfer (automatic),40.06,2407.27,No
3894-FBTCA,Male,0,No,No,22,Yes,No,Fiber optic,No,Yes,No,No,Yes,No,Month-to-month,Yes,Bank transfer (automatic),95.39,2073.03,No
4189-OEXGY,Female,0,Yes,No,46,Yes,No,DSL,No,No,No,No,Yes,No,One year,Yes,Electronic check,74.23,3417.6,No
3033-PCKUI,Female,1,No,No,15,Yes,Yes,No,No internet service,No internet service,No internet service,No internet service,No internet service,No internet service,One year,Yes,Bank transfer (automatic),38.46,586.29,No
3328-NIVHG,Female,0,No,Yes,19,Yes,No,DSL,No,No,Yes,No,No,No,Month-to-month,Yes,Credit card (automatic),68.34,1292.44,No
4436-EPEHM,Female,0,No,Yes,71,Yes,No,Fiber optic,No,Yes,No,No,No,No,Two year,Yes,Electronic check,93.46,6658.83,No
3445-JFYNK,Female,0,No,No,28,Yes,No,DSL,No,No,No,Yes,No,Yes,Two year,Yes,Mailed check,80.04,2236.55,No
2973-ROVAV,Male,1,No,No,1,Yes,No,Fiber optic,No,No,Yes,No,Yes,No,Two year,Yes,Electronic check,95.64,101.07,No
7883-ENSQQ,Male,1,Yes,No,56,No,No phone service,DSL,No,No,Yes,No,Yes,Yes,Month-to-month,Yes,Mailed check,64.85,3632.76,No
2331-LWVDJ,Male,1,Yes,No,9,Yes,No,Fiber optic,Yes,Yes,No,No,Yes,No,Two year,Yes,Bank transfer (automatic),107.94,966.36,No
8790-BPAYQ,Male,0,Yes,Yes,8,Yes,No,No,No internet service,No internet service,No internet service,No internet service,No internet service,No internet service,Month-to-month,Yes,Credit card (automatic),37.12,311.9,Yes
8537-MATZX,Female,0,Yes,No,61,Yes,No,DSL,No,No,Yes,Yes,No,No,Two year,Yes,Mailed check,84.92,5163.97,No
2391-QCOKE,Male,0,No,No,25,Yes,No,DSL,No,Yes,No,No,No,No,Month-to-month,Yes,Credit card (automatic),69.6,1765.86,No
6043-ONNIP,Male,0,Yes,No,10,Yes,Yes,No,No internet service,No internet service,No internet service,No internet service,No internet service,No internet service,One year,Yes,Credit card (automatic),43.13,450.6,No
1096-MNOYT,Male,0,No,No,71,No,No phone service,DSL,No,No,No,No,Yes,Yes,Month-to-month,No,Credit card (automatic),58.77,4192.28,No
7931-XYNMW,Male,0,Yes,Yes,20,No,No phone service,Fiber optic,No,Yes,No,No,No,No,One year,Yes,Mailed check,68.14,1408.44,No
8505-PUJFJ,Male,0,No,Yes,46,Yes,Yes,No,No internet service,No internet service,No internet service,No internet service,No internet service,No internet service,Month-to-month,Yes,Electronic check,40.35,1864.53,No
7060-TMMVU,Male,0,No,Yes,19,Yes,No,Fiber optic,No,No,No,No,No,No,Two year,Yes,Bank transfer (automatic),81.01,1541.67,No
5388-OQBLM,Female,0,No,No,42,Yes,Yes,DSL,No,No,Yes,Yes,No,No,Two year,Yes,Bank transfer (automatic),72.37,3048.9,No
9556-MASVU,Male,0,No,Yes,50,Yes,No,Fiber optic,No,No,No,No,No,No,Month-to-month,No,Mailed check,90.45,4514.28,Yes
7718-DNQXS,Male,0,Yes,Yes,55,Yes,No,No,No internet service,No internet service,No internet service,No internet service,No internet service,No internet service,Two year,Yes,Credit card (automatic),40.21,2209.84,No
6224-VIMXB,Male,1,No,No,30,No,No phone service,Fiber optic,Yes,No,Yes,Yes,No,No,One year,Yes,Electronic check,76.66,2283.17,Yes
7780-CFLHS,Female,0,Yes,No,44,Yes,Yes,Fiber optic,No,No,No,No,No,Yes,Month-to-month,No,Credit card (automatic),94.71,4194.43,Yes
4720-YSJCQ,Female,1,No,No,61,Yes,No,DSL,No,Yes,No,No,No,No,Month-to-month,Yes,Credit card (automatic),72.91,4427.4,Yes
1197-SBBRN,Female,0,No,No,61,Yes,No,No,No internet service,No internet service,No internet service,No internet service,No internet service,No internet service,Month-to-month,Yes,Bank transfer (automatic),33.29,2014.34,No
9444-CIMYW,Female,0,Yes,Yes,54,Yes,No,DSL,No,No,Yes,No,Yes,Yes,Month-to-month,No,Credit card (automatic),86.02,4640.83,No
9744-ULRRX,Female,0,Yes,Yes,29,Yes,Yes,DSL,No,No,No,No,Yes,No,Month-to-month,Yes,Electronic check,73.4,2106.55,Yes
1314-HILTH,Female,0,Yes,No,38,Yes,No,DSL,No,No,Yes,No,No,No,Month-to-month,Yes,Mailed check,63.54,2401.5,No
3969-INRIR,Male,0,No,No,70,Yes,No,No,No internet service,No internet service,No internet service,No internet service,No internet service,No internet service,Month-to-month,Yes,Electronic check,44.02,3074.3,No
7105-DAWUG,Female,0,No,No,18,No,No phone service,Fiber optic,No,Yes,Yes,No,Yes,Yes,Two year,No,Electronic check,96.86,1759.39,No
5030-GAJFJ,Male,0,Yes,No,50,Yes,No,DSL,No,No,No,No,Yes,Yes,Month-to-month,Yes,Electronic check,80.08,3975.06,No
9985-RNRMR,Male,1,Yes,Yes,57,Yes,No,DSL,No,No,Yes,No,No,Yes,Two year,Yes,Electronic check,77.47,4405.36,No
5646-NYGSG,Female,0,Yes,No,35,Yes,No,No,No internet service,No internet service,No internet service,No internet service,No internet service,No internet service,Two year,Yes,Electronic check,40.21,1413.35,No
2187-YTEXL,Male,0,No,Yes,63,Yes,Yes,DSL,No,No,Yes,No,Yes,No,One year,Yes,Bank transfer (automatic),77.61,4899.44,No
4191-VPNMY,Male,0,Yes,No,31,Yes,No,Fiber optic,No,No,Yes,No,No,No,Month-to-month,Yes,Electronic check,83.67,2645.65,Yes
4218-ZMVBK,Female,0,Yes,No,61,Yes,No,Fiber optic,No,No,No,No,No,No,Month-to-month,Yes,Bank transfer (automatic),88.31,5416.17,No
5208-WDRXX,Male,0,No,Yes,47,Yes,Yes,Fiber optic,Yes,Yes,No,Yes,Yes,No,Two year,Yes,Bank transfer (automatic),109.48,5178.6,No
5229-GVCXO,Male,0,Yes,No,3,Yes,No,Fiber optic,Yes,Yes,No,Yes,Yes,No,One year,Yes,Bank transfer (automatic),109.5,297.79,Yes
2908-MGPGW,Female,0,No,No,60,No,No phone service,No,No internet service,No internet service,No internet service,No internet service,No internet service,No internet service,Two year,Yes,Credit card (automatic),18.0,1086.7,No
9021-VMBBD,Female,0,No,No,50,No,No phone service,DSL,No,No,No,Yes,Yes,No,Month-to-month,Yes,Bank transfer (automatic),58.53,2939.08,No
2948-REOWE,Male,1,Yes,Yes,16,Yes,No,Fiber optic,No,No,No,No,Yes,Yes,One year,No,Bank transfer (automatic),101.15,1593.95,No
4290-AWHLG,Female,1,No,No,51,Yes,No,DSL,No,Yes,No,No,Yes,No,Month-to-month,Yes,Electronic check,74.59,3799.37,Yes
8227-DYZZY,Female,0,Yes,No,37,Yes,No,Fiber optic,No,No,No,No,No,No,One year,No,Electronic check,86.85,3229.68,Yes
1056-EGRPU,Male,1,Yes,Yes,68,Yes,Yes,Fiber optic,Yes,No,No,No,No,Yes,One year,Yes,Bank transfer (automatic),92.48,6306.02,No
6859-NXNMH,Male,0,No,No,22,Yes,No,Fiber optic,No,No,Yes,Yes,Yes,No,Month-to-month,Yes,Credit card (automatic),113.37,2519.66,Yes
8947-SSAAO,Male,0,No,Yes,19,Yes,No,No,No internet service,No internet service,No internet service,No internet service,No internet service,No internet service,Month-to-month,Yes,Bank transfer (automatic),37.88,722.37,No
6506-KTVMV,Male,1,No,No,4,Yes,No,No,No internet service,No internet service,No internet service,No internet service,No internet service,No internet service,Month-to-month,Yes,Credit card (automatic),44.48,167.12,Yes
3332-OGHRP,Male,0,Yes,No,57,Yes,No,DSL,No,No,No,No,No,No,Month-to-month,Yes,Credit card (automatic),60.42,3456.09,No
5355-PLOQM,Male,0,Yes,No,71,Yes,Yes,Fiber optic,Yes,No,Yes,Yes,No,Yes,Month-to-month,Yes,Credit card (automatic),112.09,7962.46,No
7565-DOOEJ,Male,0,Yes,No,50,No,No phone service,Fiber optic,Yes,Yes,No,Yes,Yes,Yes,Month-to-month,Yes,Bank transfer (automatic),98.99,4958.9,Yes
9559-MTTGQ,Male,0,No,No,26,Yes,No,No,No internet service,No internet service,No internet service,No internet service,No internet service,No internet service,Month-to-month,Yes,Credit card (automatic),40.01,1003.06,No
4169-WZIHJ,Male,0,No,No,64,Yes,Yes,DSL,No,No,No,Yes,No,No,One year,Yes,Bank transfer (automatic),62.64,4009.1,No
7349-JKDLD,Male,0,No,No,18,Yes,Yes,Fiber optic,Yes,No,No,No,Yes,Yes,Two year,No,Mailed check,106.03,1917.1,No
7129-WEYXD,Male,0,No,Yes,50,Yes,No,Fiber optic,No,No,No,No,No,No,Month-to-month,Yes,Electronic check,88.93,4446.62,Yes
4810-BGHCU,Male,0,Yes,No,43,Yes,Yes,Fiber optic,No,Yes,Yes,Yes,Yes,Yes,Month-to-month,Yes,Credit card (automatic),120.0,5157.4,No
8264-SUZBZ,Female,0,No,No,62,Yes,Yes,Fiber optic,Yes,Yes,No,No,No,No,One year,Yes,Mailed check,93.99,5824.76,No
3298-ILGZD,Male,0,Yes,Yes,70,Yes,Yes,DSL,No,No,No,No,No,No,Month-to-month,No,Electronic check,68.24,4759.31,No
5627-NBVNS,Female,1,Yes,No,26,Yes,No,DSL,Yes,No,Yes,No,No,Yes,Month-to-month,No,Bank transfer (automatic),81.71,2141.72,No
8281-FJKJU,Female,0,No,Yes,6,No,No phone service,Fiber optic,No,No,Yes,Yes,No,No,Month-to-month,No,Electronic check,80.59,477.67,Yes
2882-JDIBU,Female,0,No,No,11,Yes,Yes,DSL,No,No,No,Yes,Yes,Yes,Two year,No,Mailed check,84.62,880.6,No
6244-LXAMW,Female,0,Yes,No,53,Yes,Yes,DSL,Yes,Yes,No,No,No,No,Month-to-month,No,Credit card (automatic),73.43,3879.58,No
9653-XPVXN,Male,0,Yes,No,26,Yes,Yes,Fiber optic,No,No,No,No,Yes,No,Two year,No,Bank transfer (automatic),95.67,2472.14,Yes
5247-ULTDL,Female,0,No,No,10,Yes,No,Fiber optic,No,No,Yes,No,No,No,Month-to-month,Yes,Electronic check,86.89,862.4,Yes
3901-JUYPL,Male,0,Yes,No,59,Yes,Yes,Fiber optic,No,Yes,No,No,Yes,No,Month-to-month,No,Electronic check,99.08,5832.78,No
6690-DTDXJ,Male,0,No,No,47,Yes,No,No,No internet service,No internet service,No internet service,No internet service,No internet service,No internet service,Month-to-month,Yes,Bank transfer (automatic),43.4,2037.61,No
4869-KGDQL,Male,0,No,No,9,Yes,No,Fiber optic,No,Yes,No,No,No,No,Two year,No,Electronic check,91.64,828.71,No
7283-FXXOQ,Male,0,Yes,No,52,No,No phone service,DSL,Yes,Yes,No,No,No,No,Month-to-month,Yes,Electronic check,54.73,2830.13,No
4708-KESZX,Male,0,Yes,Yes,46,Yes,No,DSL,No,Yes,Yes,No,Yes,Yes,One year,No,Electronic check,89.45,4115.74,No
7749-BERAJ,Male,0,Yes,Yes,71,Yes,Yes,Fiber optic,No,Yes,Yes,No,No,Yes,Two year,Yes,Electronic check,108.45,7713.24,No
6632-QXPIC,Female,0,No,Yes,72,Yes,No,Fiber optic,No,No,No,No,Yes,Yes,Month-to-month,Yes,Credit card (automatic),99.32,7143.91,No
5796-RWEYV,Female,0,Yes,No,71,Yes,Yes,No,No internet service,No internet service,No internet service,No internet service,No internet service,No internet service,Month-to-month,No,Mailed check,41.6,2966.79,No
6510-FFJZV,Male,0,No,No,65,Yes,No,Fiber optic,No,No,No,Yes,No,No,One year,Yes,Mailed check,92.38,6031.17,No
3496-GBPMA,Female,0,Yes,No,57,Yes,No,Fiber optic,No,No,Yes,No,No,Yes,Month-to-month,No,Bank transfer (automatic),97.73,5551.76,No
7329-CCXYB,Male,0,No,No,48,Yes,Yes,No,No internet service,No internet service,No internet service,No internet service,No internet service,No internet service,One year,Yes,Electronic check,31.22,1504.47,Yes
8812-GNVPO,Male,0,Yes,Yes,39,No,No phone service,No,No internet service,No internet service,No internet service,No internet service,No internet service,No internet service,Two year,Yes,Electronic check,21.28,870.63,No
5970-GHGWG,Female,0,Yes,No,57,Yes,Yes,Fiber optic,No,Yes,No,Yes,Yes,No,Month-to-month,No,Electronic check,103.14,5883.79,No
8642-ISIGM,Female,0,No,No,70,Yes,Yes,Fiber optic,Yes,Yes,No,No,No,Yes,Month-to-month,Yes,Credit card (automatic),108.9,7606.47,No
8069-KZUHV,Male,0,No,No,8,Yes,Yes,DSL,Yes,No,Yes,No,No,No,One year,Yes,Electronic check,83.83,680.41,No
7203-NJAXP,Male,0,Yes,Yes,9,Yes,Yes,Fiber optic,No,Yes,No,No,No,Yes,Month-to-month,Yes,Bank transfer (automatic),99.88,895.56,Yes
9110-JXFSN,Male,0,Yes,No,36,Yes,Yes,DSL,No,No,No,No,No,No,Month-to-month,No,Bank transfer (automatic),65.59,2335.92,No
6104-ZIHQC,Male,0,No,No,21,Yes,No,Fiber optic,Yes,Yes,No,No,Yes,Yes,Month-to-month,Yes,Mailed check,112.77,2364.78,No
7877-CXIQO,Male,1,Yes,No,38,Yes,Yes,No,No internet service,No internet service,No internet service,No internet service,No internet service,No internet service,Month-to-month,Yes,Bank transfer (automatic),36.56,1366.37,No
5951-DKTMY,Female,0,Yes,No,22,Yes,Yes,Fiber optic,Yes,No,No,Yes,Yes,No,Month-to-month,Yes,Electronic check,103.54,2245.02,No
6848-ZSODC,Female,0,Yes,No,57,Yes,No,DSL,No,No,No,Yes,No,Yes,One year,Yes,Electronic check,78.73,4504.96,No
2906-VKWMH,Male,0,Yes,No,65,Yes,No,DSL,No,Yes,No,No,No,No,Month-to-month,Yes,Bank transfer (automatic),64.96,4175.6,No
8371-PDIDR,Female,0,No,No,20,Yes,No,No,No internet service,No internet service,No internet service,No internet service,No internet service,No internet service,Month-to-month,No,Electronic check,41.36,855.14,No
7501-TGIKA,Male,0,No,No,56,No,No phone service,DSL,No,No,Yes,Yes,Yes,Yes,Two year,No,Credit card (automatic),71.02,3988.49,No
9106-KFFBK,Male,0,No,No,7,Yes,No,Fiber optic,Yes,No,No,No,Yes,No,Month-to-month,No,Bank transfer (automatic),95.8,700.49,Yes
9820-ZIADI,Male,0,No,No,58,No,No phone service,Fiber optic,No,Yes,No,No,No,No,Month-to-month,No,Electronic check,73.63,4303.85,No
6653-MSMOF,Female,0,Yes,Yes,50,Yes,Yes,DSL,No,No,Yes,Yes,No,No,Two year,No,Electronic check,77.04,3874.48,No
5417-UEHQE,Female,0,No,No,51,Yes,Yes,Fiber optic,No,No,No,No,No,Yes,Month-to-month,Yes,Bank transfer (automatic),88.75,4517.69,No
5393-WHUMO,Female,0,Yes,No,35,Yes,No,DSL,Yes,No,Yes,Yes,No,Yes,Two year,No,Credit card (automatic),93.08,3245.4,No
5288-FVYPH,Male,0,Yes,No,7,No,No phone service,Fiber optic,No,Yes,No,No,No,No,One year,Yes,Mailed check,68.3,480.37,No
4270-MJXGT,Female,0,No,No,61,Yes,No,DSL,No,No,Yes,No,No,No,Month-to-month,Yes,Electronic check,67.64,4145.92,Yes
6487-MULEH,Male,0,Yes,Yes,8,Yes,No,DSL,No,No,No,No,Yes,No,Month-to-month,Yes,Bank transfer (automatic),71.39,608.98,No
8101-URYSW,Male,0,Yes,No,35,Yes,No,DSL,No,No,No,Yes,No,Yes,Month-to-month,No,Mailed check,79.6,2765.91,No
3568-LRZSA,Female,1,Yes,Yes,12,Yes,No,No,No internet service,No internet service,No internet service,No internet service,No internet service,No internet service,Two year,No,Bank transfer (automatic),40.41,501.15,No
7459-IDUSY,Male,0,No,No,61,Yes,Yes,Fiber optic,No,Yes,No,Yes,No,No,Month-to-month,Yes,Mailed check,91.78,5599.38,No
5649-ZTNYY,Female,0,Yes,No,41,Yes,Yes,No,No internet service,No internet service,No internet service,No internet service,No internet service,No internet service,Two year,No,Mailed check,36.97,1516.62,No
7435-PFTLO,Female,0,No,No,37,Yes,No,Fiber optic,No,Yes,No,Yes,No,No,Two year,No,Mailed check,94.23,3499.52,No
3178-HDEIQ,Female,0,No,No,23,Yes,Yes,No,No internet service,No internet service,No internet service,No internet service,No internet service,No internet service,One year,No,Credit card (automatic),41.25,897.26,No
4219-WRPNP,Male,0,No,No,57,Yes,Yes,Fiber optic,Yes,No,No,No,No,No,Month-to-month,No,Mailed check,89.47,5100.36,No
6354-LLJPY,Male,0,Yes,No,15,Yes,No,Fiber optic,No,No,No,No,No,No,One year,No,Mailed check,88.53,1303.22,No
5329-BUOCD,Female,0,No,Yes,52,Yes,No,Fiber optic,No,No,No,No,Yes,No,One year,Yes,Electronic check,86.99,4538.18,No
8213-OKJWC,Female,0,Yes,No,70,Yes,No,DSL,Yes,No,No,No,No,Yes,Month-to-month,Yes,Electronic check,83.44,5847.06,No
4190-BXUGB,Female,1,No,No,19,Yes,Yes,No,No internet service,No internet service,No internet service,No internet service,No internet service,No internet service,Two year,Yes,Electronic check,46.49,917.19,No
2730-ZXIHZ,Female,1,No,No,50,Yes,No,No,No internet service,No internet service,No internet service,No internet service,No internet service,No internet service,Month-to-month,No,Credit card (automatic),36.12,1835.9,No
9899-KZUEE,Male,0,Yes,Yes,22,Yes,Yes,DSL,No,No,No,No,Yes,Yes,Two year,Yes,Credit card (automatic),83.97,1835.29,No
2972-FJPCY,Male,0,No,No,67,Yes,Yes,No,No internet service,No internet service,No internet service,No internet service,No internet service,No internet service,Month-to-month,Yes,Bank transfer (automatic),43.39,2912.66,No
2820-XCTNU,Female,0,No,No,65,Yes,No,DSL,Yes,No,No,No,No,Yes,Month-to-month,Yes,Mailed check,79.69,5212.11,No
4112-ZTTHJ,Male,1,Yes,No,22,Yes,No,Fiber optic,No,No,No,Yes,No,No,One year,Yes,Bank transfer (automatic),80.2,1774.0,Yes
1781-IGNTY,Female,1,Yes,Yes,16,Yes,Yes,No,No internet service,No internet service,No internet service,No internet service,No internet service,No internet service,Month-to-month,Yes,Electronic check,38.73,634.17,No
5318-ANXIY,Male,0,No,No,6,Yes,Yes,DSL,No,No,No,No,Yes,No,Month-to-month,No,Electronic check,74.45,479.77,Yes
1662-DWANP,Female,0,No,No,50,Yes,Yes,DSL,Yes,No,Yes,Yes,Yes,No,Month-to-month,No,Electronic check,89.26,4492.91,No
8933-BGTFJ,Female,0,No,No,67,Yes,Yes,Fiber optic,No,Yes,Yes,Yes,Yes,No,Two year,No,Bank transfer (automatic),112.32,7529.9,No
2299-HZGTV,Male,0,Yes,No,10,Yes,No,Fiber optic,No,No,No,No,No,Yes,Month-to-month,No,Mailed check,88.9,911.1,No
4851-YMCXD,Male,0,No,No,59,Yes,No,Fiber optic,No,Yes,No,No,No,No,One year,No,Electronic check,93.33,5525.24,No
1779-SZXZY,Female,0,No,Yes,55,Yes,No,Fiber optic,No,No,No,Yes,No,No,One year,Yes,Mailed check,86.25,4778.38,No
3501-WWKSA,Male,0,No,No,34,Yes,No,DSL,No,No,Yes,Yes,No,No,Month-to-month,Yes,Credit card (automatic),70.09,2386.01,No
7229-AIAPN,Female,0,No,No,16,Yes,No,DSL,No,No,No,Yes,Yes,No,Month-to-month,No,Mailed check,80.58,1315.54,Yes
8360-HTZPQ,Female,0,Yes,No,47,Yes,No,No,No internet service,No internet service,No internet service,No internet service,No internet service,No internet service,Month-to-month,No,Mailed check,38.5,1802.48,No
9095-VRXRJ,Female,0,No,No,43,Yes,Yes,Fiber optic,No,No,No,No,Yes,No,Two year,Yes,Mailed check,94.77,4085.65,No
1999-DYAWV,Male,0,Yes,No,59,Yes,Yes,Fiber optic,No,No,No,Yes,No,No,Two year,Yes,Electronic check,94.14,5573.45,No
9485-AXOXN,Female,0,Yes,No,41,Yes,No,DSL,No,Yes,Yes,No,No,Yes,Two year,Yes,Electronic check,83.03,3419.39,No
8466-MJZGC,Male,0,No,No,3,Yes,No,No,No internet service,No internet service,No internet service,No internet service,No internet service,No internet service,One year,No,Electronic check,39.21,125.28,No
4499-PMELC,Female,0,Yes,Yes,14,Yes,Yes,DSL,No,No,No,No,Yes,No,Two year,Yes,Mailed check,72.92,1021.77,No
1293-QMLFB,Female,0,Yes,No,27,Yes,No,DSL,No,No,Yes,No,No,No,Two year,Yes,Credit card (automatic),67.3,1832.86,No
1999-PPZNA,Male,0,Yes,Yes,35,Yes,No,DSL,Yes,Yes,No,No,No,Yes,Month-to-month,No,Electronic check,80.7,2836.3,No
6510-HYRXV,Male,0,No,No,25,Yes,No,Fiber optic,No,Yes,No,No,No,Yes,Two year,No,Electronic check,93.4,2338.65,No
7477-OHJCE,Male,0,No,No,64,Yes,No,DSL,No,No,No,No,Yes,No,Month-to-month,Yes,Electronic check,72.3,4642.16,Yes
9511-EDYOA,Female,0,Yes,Yes,20,Yes,Yes,DSL,Yes,No,No,No,No,No,Month-to-month,Yes,Electronic check,67.82,1327.86,No
5004-RMOMT,Male,0,Yes,No,49,Yes,No,Fiber optic,No,No,No,No,Yes,No,Month-to-month,Yes,Mailed check,99.03,4862.34,No
2135-DIPYP,Male,0,No,Yes,26,Yes,No,Fiber optic,No,No,Yes,No,Yes,No,Month-to-month,Yes,Bank transfer (automatic),96.56,2477.78,Yes
2861-VXZVR,Female,0,Yes,No,72,Yes,No,DSL,Yes,No,No,No,Yes,No,Month-to-month,Yes,Bank transfer (automatic),81.71,5866.75,No
4410-QSEFM,Female,0,No,No,66,Yes,Yes,Fiber optic,Yes,Yes,No,No,No,Yes,Month-to-month,Yes,Electronic check,103.49,6838.21,Yes
1172-TYYKF,Female,0,No,No,57,Yes,No,Fiber optic,No,No,No,No,No,Yes,Month-to-month,No,Bank transfer (automatic),97.43,5553.71,No
3225-BVTAE,Female,0,Yes,No,55,Yes,No,Fiber optic,Yes,No,Yes,No,No,No,Two year,Yes,Mailed check,94.35,5156.6,No
2492-RBGHY,Female,0,No,No,46,Yes,Yes,DSL,No,No,No,No,Yes,Yes,Month-to-month,No,Electronic check,81.62,3717.9,No
9437-VEPBC,Female,0,Yes,No,42,Yes,Yes,No,No internet service,No internet service,No internet service,No internet service,No internet service,No internet service,Month-to-month,Yes,Credit card (automatic),36.09,1509.96,No
5606-PTBRC,Male,0,No,No,41,Yes,Yes,Fiber optic,No,Yes,Yes,No,No,No,One year,Yes,Credit card (automatic),92.69,3764.86,No
7335-SXDYC,Female,0,Yes,Yes,1,Yes,Yes,DSL,Yes,No,No,No,Yes,No,One year,Yes,Mailed check,76.43,49.77,Yes
9928-LRZIT,Female,0,No,No,68,Yes,No,Fiber optic,No,No,No,No,No,Yes,Two year,Yes,Bank transfer (automatic),95.95,6513.42,No
8043-NLEOG,Female,0,No,Yes,71,Yes,Yes,DSL,No,No,Yes,No,Yes,Yes,Month-to-month,Yes,Bank transfer (automatic),89.56,6376.73,No
3195-UQBIO,Female,1,No,No,38,Yes,No,Fiber optic,No,Yes,Yes,Yes,Yes,No,Month-to-month,Yes,Credit card (automatic),108.61,4104.18,Yes
7641-XKLFY,Female,0,No,No,63,Yes,Yes,Fiber optic,Yes,Yes,Yes,No,No,Yes,Two year,Yes,Electronic check,103.2,6458.73,No
3299-TWSNK,Male,0,Yes,No,29,Yes,No,DSL,Yes,No,No,Yes,Yes,Yes,Month-to-month,Yes,Electronic check,95.94,2809.29,Yes
5676-EVGOE,Female,0,No,No,8,Yes,Yes,No,No internet service,No internet service,No internet service,No internet service,No internet service,No internet service,One year,Yes,Bank transfer (automatic),41.24,347.09,No
9351-SOPGP,Female,0,No,Yes,60,Yes,No,Fiber optic,No,No,Yes,Yes,Yes,Yes,Month-to-month,Yes,Electronic check,112.64,6765.69,No
1375-IUGUT,Male,1,Yes,No,37,Yes,Yes,DSL,Yes,Yes,No,Yes,No,No,Month-to-month,No,Credit card (automatic),78.55,2905.68,No
3766-GSCFM,Female,0,Yes,Yes,68,Yes,No,DSL,No,No,No,No,Yes,No,Two year,No,Electronic check,68.91,4727.74,No
4014-SBAEG,Male,1,Yes,No,15,No,No phone service,DSL,Yes,Yes,No,No,Yes,Yes,Month-to-month,Yes,Bank transfer (automatic),75.36,1136.85,Yes
4502-RJKWA,Female,0,Yes,No,34,Yes,Yes,No,No internet service,No internet service,No internet service,No internet service,No internet service,No internet service,Month-to-month,No,Electronic check,39.72,1352.2,No
6207-SPFFH,Female,0,No,No,48,Yes,No,Fiber optic,No,No,No,No,No,No,One year,Yes,Bank transfer (automatic),88.09,4224.78,No
6871-MWXUL,Male,1,Yes,No,10,Yes,Yes,No,No internet service,No internet service,No internet service,No internet service,No internet service,No internet service,Month-to-month,No,Electronic check,45.46,463.32,Yes
3630-BLLLJ,Male,0,No,No,72,Yes,Yes,DSL,No,Yes,Yes,No,Yes,No,Month-to-month,Yes,Electronic check,81.82,5876.43,No
6423-DCDAP,Female,0,No,No,44,Yes,No,DSL,No,Yes,Yes,No,No,No,Month-to-month,Yes,Electronic check,73.6,3260.69,No
5112-ZSXBV,Male,0,Yes,Yes,12,Yes,Yes,Fiber optic,No,Yes,Yes,Yes,No,Yes,Month-to-month,Yes,Bank transfer (automatic),108.16,1323.99,Yes
4475-GNPBD,Female,1,No,Yes,54,No,No phone service,Fiber optic,Yes,No,No,No,No,Yes,One year,Yes,Electronic check,83.08,4511.81,No
8925-LYTDF,Male,0,Yes,Yes,64,Yes,No,DSL,No,No,No,No,Yes,No,Month-to-month,No,Mailed check,70.24,4494.44,No
2572-WITPR,Female,0,Yes,No,27,Yes,No,DSL,No,Yes,Yes,Yes,Yes,No,Month-to-month,Yes,Credit card (automatic),88.99,2410.27,No
5511-XXHBY,Female,0,Yes,Yes,44,Yes,Yes,No,No internet service,No internet service,No internet service,No internet service,No internet service,No internet service,Month-to-month,No,Electronic check,37.96,1643.74,No
5440-KGKYV,Female,0,Yes,No,54,Yes,No,Fiber optic,No,No,No,No,No,No,Two year,Yes,Electronic check,80.8,4338.14,No
8998-WPSTK,Male,0,Yes,No,10,Yes,Yes,DSL,Yes,No,Yes,No,Yes,No,Month-to-month,Yes,Bank transfer (automatic),86.06,876.02,Yes
8601-XHUHL,Female,0,Yes,No,38,Yes,No,Fiber optic,No,No,No,No,Yes,Yes,Two year,Yes,Electronic check,98.78,3771.95,No
1552-KKNOW,Male,0,Yes,No,40,Yes,Yes,Fiber optic,Yes,No,Yes,No,Yes,No,Month-to-month,No,Bank transfer (automatic),101.56,4027.54,No
4860-VEBGR,Male,1,Yes,Yes,21,Yes,No,No,No internet service,No internet service,No internet service,No internet service,No internet service,No internet service,Month-to-month,Yes,Mailed check,43.14,880.26,No
5786-MCDGA,Male,0,No,No,21,Yes,No,No,No internet service,No internet service,No internet service,No internet service,No internet service,No internet service,One year,Yes,Credit card (automatic),35.17,719.95,No
3812-LYGNG,Female,0,Yes,Yes,45,No,No phone service,DSL,No,No,No,No,No,Yes,Month-to-month,No,Electronic check,56.07,2530.08,No
4100-QRMGF,Female,0,No,No,54,No,No phone service,No,No internet service,No internet service,No internet service,No internet service,No internet service,No internet service,One year,Yes,Mailed check,18.0,963.39,No
4951-XINRC,Male,0,No,No,28,Yes,Yes,DSL,Yes,Yes,No,Yes,No,No,Two year,Yes,Credit card (automatic),83.46,2313.61,No
3149-FCZZM,Male,1,No,No,10,Yes,No,DSL,No,No,No,No,Yes,Yes,Two year,Yes,Bank transfer (automatic),85.17,845.42,No
3272-TSZWI,Female,0,No,No,57,Yes,Yes,Fiber optic,Yes,No,Yes,No,Yes,No,Month-to-month,No,Electronic check,103.45,5890.05,No
3115-AVPUA,Male,0,No,Yes,12,Yes,No,Fiber optic,Yes,No,Yes,No,No,No,One year,No,Electronic check,90.56,1104.89,No
3042-KGFYW,Male,0,No,No,0,Yes,Yes,DSL,No,No,Yes,Yes,Yes,No,Month-to-month,Yes,Mailed check,83.11, ,Yes
5207-CNWIL,Female,0,No,No,23,Yes,Yes,DSL,Yes,No,No,Yes,Yes,No,Two year,No,Mailed check,78.57,1836.34,No
6846-MZAHS,Male,0,No,Yes,59,Yes,Yes,DSL,No,No,No,No,Yes,No,Month-to-month,Yes,Electronic check,72.21,4219.5,No
5479-SZRPE,Female,0,Yes,No,55,Yes,No,DSL,No,No,Yes,Yes,Yes,No,Month-to-month,No,Credit card (automatic),82.84,4565.34,No
5810-LLVFA,Female,0,No,Yes,22,Yes,No,DSL,No,No,No,Yes,Yes,No,Month-to-month,Yes,Electronic check,77.75,1752.49,No
1336-TQTJY,Male,1,No,Yes,37,Yes,No,DSL,Yes,No,No,No,No,No,Month-to-month,Yes,Credit card (automatic),76.33,2821.5,Yes
2141-ORIKB,Male,0,Yes,No,70,Yes,No,No,No internet service,No internet service,No internet service,No internet service,No internet service,No internet service,One year,No,Bank transfer (automatic),40.45,2825.92,No
5797-WOOUI,Female,0,No,Yes,52,Yes,No,No,No internet service,No internet service,No internet service,No internet service,No internet service,No internet service,Month-to-month,Yes,Bank transfer (automatic),42.86,2215.46,Yes
5556-WOSNC,Female,0,No,No,55,Yes,No,No,No internet service,No internet service,No internet service,No internet service,No internet service,No internet service,Month-to-month,No,Bank transfer (automatic),45.8,2489.88,No
6659-QBVVG,Female,0,No,Yes,6,Yes,No,DSL,No,No,No,No,Yes,Yes,One year,No,Electronic check,84.79,529.91,No
4614-FWYMS,Male,0,Yes,No,17,Yes,Yes,DSL,No,Yes,No,No,Yes,Yes,Month-to-month,Yes,Mailed check,93.77,1578.3,Yes
2797-XJJFX,Female,0,Yes,No,7,Yes,No,Fiber optic,No,No,No,No,No,Yes,Two year,Yes,Credit card (automatic),94.98,682.99,No
1350-PKOWG,Female,0,Yes,No,71,Yes,Yes,Fiber optic,Yes,No,No,No,No,No,Month-to-month,No,Credit card (automatic),94.15,6692.48,No
5573-AQNOZ,Male,0,No,No,24,Yes,No,Fiber optic,No,Yes,No,No,No,No,Month-to-month,Yes,Electronic check,92.22,2226.44,No
4368-KRYHB,Female,0,No,No,36,No,No phone service,DSL,No,No,No,No,Yes,Yes,Month-to-month,Yes,Credit card (automatic),60.4,2155.51,No
4611-FMHJJ,Female,1,No,No,40,Yes,Yes,No,No internet service,No internet service,No internet service,No internet service,No internet service,No internet service,Month-to-month,Yes,Mailed check,42.82,1719.65,No
3093-OCVQO,Male,0,Yes,Yes,38,Yes,Yes,Fiber optic,Yes,Yes,Yes,Yes,Yes,Yes,Month-to-month,Yes,Bank transfer (automatic),120.0,4560.09,No
3141-DIAHS,Male,1,Yes,No,3,Yes,No,Fiber optic,Yes,Yes,No,Yes,No,No,Two year,Yes,Credit card (automatic),101.34,307.83,No
7446-SKAUC,Female,0,No,No,66,Yes,Yes,Fiber optic,No,No,No,Yes,No,No,Month-to-month,No,Electronic check,88.67,5801.95,No
4682-WVPQM,Male,0,No,Yes,27,Yes,No,DSL,Yes,Yes,Yes,Yes,Yes,No,Two year,Yes,Electronic check,100.37,2720.5,No
4818-CWHOS,Male,0,No,No,67,No,No phone service,DSL,No,No,No,No,No,No,Month-to-month,No,Mailed check,43.91,2986.63,No
8678-OBOLU,Male,0,Yes,No,55,Yes,No,No,No internet service,No internet service,No internet service,No internet service,No internet service,No internet service,One year,Yes,Bank transfer (automatic),36.62,1988.58,No
5028-SKHQY,Female,0,Yes,Yes,50,Yes,No,Fiber optic,No,No,Yes,Yes,No,No,Month-to-month,Yes,Mailed check,101.22,5079.93,No
3959-PUDAN,Male,0,No,No,51,No,No phone service,DSL,No,Yes,No,No,Yes,No,Month-to-month,No,Bank transfer (automatic),62.87,3201.66,No
9295-LEUVY,Female,0,No,No,71,Yes,No,DSL,No,Yes,Yes,Yes,No,No,Month-to-month,No,Credit card (automatic),78.86,5578.32,No
8426-FKSRO,Female,0,Yes,No,22,No,No phone service,DSL,No,Yes,No,No,No,No,Month-to-month,No,Electronic check,47.02,1020.39,Yes
5279-XUBRS,Female,0,No,Yes,24,Yes,Yes,No,No internet service,No internet service,No internet service,No internet service,No internet service,No internet service,One year,Yes,Credit card (automatic),37.45,927.98,No
5424-ZIOAH,Female,0,No,No,48,Yes,No,No,No internet service,No internet service,No internet service,No internet service,No internet service,No internet service,Month-to-month,Yes,Electronic check,39.07,1881.15,Yes
9714-RRABO,Male,0,No,No,16,Yes,No,Fiber optic,Yes,No,No,Yes,Yes,No,Month-to-month,Yes,Credit card (automatic),113.25,1809.48,Yes
1974-KJCYX,Male,0,Yes,Yes,58,Yes,Yes,No,No internet service,No internet service,No internet service,No internet service,No internet service,No internet service,Two year,No,Bank transfer (automatic),37.26,2129.61,No
9024-MCWXG,Male,0,Yes,No,2,No,No phone service,Fiber optic,No,No,Yes,No,No,No,Month-to-month,No,Credit card (automatic),76.4,163.8,No
7415-IWZJO,Female,0,No,Yes,65,Yes,Yes,No,No internet service,No internet service,No internet service,No internet service,No internet service,No internet service,Month-to-month,Yes,Credit card (automatic),38.05,2494.84,No
6455-JZTKB,Female,0,No,Yes,25,Yes,Yes,Fiber optic,No,No,Yes,No,No,No,Month-to-month,Yes,Electronic check,91.99,2305.79,Yes
3110-TADMA,Male,0,No,Yes,0,Yes,No,No,No internet service,No internet service,No internet service,No internet service,No internet service,No internet service,Month-to-month,No,Bank transfer (automatic),35.53, ,No
2944-ZYFLX,Female,0,No,Yes,43,Yes,No,No,No internet service,No internet service,No internet service,No internet service,No internet service,No internet service,Month-to-month,Yes,Mailed check,41.74,1805.35,No
1602-NVEZN,Female,0,Yes,Yes,20,Yes,Yes,Fiber optic,No,Yes,Yes,No,No,No,One year,Yes,Mailed check,91.34,1864.0,No
1199-FXBTH,Male,0,Yes,No,22,Yes,Yes,DSL,No,No,Yes,Yes,No,No,One year,Yes,Mailed check,76.14,1671.89,Yes
2501-MTRII,Male,0,Yes,No,35,Yes,No,DSL,No,No,No,No,No,Yes,One year,Yes,Bank transfer (automatic),70.15,2475.97,No
5426-HQLCL,Male,0,No,Yes,42,Yes,Yes,DSL,Yes,No,Yes,No,No,No,Month-to-month,Yes,Bank transfer (automatic),66.09,2771.34,Yes
2276-VLCGC,Male,0,Yes,No,9,Yes,Yes,DSL,Yes,No,No,No,Yes,No,Month-to-month,Yes,Bank transfer (automatic),78.52,703.1,No
2432-NCPXH,Male,0,No,Yes,3,Yes,Yes,Fiber optic,Yes,Yes,Yes,No,Yes,Yes,Two year,Yes,Electronic check,120.0,364.11,Yes
1351-FUWMF,Female,0,No,No,33,Yes,No,Fiber optic,Yes,Yes,Yes,No,No,No,Month-to-month,Yes,Mailed check,101.68,3348.22,Yes
4517-QISTP,Female,0,No,No,25,Yes,Yes,DSL,No,No,No,No,Yes,No,Month-to-month,Yes,Credit card (automatic),73.63,1831.61,Yes
5730-KMVDL,Female,0,No,No,42,Yes,Yes,No,No internet service,No internet service,No internet service,No internet service,No internet service,No internet service,Month-to-month,No,Bank transfer (automatic),47.37,1989.92,No
4171-CBARX,Male,0,No,No,54,Yes,No,DSL,Yes,No,No,Yes,No,No,One year,Yes,Mailed check,66.9,3631.92,Yes
1832-VHWAG,Female,0,No,Yes,44,No,No phone service,DSL,No,No,Yes,Yes,Yes,Yes,Month-to-month,Yes,Electronic check,71.04,3127.43,No
4866-GZPJX,Male,0,No,Yes,7,Yes,Yes,DSL,Yes,Yes,No,No,No,No,Two year,Yes,Credit card (automatic),73.01,510.35,No
9715-XTITW,Male,0,Yes,No,72,Yes,No,No,No internet service,No internet service,No internet service,No internet service,No internet service,No internet service,Month-to-month,Yes,Electronic check,41.12,2964.58,No
4941-KVEYE,Female,0,Yes,No,52,Yes,No,Fiber optic,No,No,Yes,Yes,No,No,Two year,Yes,Credit card (automatic),96.94,5072.6,No
7542-PDBGO,Female,0,No,No,3,Yes,No,DSL,No,No,No,Yes,Yes,Yes,Month-to-month,No,Mailed check,86.37,239.43,Yes
6127-AOFKX,Male,0,No,No,55,Yes,No,DSL,No,No,No,Yes,Yes,No,One year,No,Bank transfer (automatic),80.35,4432.68,No
7439-XRRWC,Male,0,No,No,64,Yes,Yes,Fiber optic,No,No,No,No,Yes,No,Month-to-month,Yes,Electronic check,94.22,6046.92,Yes
4976-XPGRC,Female,0,Yes,No,41,Yes,No,No,No internet service,No internet service,No internet service,No internet service,No internet service,No internet service,Two year,Yes,Electronic check,39.52,1617.04,No
8203-JKEGS,Female,0,No,No,60,Yes,Yes,Fiber optic,No,No,No,No,No,Yes,Month-to-month,Yes,Electronic check,89.41,5389.19,No
1624-IYPZZ,Male,0,No,Yes,64,Yes,No,Fiber optic,No,No,No,No,No,Yes,Two year,Yes,Mailed check,97.06,6230.63,No
2124-LYIAP,Female,0,No,Yes,70,Yes,Yes,Fiber optic,No,No,Yes,No,No,Yes,One year,Yes,Bank transfer (automatic),98.81,6933.44,Yes
4744-PKOCC,Female,0,Yes,No,69,Yes,No,DSL,No,Yes,No,No,Yes,No,One year,Yes,Mailed check,76.26,5236.51,No
1874-ARWJF,Male,0,No,Yes,14,Yes,Yes,Fiber optic,No,Yes,Yes,Yes,No,No,Month-to-month,Yes,Bank transfer (automatic),99.82,1386.77,No
7749-BBOAE,Female,0,No,No,2,Yes,No,Fiber optic,No,Yes,Yes,No,Yes,No,Month-to-month,Yes,Electronic check,105.95,198.55,Yes
3528-YMRIZ,Female,0,No,No,47,No,No phone service,Fiber optic,No,No,No,No,No,Yes,Two year,Yes,Credit card (automatic),70.64,3334.56,No
9060-VHIDR,Female,1,Yes,No,49,Yes,Yes,DSL,No,No,Yes,Yes,Yes,Yes,Two year,No,Bank transfer (automatic),91.63,4507.91,Yes
7903-LAGOO,Male,1,No,No,41,Yes,Yes,DSL,Yes,Yes,Yes,Yes,No,No,Month-to-month,Yes,Electronic check,94.69,3877.24,Yes
4610-YCAIX,Male,0,Yes,No,17,Yes,No,Fiber optic,Yes,No,Yes,No,Yes,Yes,Month-to-month,No,Mailed check,113.56,1925.53,No
9637-GNCJZ,Female,0,Yes,No,69,No,No phone service,Fiber optic,No,No,No,No,No,Yes,Month-to-month,No,Mailed check,74.99,5218.74,No
5223-CSZIP,Female,0,Yes,No,29,Yes,No,Fiber optic,No,No,Yes,No,No,No,Month-to-month,No,Credit card (automatic),83.47,2424.66,Yes
6997-WYQSA,Male,0,No,Yes,54,Yes,No,No,No internet service,No internet service,No internet service,No internet service,No internet service,No internet service,Month-to-month,No,Electronic check,50.25,2722.68,No
3801-TYTIE,Female,0,No,No,45,Yes,Yes,No,No internet service,No internet service,No internet service,No internet service,No internet service,No internet service,Two year,No,Bank transfer (automatic),37.77,1694.98,No
6365-CTJRA,Female,0,Yes,Yes,65,Yes,Yes,No,No internet service,No internet service,No internet service,No internet service,No internet service,No internet service,Month-to-month,Yes,Bank transfer (automatic),45.99,3016.01,No
3453-AHVJV,Male,0,Yes,Yes,51,Yes,No,Fiber optic,No,Yes,No,No,No,No,Two year,Yes,Credit card (automatic),89.1,4552.38,No
5629-MRLOJ,Female,0,Yes,No,46,Yes,Yes,No,No internet service,No internet service,No internet service,No internet service,No internet service,No internet service,Two year,Yes,Electronic check,35.64,1643.1,No
9882-DWQOI,Male,0,Yes,Yes,61,Yes,No,Fiber optic,No,No,Yes,No,No,Yes,Month-to-month,No,Bank transfer (automatic),102.35,6247.85,No
3241-HJCCO,Male,0,No,Yes,3,Yes,Yes,Fiber optic,Yes,No,No,No,No,No,Month-to-month,Yes,Mailed check,89.3,259.68,Yes
7993-ZJXTE,Male,0,Yes,Yes,51,Yes,No,Fiber optic,No,No,Yes,No,Yes,Yes,Month-to-month,Yes,Mailed check,111.41,5663.06,No
3173-MEMEJ,Male,0,Yes,No,42,Yes,No,DSL,Yes,No,No,Yes,No,Yes,Month-to-month,Yes,Mailed check,79.0,3318.17,No
4156-GCTAJ,Female,0,No,No,56,Yes,Yes,Fiber optic,No,Yes,No,No,Yes,Yes,One year,Yes,Electronic check,105.25,5925.11,Yes
7599-UKBTX,Male,1,Yes,Yes,16,Yes,Yes,Fiber optic,No,No,No,Yes,Yes,No,One year,No,Mailed check,100.76,1606.43,No
2619-TOIZS,Female,0,No,No,43,Yes,No,No,No internet service,No internet service,No internet service,No internet service,No internet service,No internet service,Month-to-month,No,Electronic check,35.78,1559.67,Yes
3041-PGHSJ,Male,0,No,Yes,20,Yes,No,Fiber optic,No,No,No,No,Yes,Yes,Two year,Yes,Credit card (automatic),106.52,2122.6,No
3739-OGNDF,Female,0,No,No,8,Yes,Yes,No,No internet service,No internet service,No internet service,No internet service,No internet service,No internet service,Month-to-month,No,Credit card (automatic),34.12,235.47,No
3823-WHYHR,Male,1,No,Yes,41,Yes,No,DSL,No,Yes,Yes,Yes,No,Yes,Month-to-month,No,Electronic check,90.66,3706.63,No
7988-PLSTF,Female,1,Yes,No,1,Yes,No,No,No internet service,No internet service,No internet service,No internet service,No internet service,No internet service,Two year,No,Electronic check,39.96,7.51,No
4453-HDAHB,Female,0,No,No,6,Yes,No,Fiber optic,No,No,Yes,No,No,Yes,Month-to-month,No,Mailed check,95.17,586.01,Yes
5231-HDDHK,Female,0,No,No,38,Yes,No,Fiber optic,No,Yes,No,No,Yes,No,Month-to-month,No,Bank transfer (automatic),97.42,3665.31,No
4687-HVWHZ,Male,0,Yes,No,65,Yes,No,Fiber optic,Yes,No,No,No,No,Yes,Month-to-month,No,Bank transfer (automatic),96.95,6303.42,No
3289-GGEIG,Male,0,No,No,52,Yes,No,No,No internet service,No internet service,No internet service,No internet service,No internet service,No internet service,Month-to-month,Yes,Electronic check,44.3,2288.61,No
1349-BBNRV,Male,1,No,No,1,Yes,Yes,DSL,No,No,No,Yes,No,Yes,Month-to-month,No,Mailed check,81.81,69.38,Yes
4993-IVTUX,Male,0,No,No,7,Yes,Yes,Fiber optic,No,No,Yes,Yes,No,No,One year,Yes,Electronic check,94.31,677.54,No
7852-AGPJH,Male,0,No,No,31,Yes,Yes,No,No internet service,No internet service,No internet service,No internet service,No internet service,No internet service,Month-to-month,No,Electronic check,42.03,1300.59,Yes
2264-PXBGA,Female,0,Yes,No,31,Yes,Yes,DSL,No,No,No,No,No,No,One year,No,Electronic check,61.09,1893.21,No
9373-CIUHJ,Male,0,No,Yes,2,Yes,Yes,Fiber optic,Yes,No,Yes,No,No,No,Month-to-month,Yes,Bank transfer (automatic),104.22,206.59,Yes
3897-WYGKG,Male,0,No,Yes,18,Yes,No,Fiber optic,Yes,Yes,Yes,No,Yes,No,Month-to-month,Yes,Bank transfer (automatic),105.88,1897.96,No
1982-DXXQT,Male,0,No,Yes,9,Yes,Yes,No,No internet service,No internet service,No internet service,No internet service,No internet service,No internet service,Two year,Yes,Electronic check,37.54,321.94,No
9448-BSUNU,Female,0,Yes,No,41,Yes,No,No,No internet service,No internet service,No internet service,No internet service,No internet service,No internet service,Two year,Yes,Electronic check,34.58,1384.46,No
3002-CGCXR,Female,0,No,No,48,Yes,Yes,DSL,No,No,No,Yes,No,No,One year,No,Electronic check,68.56,3298.56,No
2329-FBAAS,Female,1,No,Yes,28,Yes,Yes,Fiber optic,No,Yes,No,No,Yes,Yes,Month-to-month,Yes,Bank transfer (automatic),105.91,2971.51,Yes
9331-SCCQE,Male,0,Yes,No,41,No,No phone service,Fiber optic,No,No,Yes,No,Yes,No,Month-to-month,No,Electronic check,79.51,3282.81,Yes
1648-FTRQH,Male,1,No,No,14,Yes,Yes,Fiber optic,Yes,Yes,No,No,No,Yes,Two year,No,Bank transfer (automatic),107.99,1519.94,Yes
3860-HYMEH,Female,0,No,No,62,Yes,No,DSL,No,No,Yes,No,Yes,No,Two year,No,Bank transfer (automatic),78.56,4861.75,No
5997-QDAIP,Female,0,No,No,0,Yes,Yes,DSL,No,No,No,No,Yes,No,One year,No,Bank transfer (automatic),73.08, ,No
8531-DUATJ,Male,0,No,No,36,Yes,Yes,Fiber optic,No,No,Yes,Yes,Yes,No,Month-to-month,Yes,Electronic check,108.39,3913.52,No
1886-VSFRE,Male,0,Yes,Yes,23,Yes,No,DSL,Yes,No,Yes,No,Yes,No,Month-to-month,Yes,Mailed check,90.13,2095.04,Yes
9368-NYOLP,Male,0,No,No,32,Yes,Yes,Fiber optic,No,No,No,No,Yes,Yes,Month-to-month,Yes,Electronic check,104.63,3340.16,No
2740-QEPDD,Female,0,No,Yes,37,Yes,Yes,DSL,No,No,Yes,No,Yes,No,Month-to-month,Yes,Mailed check,73.01,2723.54,No
2287-NGFJM,Male,0,No,Yes,47,No,No phone service,No,No internet service,No internet service,No internet service,No internet service,No internet service,No internet service,Month-to-month,Yes,Electronic check,18.0,844.53,No
9236-DPOLU,Female,0,Yes,No,67,Yes,Yes,No,No internet service,No internet service,No internet service,No internet service,No internet service,No internet service,Month-to-month,Yes,Electronic check,36.56,2436.31,No
7648-XZWJE,Female,0,Yes,No,40,No,No phone service,Fiber optic,Yes,Yes,No,No,Yes,Yes,Month-to-month,No,Electronic check,99.36,3961.66,No
5720-LLAXJ,Female,1,No,No,16,Yes,Yes,No,No internet service,No internet service,No internet service,No internet service,No internet service,No internet service,One year,No,Bank transfer (automatic),37.86,600.09,No
5948-NYTFH,Female,1,Yes,Yes,38,No,No phone service,No,No internet service,No internet service,No internet service,No internet service,No internet service,No internet service,One year,Yes,Credit card (automatic),18.0,683.79,No
3675-KNWFR,Male,1,No,No,37,Yes,Yes,Fiber optic,Yes,No,No,No,No,Yes,One year,Yes,Credit card (automatic),98.77,3677.52,Yes
4450-OCMQN,Female,0,No,No,63,Yes,Yes,Fiber optic,No,Yes,Yes,No,Yes,No,Month-to-month,Yes,Bank transfer (automatic),103.86,6580.97,No
1206-HIBJP,Male,1,No,No,41,Yes,No,Fiber optic,No,No,No,No,No,No,Month-to-month,Yes,Credit card (automatic),81.16,3323.32,No
4620-WNZTC,Male,0,Yes,No,63,Yes,No,No,No internet service,No internet service,No internet service,No internet service,No internet service,No internet service,Two year,Yes,Mailed check,36.53,2273.78,No
6496-FJSWO,Male,1,No,No,47,Yes,No,Fiber optic,Yes,No,No,No,No,No,Month-to-month,No,Credit card (automatic),94.54,4431.59,No
5400-WRJFO,Male,0,Yes,No,41,Yes,No,Fiber optic,No,No,Yes,Yes,No,Yes,Two year,No,Electronic check,102.44,4194.06,No
1035-XXRHF,Male,0,No,No,23,Yes,Yes,Fiber optic,No,Yes,Yes,Yes,Yes,Yes,Month-to-month,No,Mailed check,118.92,2740.77,Yes
6939-UQDYC,Male,1,No,No,18,Yes,Yes,DSL,No,No,Yes,No,No,No,One year,No,Mailed check,70.66,1236.01,No
1343-IFMPR,Male,0,No,No,7,Yes,No,No,No internet service,No internet service,No internet service,No internet service,No internet service,No internet service,Month-to-month,Yes,Bank transfer (automatic),41.02,308.31,Yes
2954-UFQQT,Male,0,Yes,No,40,Yes,Yes,No,No internet service,No internet service,No internet service,No internet service,No internet service,No internet service,One year,Yes,Bank transfer (automatic),36.04,1423.66,No
7352-ZFAAW,Male,0,Yes,No,67,Yes,No,DSL,Yes,No,No,No,Yes,Yes,Two year,Yes,Bank transfer (automatic),92.01,6170.85,No
8354-OWKIE,Male,0,No,Yes,0,Yes,No,DSL,No,No,No,Yes,No,No,Month-to-month,Yes,Electronic check,67.57, ,No
4555-ZVPSQ,Female,0,No,No,69,Yes,No,No,No internet service,No internet service,No internet service,No internet service,No internet service,No internet service,One year,Yes,Credit card (automatic),37.04,2542.44,No
2020-EAVPM,Male,1,No,Yes,62,Yes,Yes,DSL,No,Yes,No,No,Yes,Yes,Two year,No,Electronic check,92.43,5757.52,No
3884-CCBWZ,Male,1,No,No,31,Yes,Yes,Fiber optic,Yes,No,No,Yes,Yes,Yes,Two year,Yes,Electronic check,114.74,3547.99,No
1779-AAWZD,Male,1,No,Yes,22,Yes,Yes,Fiber optic,Yes,No,No,No,Yes,No,Month-to-month,No,Mailed check,101.8,2220.54,Yes
8552-SPFRN,Male,0,Yes,No,42,No,No phone service,Fiber optic,No,No,No,No,No,Yes,Month-to-month,Yes,Electronic check,75.33,3174.55,Yes
4849-AGVIG,Female,0,No,No,62,Yes,Yes,DSL,Yes,No,No,Yes,Yes,Yes,Two year,No,Bank transfer (automatic),93.78,5832.0,No
9176-UYWBM,Female,0,No,Yes,2,Yes,Yes,DSL,Yes,Yes,No,Yes,Yes,Yes,One year,Yes,Electronic check,97.83,191.74,No
2565-ZOQWF,Female,0,No,No,32,Yes,No,Fiber optic,No,No,No,No,Yes,Yes,Two year,No,Bank transfer (automatic),101.65,3256.51,No
3434-LSHGT,Female,0,Yes,No,3,Yes,Yes,Fiber optic,No,Yes,No,No,No,No,Month-to-month,Yes,Credit card (automatic),90.22,289.94,Yes
1539-VWCQF,Male,0,No,Yes,47,No,No phone service,No,No internet service,No internet service,No internet service,No internet service,No internet service,No internet service,Two year,Yes,Bank transfer (automatic),22.02,1030.78,No
2825-BSSGQ,Female,1,Yes,Yes,5,No,No phone service,No,No internet service,No internet service,No internet service,No internet service,No internet service,No internet service,Two year,Yes,Bank transfer (automatic),27.52,132.71,No
1107-GJQRL,Male,0,No,No,23,Yes,Yes,No,No internet service,No internet service,No internet service,No internet service,No internet service,No internet service,Two year,Yes,Mailed check,41.82,977.64,No
3996-SLVNE,Female,0,No,No,53,Yes,Yes,Fiber optic,Yes,No,No,No,No,No,One year,Yes,Electronic check,93.38,4946.21,No
8474-QVPVK,Male,0,No,No,54,Yes,No,Fiber optic,No,Yes,No,No,No,No,Month-to-month,Yes,Mailed check,95.92,5164.26,Yes
3796-JUZHB,Female,0,Yes,No,16,Yes,Yes,DSL,No,No,No,No,No,No,One year,No,Mailed check,69.21,1107.33,No
1456-RPWYX,Male,0,Yes,No,37,Yes,Yes,Fiber optic,No,No,Yes,Yes,No,Yes,One year,No,Mailed check,112.65,4148.85,No
7887-SPKBB,Female,0,Yes,No,13,No,No phone service,Fiber optic,No,Yes,No,No,Yes,Yes,Month-to-month,Yes,Bank transfer (automatic),86.54,1123.72,Yes
1647-RRTLI,Male,0,Yes,No,43,Yes,No,No,No internet service,No internet service,No internet service,No internet service,No internet service,No internet service,Month-to-month,Yes,Mailed check,34.14,1487.42,No
7138-LYEBE,Female,0,Yes,No,0,Yes,Yes,Fiber optic,Yes,No,No,No,No,No,Two year,Yes,Credit card (automatic),86.91, ,No
7647-UHGIQ,Female,1,No,No,59,Yes,Yes,DSL,No,Yes,No,Yes,No,Yes,Month-to-month,Yes,Bank transfer (automatic),84.95,5011.2,No
3293-IIMDP,Female,0,Yes,No,1,Yes,Yes,Fiber optic,No,Yes,Yes,No,No,No,Month-to-month,Yes,Bank transfer (automatic),96.03,107.99,Yes
9841-UQIUE,Male,0,Yes,No,44,Yes,No,Fiber optic,No,No,No,No,No,Yes,One year,No,Credit card (automatic),91.49,4024.41,No
1715-KOTRD,Male,0,No,No,29,Yes,No,No,No internet service,No internet service,No internet service,No internet service,No internet service,No internet service,Two year,Yes,Mailed check,47.0,1390.9,No
6814-BHFSZ,Female,0,Yes,No,16,Yes,No,Fiber optic,Yes,Yes,Yes,Yes,No,No,One year,Yes,Credit card (automatic),107.38,1719.26,No
1269-GSSHZ,Male,0,Yes,No,39,Yes,No,Fiber optic,No,Yes,No,No,No,No,Month-to-month,No,Mailed check,89.17,3485.48,No
1692-LAHIO,Male,0,No,No,10,Yes,No,DSL,Yes,No,No,Yes,No,No,Month-to-month,No,Electronic check,73.38,761.54,No
6689-XUHQT,Male,1,Yes,No,42,Yes,Yes,No,No internet service,No internet service,No internet service,No internet service,No internet service,No internet service,Month-to-month,Yes,Credit card (automatic),47.38,2000.34,Yes
1835-KUKWD,Male,0,Yes,No,47,Yes,No,Fiber optic,No,Yes,Yes,Yes,No,Yes,Month-to-month,Yes,Credit card (automatic),104.66,4918.74,No
1391-OVBNQ,Male,0,No,Yes,33,Yes,No,Fiber optic,Yes,No,No,Yes,Yes,No,Two year,No,Mailed check,106.24,3497.35,No
7930-WBHZM,Male,0,Yes,No,26,Yes,Yes,Fiber optic,No,No,No,No,No,No,Month-to-month,No,Bank transfer (automatic),87.65,2275.9,No
6141-KTSKV,Female,0,Yes,No,33,Yes,No,No,No internet service,No internet service,No internet service,No internet service,No internet service,No internet service,Month-to-month,No,Credit card (automatic),43.96,1457.6,No
5154-JXRQB,Female,0,Yes,No,69,Yes,Yes,Fiber optic,Yes,No,No,No,Yes,No,Two year,Yes,Electronic check,101.68,7000.54,No
9821-PPMMB,Male,1,Yes,No,54,Yes,Yes,DSL,No,No,No,No,No,No,Month-to-month,No,Bank transfer (automatic),61.4,3341.99,No
7857-WKLDV,Male,0,No,Yes,0,Yes,Yes,Fiber optic,No,No,No,No,Yes,Yes,Month-to-month,Yes,Mailed check,104.33, ,Yes
7386-LZICL,Male,0,Yes,No,21,Yes,Yes,DSL,No,Yes,No,No,Yes,No,Month-to-month,Yes,Credit card (automatic),81.74,1716.79,No
8046-IWDMO,Female,0,Yes,Yes,1,Yes,No,No,No internet service,No internet service,No internet service,No internet service,No internet service,No internet service,Month-to-month,Yes,Electronic check,40.5,6.33,No
9152-BZALM,Male,0,Yes,Yes,17,Yes,No,No,No internet service,No internet service,No internet service,No internet service,No internet service,No internet service,Month-to-month,Yes,Bank transfer (automatic),43.57,756.28,Yes
6194-RGXMH,Female,1,No,Yes,56,Yes,Yes,Fiber optic,No,No,Yes,No,No,No,Two year,Yes,Bank transfer (automatic),88.15,4938.6,No
8932-OHXIC,Female,0,Yes,No,62,Yes,No,DSL,No,No,Yes,Yes,No,No,Two year,Yes,Electronic check,77.62,4825.86,No
5376-IGESQ,Female,0,No,No,33,Yes,No,No,No internet service,No internet service,No internet service,No internet service,No internet service,No internet service,Two year,No,Credit card (automatic),42.88,1414.45,No
3702-ZYRFX,Male,0,Yes,No,50,Yes,Yes,No,No internet service,No internet service,No internet service,No internet service,No internet service,No internet service,One year,No,Mailed check,40.4,2039.07,No
8655-SUQQI,Female,0,No,No,27,Yes,No,Fiber optic,No,No,No,No,No,Yes,Month-to-month,No,Electronic check,96.39,2588.25,Yes
8144-SZCFA,Female,0,Yes,No,34,Yes,No,Fiber optic,No,No,No,No,No,No,Two year,No,Bank transfer (automatic),86.28,2941.96,No
1459-RGXPS,Female,0,Yes,Yes,60,Yes,Yes,DSL,No,No,Yes,No,No,Yes,Month-to-month,Yes,Electronic check,77.06,4630.08,Yes
2843-FWVDN,Female,0,No,No,20,Yes,No,Fiber optic,No,Yes,No,No,Yes,No,Month-to-month,Yes,Credit card (automatic),99.96,2007.35,No
5457-ETQLD,Female,0,Yes,Yes,23,Yes,No,No,No internet service,No internet service,No internet service,No internet service,No internet service,No internet service,Month-to-month,Yes,Mailed check,40.49,947.05,No
8441-GWTCZ,Male,1,No,Yes,9,Yes,No,Fiber optic,No,No,Yes,No,No,No,Month-to-month,No,Credit card (automatic),90.33,831.49,Yes
5928-JXFPD,Female,0,No,Yes,15,No,No phone service,DSL,No,Yes,Yes,No,Yes,No,Month-to-month,Yes,Bank transfer (automatic),61.45,899.17,No
6896-OYAMS,Female,0,No,No,2,Yes,No,Fiber optic,Yes,No,No,No,No,Yes,Month-to-month,No,Credit card (automatic),102.38,220.8,Yes
5121-PJRBJ,Male,0,Yes,No,59,Yes,No,Fiber optic,No,No,No,No,No,Yes,Month-to-month,Yes,Mailed check,93.05,5493.73,No
6360-CYZHV,Male,0,No,No,62,Yes,Yes,DSL,No,No,No,No,No,Yes,Month-to-month,No,Electronic check,80.71,5000.23,No
8645-OUESZ,Female,0,Yes,No,30,Yes,No,No,No internet service,No internet service,No internet service,No internet service,No internet service,No internet service,Month-to-month,No,Electronic check,38.65,1165.25,No
6540-ILXLF,Male,0,No,No,43,Yes,No,DSL,Yes,Yes,No,No,Yes,Yes,One year,Yes,Electronic check,95.96,4131.14,No
7487-HFIFK,Male,0,No,No,18,Yes,Yes,DSL,No,Yes,No,Yes,No,Yes,Month-to-month,No,Credit card (automatic),81.53,1469.56,Yes
9467-XJYDC,Female,0,No,Yes,3,Yes,No,No,No internet service,No internet service,No internet service,No internet service,No internet service,No internet service,One year,Yes,Credit card (automatic),40.68,86.87,No
7989-VEKKP,Female,0,No,No,37,Yes,No,DSL,Yes,Yes,Yes,No,Yes,No,Month-to-month,Yes,Electronic check,86.32,3196.68,No
2962-ECDVM,Female,0,No,Yes,11,Yes,No,Fiber optic,No,No,No,No,Yes,No,Month-to-month,Yes,Electronic check,93.12,1020.38,Yes
9562-SNXLZ,Male,0,No,Yes,61,Yes,Yes,Fiber optic,No,No,No,Yes,No,No,One year,Yes,Electronic check,90.85,5548.8,No
5309-VOVBD,Male,0,Yes,No,20,Yes,Yes,DSL,No,Yes,Yes,No,Yes,No,One year,No,Mailed check,80.39,1606.76,No
5878-LVSWN,Female,0,No,Yes,53,Yes,No,Fiber optic,Yes,No,Yes,Yes,No,Yes,Month-to-month,Yes,Mailed check,114.05,6087.21,No
1813-FBFBO,Female,0,Yes,Yes,19,Yes,No,Fiber optic,No,No,No,No,No,No,Month-to-month,Yes,Credit card (automatic),79.52,1506.93,Yes
1678-WAHVH,Male,1,Yes,No,9,Yes,Yes,No,No internet service,No internet service,No internet service,No internet service,No internet service,No internet service,Two year,Yes,Mailed check,41.02,338.69,No
5370-YCHRC,Male,0,No,No,40,Yes,Yes,No,No internet service,No internet service,No internet service,No internet service,No internet service,No internet service,Month-to-month,No,Bank transfer (automatic),48.4,1934.06,No
8471-KASNZ,Male,0,Yes,No,13,Yes,No,DSL,No,No,No,No,Yes,Yes,Month-to-month,Yes,Credit card (automatic),85.65,1104.56,Yes
6793-JRATJ,Female,0,No,Yes,29,Yes,Yes,Fiber optic,No,Yes,Yes,Yes,No,Yes,Month-to-month,Yes,Electronic check,118.22,3432.55,No
5072-OSFEQ,Male,0,Yes,No,21,Yes,No,Fiber optic,No,Yes,No,No,No,Yes,Two year,No,Credit card (automatic),102.93,2152.54,No
8188-EFZHE,Female,0,Yes,No,64,Yes,No,DSL,No,Yes,No,Yes,No,No,Month-to-month,No,Bank transfer (automatic),75.94,4872.85,No
6549-SLTFO,Male,0,No,No,36,Yes,Yes,DSL,No,Yes,Yes,No,No,No,Two year,No,Credit card (automatic),73.35,2640.34,No
5695-GAKLT,Female,0,Yes,No,52,Yes,No,Fiber optic,No,Yes,Yes,No,No,Yes,One year,Yes,Credit card (automatic),105.88,5512.85,No
2822-KKKFN,Male,1,No,No,42,Yes,No,Fiber optic,No,No,No,No,Yes,No,One year,No,Mailed check,95.15,4025.76,No
9571-QYVXX,Female,0,No,No,66,Yes,Yes,No,No internet service,No internet service,No internet service,No internet service,No internet service,No internet service,Month-to-month,Yes,Bank transfer (automatic),37.83,2498.13,No
7899-AHUGR,Female,0,No,No,32,Yes,Yes,DSL,Yes,No,No,No,No,No,One year,No,Credit card (automatic),72.34,2288.21,No
8480-YOJXX,Male,1,Yes,Yes,62,Yes,No,DSL,Yes,Yes,Yes,Yes,Yes,No,Month-to-month,Yes,Credit card (automatic),90.95,5629.31,No
4653-CYKMK,Male,1,No,Yes,65,Yes,No,No,No internet service,No internet service,No internet service,No internet service,No internet service,No internet service,Month-to-month,Yes,Bank transfer (automatic),39.96,2569.85,No
1510-BDJOH,Female,0,Yes,No,67,Yes,No,No,No internet service,No internet service,No internet service,No internet service,No internet service,No internet service,Month-to-month,No,Electronic check,41.8,2788.81,No
3001-VQOKB,Female,0,Yes,No,50,Yes,No,Fiber optic,No,No,No,No,Yes,Yes,One year,Yes,Mailed check,106.7,5264.71,No
2178-LSHUF,Female,0,Yes,No,71,Yes,Yes,Fiber optic,No,No,No,No,Yes,Yes,Two year,Yes,Credit card (automatic),107.31,7635.79,No
8010-MGIGM,Female,0,Yes,No,54,Yes,No,No,No internet service,No internet service,No internet service,No internet service,No internet service,No internet service,Two year,No,Electronic check,40.1,2135.71,No
6196-LBGCE,Female,0,No,No,22,Yes,No,DSL,No,Yes,No,Yes,Yes,Yes,Month-to-month,No,Credit card (automatic),89.69,1987.61,No
9865-QOQDF,Female,0,Yes,No,11,Yes,Yes,Fiber optic,No,Yes,No,Yes,No,Yes,Two year,Yes,Bank transfer (automatic),102.54,1115.11,No
6200-CDUMU,Male,1,Yes,No,15,Yes,Yes,Fiber optic,Yes,Yes,Yes,No,No,No,Two year,No,Credit card (automatic),96.41,1440.74,No
8591-OXODD,Female,0,No,Yes,41,No,No phone service,Fiber optic,Yes,No,Yes,No,Yes,Yes,Two year,No,Mailed check,94.57,3909.9,No
9745-VRJXF,Male,0,No,No,12,Yes,Yes,No,No internet service,No internet service,No internet service,No internet service,No internet service,No internet service,One year,No,Electronic check,35.64,421.42,No
5347-LEDRG,Male,0,Yes,Yes,17,Yes,No,No,No internet service,No internet service,No internet service,No internet service,No internet service,No internet service,Month-to-month,Yes,Credit card (automatic),40.13,662.76,No
7780-KXFKG,Male,0,Yes,No,45,Yes,No,Fiber optic,No,No,No,No,No,Yes,Two year,No,Bank transfer (automatic),88.61,3977.43,No
4448-MTSCM,Male,1,Yes,No,24,Yes,No,DSL,No,Yes,No,No,No,Yes,One year,Yes,Bank transfer (automatic),77.64,1838.48,Yes
2427-ZCCGN,Male,0,No,No,49,Yes,Yes,No,No internet service,No internet service,No internet service,No internet service,No internet service,No internet service,One year,Yes,Credit card (automatic),39.64,1959.36,No
6146-KTFGA,Female,0,No,Yes,72,No,No phone service,Fiber optic,No,Yes,No,No,No,No,Month-to-month,Yes,Mailed check,71.86,5184.93,No
6254-AUSSP,Male,0,No,No,6,Yes,Yes,DSL,Yes,Yes,No,Yes,Yes,Yes,Month-to-month,Yes,Electronic check,92.35,548.09,No
9219-QUGHP,Male,0,No,Yes,46,Yes,No,Fiber optic,Yes,Yes,Yes,Yes,Yes,Yes,Month-to-month,Yes,Electronic check,120.0,5535.36,Yes
7549-IMYQA,Male,0,Yes,Yes,59,Yes,No,Fiber optic,No,No,No,Yes,Yes,Yes,Month-to-month,Yes,Bank transfer (automatic),110.74,6545.62,Yes
1627-ZTZWZ,Female,0,No,No,10,Yes,No,DSL,No,No,No,No,Yes,No,Month-to-month,Yes,Bank transfer (automatic),74.08,735.27,Yes
6108-WGJPX,Female,0,Yes,No,57,Yes,Yes,DSL,No,No,Yes,Yes,No,No,Two year,No,Mailed check,74.85,4271.32,No
2407-GJIRZ,Female,0,Yes,No,37,Yes,Yes,No,No internet service,No internet service,No internet service,No internet service,No internet service,No internet service,Month-to-month,Yes,Bank transfer (automatic),41.44,1528.51,No
5793-GDHAU,Male,0,Yes,No,45,No,No phone service,No,No internet service,No internet service,No internet service,No internet service,No internet service,No internet service,Month-to-month,No,Bank transfer (automatic),18.18,804.89,No
1947-UNIRV,Female,0,Yes,No,3,Yes,Yes,Fiber optic,Yes,No,Yes,No,No,No,Month-to-month,Yes,Electronic check,100.38,250.06,Yes
5832-OAQYW,Female,0,No,No,31,Yes,No,DSL,Yes,Yes,Yes,Yes,No,No,Month-to-month,Yes,Mailed check,92.23,2853.36,No
4108-KWDDW,Male,0,Yes,Yes,26,Yes,Yes,Fiber optic,Yes,Yes,Yes,No,No,No,Month-to-month,No,Credit card (automatic),103.08,2679.76,Yes
2855-OQYXP,Female,0,Yes,No,11,Yes,Yes,Fiber optic,No,No,No,No,No,Yes,One year,Yes,Electronic check,94.71,1013.73,Yes
9273-CLIYU,Male,0,Yes,No,55,Yes,No,DSL,No,No,Yes,Yes,No,No,Two year,Yes,Bank transfer (automatic),71.59,3954.05,No
4146-HVVOX,Female,0,No,Yes,36,Yes,Yes,Fiber optic,No,No,No,No,Yes,Yes,Month-to-month,No,Mailed check,106.22,3819.16,No
4613-LPVMG,Female,0,No,No,64,Yes,No,DSL,No,No,No,Yes,No,No,Month-to-month,Yes,Bank transfer (automatic),71.3,4571.32,No
9432-KZTAE,Male,0,No,No,11,Yes,No,No,No internet service,No internet service,No internet service,No internet service,No internet service,No internet service,Two year,Yes,Credit card (automatic),39.5,439.66,No
1315-IKILY,Female,1,No,No,53,No,No phone service,No,No internet service,No internet service,No internet service,No internet service,No internet service,No internet service,Month-to-month,Yes,Credit card (automatic),19.76,1044.73,No
3408-MTIUI,Male,0,No,Yes,44,Yes,Yes,No,No internet service,No internet service,No internet service,No internet service,No internet service,No internet service,One year,Yes,Credit card (automatic),40.49,1769.69,No
8024-JEHMH,Male,0,Yes,Yes,47,Yes,Yes,DSL,Yes,No,Yes,No,No,No,One year,Yes,Mailed check,70.31,3289.9,No
1307-LIRVG,Female,0,Yes,No,22,Yes,No,Fiber optic,Yes,No,Yes,Yes,Yes,No,Two year,Yes,Electronic check,113.13,2454.5,No
8725-PKTEF,Female,0,Yes,No,50,Yes,No,Fiber optic,Yes,No,Yes,Yes,No,No,Month-to-month,No,Bank transfer (automatic),98.09,4933.32,No
4416-SPQII,Female,0,Yes,No,18,Yes,No,Fiber optic,Yes,No,No,No,No,No,Two year,No,Bank transfer (automatic),90.61,1637.03,No
1176-PJZQN,Female,0,No,Yes,55,Yes,No,Fiber optic,No,Yes,No,No,Yes,No,Two year,Yes,Electronic check,97.36,5334.91,No
8058-VESAT,Male,0,Yes,No,32,No,No phone service,No,No internet service,No internet service,No internet service,No internet service,No internet service,No internet service,Month-to-month,No,Bank transfer (automatic),24.41,791.93,No
2126-CKXGE,Female,0,Yes,No,35,Yes,No,No,No internet service,No internet service,No internet service,No internet service,No internet service,No internet service,Month-to-month,No,Bank transfer (automatic),34.98,1200.6,No
3601-IERFI,Female,0,No,Yes,42,Yes,No,DSL,Yes,Yes,No,No,Yes,Yes,Month-to-month,Yes,Mailed check,92.34,3889.81,No
6130-LGKYX,Female,0,Yes,Yes,6,Yes,Yes,Fiber optic,Yes,No,Yes,No,No,No,Month-to-month,No,Credit card (automatic),96.58,587.61,Yes
4100-IEEPD,Female,0,Yes,Yes,26,Yes,Yes,DSL,No,No,No,No,No,Yes,Two year,Yes,Credit card (automatic),72.26,1865.26,No
8401-CFXVT,Female,1,Yes,Yes,14,Yes,No,Fiber optic,No,Yes,No,Yes,No,No,Month-to-month,Yes,Electronic check,91.78,1252.73,No
8871-PQUOP,Female,0,No,Yes,70,Yes,Yes,Fiber optic,Yes,No,No,No,Yes,Yes,Month-to-month,Yes,Electronic check,114.08,7975.07,Yes
5563-XQGNQ,Male,0,Yes,Yes,30,Yes,No,No,No internet service,No internet service,No internet service,No internet service,No internet service,No internet service,Month-to-month,No,Electronic check,38.55,1157.99,No
3529-VCBOD,Male,0,Yes,Yes,0,Yes,No,No,No internet service,No internet service,No internet service,No internet service,No internet service,No internet service,One year,No,Credit card (automatic),38.0, ,No
4742-UTAUV,Male,0,Yes,No,1,Yes,Yes,DSL,Yes,No,No,Yes,No,No,Two year,Yes,Electronic check,67.35,52.9,No
4294-PAPBO,Female,0,No,No,66,Yes,No,No,No internet service,No internet service,No internet service,No internet service,No internet service,No internet service,One year,Yes,Mailed check,37.94,2529.58,No
2676-UGSLG,Female,0,Yes,No,11,Yes,No,Fiber optic,Yes,No,Yes,Yes,No,No,One year,Yes,Electronic check,101.45,1113.94,No
1112-USSAW,Male,0,Yes,No,0,Yes,Yes,Fiber optic,Yes,Yes,No,Yes,No,No,Month-to-month,No,Bank transfer (automatic),104.71, ,Yes
6831-VSIMO,Female,0,No,Yes,15,Yes,No,Fiber optic,No,No,No,No,Yes,No,One year,Yes,Mailed check,93.87,1416.23,No
1394-TMJMZ,Female,0,No,No,15,Yes,No,DSL,No,No,Yes,No,Yes,No,Month-to-month,Yes,Electronic check,85.34,1275.7,No
4650-PIWUQ,Male,0,Yes,No,5,No,No phone service,DSL,Yes,Yes,Yes,No,No,No,Month-to-month,Yes,Bank transfer (automatic),60.0,281.46,No
9498-BFTAG,Male,1,Yes,No,72,Yes,No,DSL,No,Yes,No,No,Yes,Yes,One year,Yes,Mailed check,88.9,6377.37,No
1589-UCGEC,Female,0,Yes,Yes,4,Yes,Yes,Fiber optic,Yes,No,No,Yes,No,No,Two year,Yes,Mailed check,93.94,378.24,No
1894-SUKOA,Male,0,No,Yes,53,Yes,No,DSL,No,No,No,Yes,Yes,No,One year,No,Credit card (automatic),78.93,4173.12,No
3381-XSOXP,Female,0,Yes,No,61,Yes,No,Fiber optic,Yes,Yes,No,No,Yes,No,One year,No,Electronic check,106.13,6466.96,No
9211-JRJED,Female,0,No,Yes,47,Yes,Yes,No,No internet service,No internet service,No internet service,No internet service,No internet service,No internet service,Month-to-month,Yes,Credit card (automatic),33.3,1568.31,No
2058-CMNTR,Female,1,No,Yes,9,Yes,Yes,Fiber optic,Yes,Yes,No,No,No,No,Month-to-month,No,Credit card (automatic),95.84,848.4,No
2074-OQZCS,Male,0,No,Yes,53,Yes,No,DSL,No,Yes,Yes,Yes,Yes,No,Month-to-month,Yes,Electronic check,82.39,4383.4,No
5120-WIAQB,Female,0,Yes,No,24,Yes,Yes,Fiber optic,Yes,Yes,No,No,Yes,Yes,One year,Yes,Mailed check,120.0,2885.07,Yes
5301-DCRFX,Male,0,No,No,29,Yes,No,DSL,Yes,No,Yes,No,No,Yes,One year,Yes,Electronic check,86.67,2501.16,No
9658-FFWGF,Male,0,No,Yes,18,Yes,Yes,Fiber optic,No,Yes,No,Yes,Yes,No,One year,Yes,Bank transfer (automatic),102.04,1840.93,No
3653-RZBEI,Male,0,No,No,57,Yes,No,DSL,No,No,No,No,No,Yes,Month-to-month,Yes,Electronic check,72.16,4066.93,Yes
6658-NZPMI,Male,1,Yes,No,42,Yes,No,DSL,No,No,No,No,Yes,Yes,Month-to-month,No,Electronic check,79.41,3342.61,No
3767-LDCRK,Male,0,No,Yes,11,Yes,Yes,No,No internet service,No internet service,No internet service,No internet service,No internet service,No internet service,Month-to-month,No,Bank transfer (automatic),33.41,374.57,No
1362-JXAXO,Female,0,No,No,29,Yes,No,DSL,Yes,Yes,Yes,No,Yes,Yes,One year,No,Bank transfer (automatic),93.99,2684.27,No
1416-ZSNMB,Male,0,No,Yes,57,Yes,Yes,DSL,No,No,No,Yes,Yes,No,Two year,No,Bank transfer (automatic),82.6,4670.78,No
8040-BMUDQ,Female,0,No,No,68,Yes,No,DSL,No,No,No,Yes,Yes,No,Month-to-month,Yes,Mailed check,82.79,5623.21,No
2665-QWVSD,Male,1,No,No,68,No,No phone service,Fiber optic,Yes,No,Yes,No,No,Yes,One year,Yes,Bank transfer (automatic),88.95,6035.65,Yes
6180-ZWQTZ,Male,0,Yes,No,9,No,No phone service,No,No internet service,No internet service,No internet service,No internet service,No internet service,No internet service,One year,No,Bank transfer (automatic),22.7,202.95,No
9547-OIVLO,Female,0,No,No,62,Yes,No,DSL,No,Yes,No,No,No,Yes,Month-to-month,Yes,Credit card (automatic),79.56,4933.6,No
1084-GBXSM,Female,0,No,Yes,41,Yes,No,DSL,No,Yes,No,Yes,No,No,Month-to-month,Yes,Bank transfer (automatic),75.71,3134.53,Yes
5560-IRWUL,Female,0,No,No,53,Yes,Yes,No,No internet service,No internet service,No internet service,No internet service,No internet service,No internet service,Month-to-month,No,Bank transfer (automatic),37.01,1954.16,No
7721-IGTQJ,Female,0,Yes,No,28,Yes,No,DSL,No,No,No,No,No,No,Two year,No,Bank transfer (automatic),65.37,1842.33,No
1972-JGWRT,Male,0,Yes,No,47,Yes,No,DSL,No,No,No,No,No,No,Month-to-month,Yes,Electronic check,63.81,2989.46,No
8219-FDCJL,Male,0,No,No,18,Yes,Yes,DSL,Yes,Yes,No,Yes,No,Yes,Month-to-month,No,Bank transfer (automatic),88.69,1604.01,Yes
4178-MHFJZ,Female,0,No,Yes,38,Yes,No,No,No internet service,No internet service,No internet service,No internet service,No internet service,No internet service,Month-to-month,Yes,Credit card (automatic),35.39,1336.33,Yes
3135-HFDKD,Female,0,Yes,Yes,16,Yes,Yes,Fiber optic,No,No,Yes,Yes,No,No,One year,No,Credit card (automatic),98.58,1550.74,Yes
6733-CWIIE,Male,0,Yes,Yes,28,Yes,No,Fiber optic,No,Yes,No,No,No,Yes,Month-to-month,No,Electronic check,101.31,2824.19,Yes
5530-RFQWC,Male,0,No,No,29,Yes,No,Fiber optic,No,Yes,No,No,No,No,Two year,Yes,Mailed check,82.83,2409.46,No
7331-VZTOK,Female,0,No,No,63,Yes,No,Fiber optic,No,No,Yes,Yes,No,No,Month-to-month,No,Electronic check,90.53,5680.0,No
9875-JWEFL,Female,0,Yes,No,45,Yes,Yes,Fiber optic,No,No,No,No,Yes,Yes,Two year,Yes,Bank transfer (automatic),110.42,4970.27,No
5286-LJKZD,Male,0,Yes,Yes,47,Yes,No,No,No internet service,No internet service,No internet service,No internet service,No internet service,No internet service,One year,No,Mailed check,41.88,1974.57,No
8723-DPWJD,Male,0,Yes,Yes,20,Yes,Yes,Fiber optic,No,Yes,No,No,No,Yes,Month-to-month,Yes,Credit card (automatic),102.41,2054.73,Yes
6649-WCQZR,Female,0,Yes,Yes,31,Yes,No,No,No internet service,No internet service,No internet service,No internet service,No internet service,No internet service,One year,No,Electronic check,44.7,1400.29,No
6292-JQDOL,Male,0,No,No,34,Yes,No,DSL,No,No,Yes,No,Yes,Yes,One year,No,Bank transfer (automatic),86.38,2977.37,Yes
8131-QKMFX,Male,0,No,No,57,Yes,Yes,Fiber optic,No,No,Yes,Yes,No,Yes,Month-to-month,Yes,Mailed check,104.39,5924.53,No
7050-DLSNN,Male,0,No,No,13,No,No phone service,Fiber optic,No,No,No,No,No,No,One year,Yes,Bank transfer (automatic),66.13,851.86,No
3620-PMEOQ,Female,0,No,No,3,Yes,Yes,DSL,No,No,No,No,Yes,Yes,One year,No,Credit card (automatic),81.06,241.81,Yes
7492-NLZEQ,Male,0,Yes,No,36,Yes,Yes,DSL,Yes,No,Yes,No,Yes,Yes,One year,Yes,Credit card (automatic),92.4,3316.09,No
5813-NKFFE,Male,0,Yes,Yes,59,Yes,No,DSL,No,No,No,Yes,No,No,One year,Yes,Electronic check,63.68,3780.28,No
1250-MISSD,Male,0,Yes,Yes,53,Yes,No,DSL,Yes,No,Yes,No,Yes,No,One year,Yes,Credit card (automatic),90.9,4842.37,No
6627-XXWPA,Female,1,Yes,Yes,59,Yes,No,No,No internet service,No internet service,No internet service,No internet service,No internet service,No internet service,Month-to-month,Yes,Credit card (automatic),42.67,2562.08,No
6800-URYKQ,Male,0,No,Yes,28,Yes,No,DSL,Yes,No,No,Yes,No,Yes,Month-to-month,No,Bank transfer (automatic),87.64,2450.89,Yes
5155-RMEFN,Male,0,Yes,No,16,Yes,No,Fiber optic,No,No,No,No,Yes,Yes,Month-to-month,Yes,Electronic check,98.09,1546.25,Yes
1262-LCHBM,Male,0,No,No,48,Yes,No,DSL,No,No,Yes,Yes,No,Yes,One year,Yes,Electronic check,88.63,4249.45,No
8813-AUGSI,Female,0,Yes,No,2,Yes,No,Fiber optic,Yes,No,No,No,No,Yes,Month-to-month,No,Electronic check,96.67,173.81,No
3418-EOEKO,Female,0,Yes,No,65,Yes,No,DSL,Yes,No,Yes,No,No,Yes,Month-to-month,Yes,Credit card (automatic),86.51,5639.57,No
1204-YZNDT,Female,0,Yes,No,52,Yes,Yes,DSL,No,No,No,No,No,No,Two year,No,Mailed check,63.95,3340.31,No
7856-IYZAJ,Male,0,No,No,36,Yes,No,Fiber optic,No,No,No,No,No,No,Month-to-month,Yes,Credit card (automatic),82.99,3002.9,Yes
4782-YDWHV,Female,0,No,No,14,Yes,No,DSL,No,No,Yes,No,Yes,Yes,Month-to-month,No,Bank transfer (automatic),91.45,1321.94,Yes
3084-YVWEY,Male,0,No,No,18,Yes,Yes,Fiber optic,No,No,No,No,Yes,Yes,Two year,Yes,Mailed check,102.15,1838.86,No
3843-MEGJR,Female,1,Yes,Yes,72,Yes,No,Fiber optic,No,No,No,No,No,Yes,One year,No,Electronic check,96.55,6938.62,No
4118-LCCXW,Male,0,No,No,1,Yes,No,No,No internet service,No internet service,No internet service,No internet service,No internet service,No internet service,Two year,Yes,Mailed check,34.02,33.0,No
1201-ASISA,Female,0,No,No,0,Yes,Yes,Fiber optic,Yes,No,No,No,No,Yes,Month-to-month,No,Electronic check,102.16, ,Yes
9165-JZCOT,Female,0,Yes,Yes,25,Yes,Yes,Fiber optic,Yes,No,No,No,No,No,One year,Yes,Mailed check,89.25,2217.33,No
7352-RWAJE,Male,0,Yes,Yes,16,Yes,No,Fiber optic,No,Yes,No,No,No,No,Two year,Yes,Electronic check,88.74,1420.0,No
5375-DUULP,Female,0,Yes,No,49,Yes,No,Fiber optic,No,Yes,Yes,No,Yes,Yes,Month-to-month,Yes,Bank transfer (automatic),114.81,5635.46,No
2287-MKXFG,Male,0,Yes,No,3,Yes,Yes,Fiber optic,No,Yes,No,No,Yes,Yes,Month-to-month,Yes,Credit card (automatic),107.69,306.29,No
4517-HIUQB,Male,0,No,No,57,Yes,No,Fiber optic,No,No,No,Yes,Yes,Yes,Month-to-month,Yes,Electronic check,110.83,6290.94,No
4240-STOEM,Male,0,Yes,No,57,Yes,No,Fiber optic,No,No,No,No,No,Yes,Two year,Yes,Mailed check,95.35,5449.11,Yes
1547-BYEII,Female,0,No,No,16,Yes,No,No,No internet service,No internet service,No internet service,No internet service,No internet service,No internet service,Month-to-month,Yes,Credit card (automatic),39.82,619.48,No
5967-QZFCZ,Male,0,No,No,42,Yes,Yes,Fiber optic,No,Yes,No,No,No,No,Month-to-month,No,Bank transfer (automatic),90.06,3785.4,Yes
1299-YVTIR,Female,0,Yes,Yes,49,Yes,Yes,DSL,No,Yes,Yes,Yes,No,No,Month-to-month,Yes,Electronic check,83.37,4107.9,No
4573-TUSLM,Female,0,No,No,61,Yes,No,Fiber optic,No,No,No,No,Yes,Yes,Two year,Yes,Mailed check,107.81,6592.51,No
1570-CWEXW,Female,0,Yes,No,53,Yes,Yes,No,No internet service,No internet service,No internet service,No internet service,No internet service,No internet service,Month-to-month,Yes,Electronic check,33.05,1763.4,No
1254-XRLBS,Female,0,No,No,70,No,No phone service,No,No internet service,No internet service,No internet service,No internet service,No internet service,No internet service,Month-to-month,Yes,Electronic check,18.68,1329.27,No
5407-UMPHC,Male,0,Yes,No,8,Yes,No,DSL,No,Yes,No,No,No,Yes,Two year,Yes,Bank transfer (automatic),79.4,639.87,No
9413-AEFLH,Female,0,Yes,No,44,Yes,No,Fiber optic,No,No,No,Yes,Yes,No,Month-to-month,Yes,Electronic check,106.53,4665.09,No
1071-EZLFO,Male,0,Yes,No,56,Yes,No,No,No internet service,No internet service,No internet service,No internet service,No internet service,No internet service,One year,Yes,Electronic check,46.54,2655.36,No
2236-EIRHU,Female,0,No,No,16,Yes,No,DSL,Yes,Yes,No,No,No,No,Month-to-month,No,Electronic check,76.96,1240.14,Yes
4300-ZUULS,Male,0,No,Yes,15,Yes,No,Fiber optic,No,No,Yes,No,Yes,Yes,Month-to-month,Yes,Bank transfer (automatic),117.29,1768.77,Yes
2196-CBSIR,Female,0,No,No,6,Yes,No,DSL,No,No,No,Yes,Yes,No,Month-to-month,No,Mailed check,77.21,466.68,No
4070-KDZDG,Female,1,Yes,Yes,71,Yes,Yes,No,No internet service,No internet service,No internet service,No internet service,No internet service,No internet service,Month-to-month,No,Mailed check,41.25,2894.63,No
9325-UWQGI,Female,0,No,No,63,Yes,Yes,DSL,No,No,No,Yes,Yes,No,Month-to-month,No,Electronic check,82.28,5166.12,No
6752-XZHAD,Male,0,Yes,Yes,8,Yes,No,Fiber optic,No,No,No,No,Yes,Yes,Two year,Yes,Credit card (automatic),103.22,858.47,No
4089-YRJTG,Female,0,No,No,17,Yes,Yes,DSL,No,No,No,No,Yes,No,Month-to-month,Yes,Credit card (automatic),69.24,1138.49,No
1236-HTDUT,Male,0,No,No,33,Yes,Yes,DSL,Yes,No,No,No,No,No,Month-to-month,No,Bank transfer (automatic),73.49,2422.74,No
7136-HTADZ,Male,0,No,Yes,65,Yes,Yes,DSL,No,No,No,No,No,Yes,One year,No,Credit card (automatic),74.76,4864.72,No
9535-SKAPZ,Male,0,Yes,No,60,Yes,Yes,DSL,No,Yes,No,No,No,No,Two year,Yes,Credit card (automatic),66.41,3977.52,No
9732-XZPAN,Female,0,No,No,64,Yes,No,No,No internet service,No internet service,No internet service,No internet service,No internet service,No internet service,Month-to-month,No,Mailed check,42.72,2774.48,No
1684-LQQQB,Female,0,No,Yes,60,Yes,No,DSL,No,No,Yes,Yes,No,No,Month-to-month,No,Credit card (automatic),82.74,4933.58,Yes
1962-XBAFB,Female,0,Yes,No,45,Yes,Yes,DSL,Yes,Yes,No,No,Yes,Yes,Month-to-month,No,Credit card (automatic),95.83,4297.74,No
2013-WSRLL,Male,0,No,No,21,Yes,Yes,No,No internet service,No internet service,No internet service,No internet service,No internet service,No internet service,Two year,Yes,Mailed check,43.73,924.71,No
4089-FMOJS,Male,0,Yes,No,44,Yes,No,Fiber optic,No,No,Yes,No,No,No,Two year,Yes,Electronic check,90.92,4008.36,No
9119-ELVXB,Female,0,No,No,36,Yes,Yes,Fiber optic,No,No,No,No,Yes,Yes,Month-to-month,Yes,Mailed check,103.91,3742.72,No
6259-VWQJF,Male,0,No,Yes,69,Yes,No,DSL,No,No,No,No,No,Yes,Month-to-month,Yes,Bank transfer (automatic),76.77,5302.49,Yes
1022-JBPBG,Male,0,No,Yes,32,Yes,No,No,No internet service,No internet service,No internet service,No internet service,No internet service,No internet service,Month-to-month,Yes,Bank transfer (automatic),37.94,1201.27,No
5539-IHTLB,Female,0,Yes,No,55,Yes,Yes,Fiber optic,No,Yes,No,No,Yes,No,One year,No,Bank transfer (automatic),97.14,5335.85,No
2103-RHJQG,Male,1,Yes,No,12,No,No phone service,DSL,No,Yes,No,Yes,No,No,Month-to-month,No,Electronic check,54.03,627.31,No
1272-HPXWW,Female,1,No,Yes,49,Yes,No,Fiber optic,No,No,No,No,Yes,Yes,Month-to-month,No,Electronic check,106.19,5211.23,No
1242-NMFTX,Female,0,Yes,No,33,Yes,No,Fiber optic,No,No,Yes,Yes,Yes,No,Month-to-month,No,Electronic check,110.2,3602.5,Yes
2924-GIMWM,Female,0,No,No,31,Yes,No,Fiber optic,No,No,No,Yes,Yes,Yes,One year,Yes,Mailed check,116.63,3588.16,No
8081-PJQBR,Female,0,Yes,Yes,55,Yes,Yes,Fiber optic,No,No,Yes,No,No,Yes,Two year,Yes,Electronic check,96.04,5299.7,Yes
2803-TKHFV,Female,0,No,No,35,Yes,Yes,Fiber optic,Yes,Yes,Yes,Yes,No,No,Month-to-month,Yes,Electronic check,105.2,3670.13,Yes
4370-PTZKO,Female,0,Yes,No,4,Yes,Yes,Fiber optic,No,No,Yes,No,No,No,Two year,Yes,Credit card (automatic),91.78,415.31,No
6125-VICPB,Male,0,Yes,Yes,28,Yes,No,DSL,Yes,Yes,No,No,No,No,Month-to-month,No,Bank transfer (automatic),77.47,2159.84,No
5732-EDGCW,Male,1,Yes,Yes,70,Yes,Yes,Fiber optic,Yes,No,No,No,No,No,One year,No,Mailed check,86.6,6052.79,No
4098-GPDOC,Male,1,Yes,Yes,69,Yes,Yes,DSL,Yes,No,No,No,No,No,Two year,Yes,Electronic check,73.15,5073.66,No
1449-CQRDJ,Female,0,Yes,No,44,Yes,No,Fiber optic,No,No,No,No,No,Yes,One year,Yes,Electronic check,91.67,4053.03,No
8577-EDAGY,Female,0,Yes,Yes,46,Yes,No,DSL,No,No,Yes,No,No,No,Month-to-month,Yes,Mailed check,65.93,3028.85,No
8090-DYOYN,Male,0,No,No,19,Yes,Yes,Fiber optic,Yes,Yes,Yes,No,No,No,Month-to-month,No,Electronic check,108.95,2068.19,Yes
7591-KAQDI,Female,0,Yes,No,56,Yes,No,Fiber optic,No,Yes,Yes,Yes,Yes,No,Two year,No,Electronic check,113.28,6363.76,No
1389-DFHYZ,Male,1,No,Yes,43,Yes,No,Fiber optic,No,Yes,No,No,No,No,One year,No,Credit card (automatic),92.67,3988.83,No
4518-RYICE,Female,0,No,No,2,Yes,No,No,No internet service,No internet service,No internet service,No internet service,No internet service,No internet service,Month-to-month,No,Electronic check,40.24,73.78,Yes
5996-QAJEG,Female,0,No,No,69,Yes,Yes,Fiber optic,No,No,Yes,Yes,No,Yes,One year,Yes,Credit card (automatic),104.35,7196.45,No
6185-LXHOI,Female,0,Yes,Yes,62,Yes,No,No,No internet service,No internet service,No internet service,No internet service,No internet service,No internet service,Month-to-month,No,Credit card (automatic),44.11,2774.26,No
3611-GTQXV,Male,0,Yes,No,5,Yes,Yes,No,No internet service,No internet service,No internet service,No internet service,No internet service,No internet service,Month-to-month,Yes,Mailed check,42.06,204.05,No
5828-OWVLQ,Male,0,Yes,Yes,30,Yes,Yes,No,No internet service,No internet service,No internet service,No internet service,No internet service,No internet service,Two year,No,Electronic check,41.92,1251.29,No
4812-PUZEU,Female,0,No,No,54,Yes,Yes,DSL,No,Yes,No,No,No,No,Month-to-month,Yes,Bank transfer (automatic),67.44,3640.94,No
1501-EXPVD,Female,0,No,Yes,53,Yes,Yes,DSL,Yes,No,No,No,Yes,No,Month-to-month,No,Credit card (automatic),79.48,4213.65,No
6026-AQKCG,Female,0,Yes,No,12,Yes,No,Fiber optic,No,No,No,No,No,No,Month-to-month,No,Bank transfer (automatic),84.79,1002.66,Yes
1907-XLWCR,Male,0,Yes,No,2,Yes,No,DSL,No,No,No,No,No,Yes,Two year,Yes,Electronic check,77.95,187.83,No
6875-AUCXG,Male,0,Yes,No,71,Yes,Yes,Fiber optic,No,No,Yes,Yes,No,No,Month-to-month,Yes,Credit card (automatic),103.76,7359.65,No
6836-QYOUC,Male,0,Yes,No,65,No,No phone service,DSL,No,No,No,No,Yes,No,Month-to-month,No,Mailed check,52.5,3422.56,No
9790-SSBGS,Female,0,No,Yes,53,No,No phone service,Fiber optic,No,No,Yes,No,No,No,Month-to-month,Yes,Mailed check,71.68,3831.95,Yes
8951-YYJCV,Male,0,Yes,No,48,Yes,Yes,DSL,Yes,No,No,No,Yes,No,Month-to-month,Yes,Electronic check,78.02,3738.37,No
5694-ZBCZC,Male,0,Yes,Yes,50,Yes,Yes,No,No internet service,No internet service,No internet service,No internet service,No internet service,No internet service,Month-to-month,No,Mailed check,38.12,1914.14,No
8147-MDZNR,Male,0,Yes,Yes,33,Yes,No,Fiber optic,No,No,No,No,Yes,Yes,Month-to-month,No,Bank transfer (automatic),101.5,3325.13,Yes
1932-FXIJB,Female,0,Yes,Yes,49,Yes,Yes,DSL,No,No,Yes,No,No,No,Month-to-month,Yes,Mailed check,61.81,3013.36,No
7844-EPUQZ,Female,0,Yes,No,22,Yes,No,Fiber optic,No,Yes,Yes,Yes,Yes,No,One year,Yes,Credit card (automatic),114.7,2526.45,No
7216-XLHZY,Female,0,Yes,No,6,Yes,Yes,Fiber optic,No,No,Yes,No,Yes,No,Month-to-month,No,Electronic check,96.85,573.41,Yes
3312-FWFFD,Male,0,Yes,Yes,22,Yes,No,No,No internet service,No internet service,No internet service,No internet service,No internet service,No internet service,Month-to-month,Yes,Electronic check,44.15,986.7,No
6704-SAGSM,Male,0,Yes,No,21,Yes,No,Fiber optic,Yes,No,Yes,No,No,Yes,One year,Yes,Mailed check,106.54,2227.41,Yes
1895-IWDIE,Male,0,No,No,22,Yes,Yes,Fiber optic,No,No,Yes,No,No,Yes,Month-to-month,No,Electronic check,95.81,2102.97,Yes
8044-EGFOI,Male,0,No,No,34,Yes,No,DSL,Yes,No,Yes,No,No,No,Month-to-month,Yes,Bank transfer (automatic),71.66,2424.34,Yes
2607-NOFPR,Female,0,Yes,No,9,Yes,No,Fiber optic,Yes,No,Yes,No,Yes,Yes,Two year,No,Mailed check,117.2,1077.41,Yes
2497-GBFBX,Female,0,No,No,29,Yes,No,DSL,No,No,Yes,No,Yes,No,One year,Yes,Mailed check,77.77,2251.77,No
2848-GAHSM,Female,0,Yes,No,33,Yes,Yes,No,No internet service,No internet service,No internet service,No internet service,No internet service,No internet service,One year,No,Mailed check,40.91,1337.49,No
9153-XTVLF,Male,0,No,No,13,Yes,No,Fiber optic,Yes,No,No,No,Yes,No,Month-to-month,No,Electronic check,104.13,1336.66,No
4594-AHKZJ,Male,1,No,No,33,Yes,Yes,No,No internet service,No internet service,No internet service,No internet service,No internet service,No internet service,Two year,No,Electronic check,39.87,1294.31,No
2095-FQOMX,Female,0,Yes,Yes,49,Yes,No,No,No internet service,No internet service,No internet service,No internet service,No internet service,No internet service,Month-to-month,No,Mailed check,35.43,1750.21,No
8581-BUTRD,Male,1,Yes,No,30,Yes,No,DSL,No,No,Yes,No,Yes,Yes,Month-to-month,Yes,Bank transfer (automatic),91.63,2747.61,No
2257-WUTSP,Male,0,No,No,0,Yes,No,DSL,Yes,No,No,No,No,Yes,Two year,No,Credit card (automatic),83.21, ,No
8842-WKSHX,Male,1,Yes,Yes,51,Yes,No,DSL,Yes,No,No,No,No,Yes,Month-to-month,No,Electronic check,79.64,4051.04,No
1106-PDEIM,Male,1,Yes,Yes,42,Yes,Yes,DSL,Yes,No,No,Yes,Yes,Yes,One year,No,Electronic check,93.9,3913.06,No
7660-GLYRH,Female,1,No,No,30,Yes,No,DSL,No,No,Yes,No,No,Yes,Month-to-month,Yes,Mailed check,73.19,2191.73,Yes
2162-PBKUC,Female,0,No,No,1,Yes,No,No,No internet service,No internet service,No internet service,No internet service,No internet service,No internet service,Month-to-month,No,Mailed check,43.39,88.91,No
6780-FOEGK,Male,0,No,No,6,Yes,Yes,Fiber optic,No,Yes,No,Yes,No,No,One year,No,Mailed check,91.02,553.4,Yes
3828-MCHZX,Female,0,No,Yes,5,Yes,Yes,Fiber optic,No,Yes,Yes,No,Yes,No,Month-to-month,No,Bank transfer (automatic),101.38,505.51,No
6782-CCLUB,Male,0,No,No,62,Yes,No,Fiber optic,No,No,Yes,Yes,Yes,No,One year,Yes,Mailed check,102.19,6325.37,No
1787-RGJCV,Male,0,No,Yes,22,Yes,Yes,DSL,Yes,No,No,Yes,No,No,Month-to-month,No,Electronic check,75.89,1663.27,Yes
6264-TAJZY,Male,1,No,No,31,No,No phone service,Fiber optic,No,No,Yes,Yes,Yes,No,Month-to-month,Yes,Electronic check,86.18,2695.7,No
5132-PVJQK,Female,0,No,Yes,50,Yes,No,DSL,Yes,No,No,No,No,Yes,One year,No,Credit card (automatic),77.3,3848.39,No
6336-SALOQ,Female,0,No,No,47,Yes,Yes,No,No internet service,No internet service,No internet service,No internet service,No internet service,No internet service,Month-to-month,No,Bank transfer (automatic),42.09,1978.92,No
5198-GCFVP,Female,0,No,No,4,Yes,No,Fiber optic,No,No,No,Yes,No,No,One year,No,Credit card (automatic),96.96,390.86,No
8860-IDVRW,Male,0,No,No,67,Yes,No,DSL,No,No,No,Yes,Yes,Yes,Month-to-month,Yes,Electronic check,86.77,5813.87,Yes
1427-IJCWJ,Male,0,No,No,19,Yes,Yes,Fiber optic,No,No,No,No,Yes,No,Month-to-month,Yes,Credit card (automatic),95.22,1803.07,No
9488-DCXGT,Female,0,No,No,56,No,No phone service,Fiber optic,No,No,Yes,No,No,No,Month-to-month,No,Credit card (automatic),66.44,3691.69,Yes
7753-GNOGH,Male,0,Yes,No,60,Yes,Yes,DSL,No,No,Yes,Yes,No,Yes,Two year,Yes,Credit card (automatic),90.91,5458.98,No
5777-VXZJQ,Male,1,No,No,39,Yes,Yes,DSL,Yes,No,No,No,No,No,Month-to-month,Yes,Electronic check,63.73,2480.04,No
2686-EBENO,Female,0,Yes,No,11,Yes,No,DSL,No,Yes,No,Yes,Yes,No,Month-to-month,Yes,Mailed check,81.87,925.26,No
3357-RQYGH,Female,0,Yes,No,39,Yes,Yes,No,No internet service,No internet service,No internet service,No internet service,No internet service,No internet service,Two year,No,Credit card (automatic),37.67,1465.77,No
6381-GIQXP,Male,0,Yes,No,17,Yes,Yes,No,No internet service,No internet service,No internet service,No internet service,No internet service,No internet service,Month-to-month,No,Mailed check,40.62,689.53,Yes
8756-OOSNO,Male,1,No,No,62,Yes,No,Fiber optic,Yes,No,No,No,No,No,Two year,Yes,Bank transfer (automatic),85.68,5315.34,No
2397-AUHZX,Female,1,No,No,55,Yes,No,DSL,No,No,No,No,No,No,Month-to-month,Yes,Electronic check,63.73,3514.66,Yes
1855-RVSSM,Male,0,Yes,No,60,Yes,Yes,DSL,No,No,Yes,No,No,No,Month-to-month,Yes,Mailed check,70.75,4209.04,No
6905-LQUBY,Male,0,Yes,Yes,60,Yes,No,Fiber optic,No,No,No,Yes,No,Yes,Month-to-month,Yes,Mailed check,98.26,5901.86,No
9525-DGDTB,Male,0,Yes,No,13,Yes,No,DSL,No,Yes,Yes,Yes,No,Yes,Month-to-month,Yes,Credit card (automatic),85.06,1071.88,No
3141-FRVFO,Male,0,Yes,No,2,Yes,No,Fiber optic,No,Yes,No,No,No,No,One year,No,Electronic check,82.66,157.95,No
8517-LDMSW,Female,0,Yes,No,45,Yes,No,DSL,Yes,No,Yes,Yes,Yes,Yes,Month-to-month,Yes,Mailed check,98.97,4466.49,No
3241-VIUQF,Female,0,No,No,44,Yes,No,DSL,No,No,No,No,No,Yes,Month-to-month,Yes,Credit card (automatic),73.52,3276.27,No
7569-RWICM,Female,0,Yes,No,63,No,No phone service,Fiber optic,No,Yes,No,Yes,No,Yes,Two year,No,Credit card (automatic),88.33,5544.94,No
9122-DHMVY,Male,0,Yes,No,46,Yes,No,DSL,Yes,No,No,No,No,No,One year,No,Credit card (automatic),70.77,3238.81,No
9927-RAAZW,Male,0,Yes,No,58,Yes,No,Fiber optic,No,Yes,No,No,No,Yes,Month-to-month,Yes,Electronic check,98.2,5661.92,Yes
6443-RILVL,Female,1,No,Yes,25,No,No phone service,Fiber optic,No,No,No,Yes,No,Yes,Month-to-month,Yes,Bank transfer (automatic),75.22,1866.03,No
2370-TJGJK,Male,0,No,No,9,No,No phone service,Fiber optic,No,Yes,No,Yes,Yes,Yes,Month-to-month,Yes,Electronic check,90.56,860.87,Yes
7480-UTWHV,Female,0,Yes,Yes,2,No,No phone service,No,No internet service,No internet service,No internet service,No internet service,No internet service,No internet service,Two year,No,Credit card (automatic),18.0,4.22,No
7140-PDWYS,Female,0,Yes,No,31,Yes,Yes,Fiber optic,Yes,No,No,No,Yes,No,One year,No,Bank transfer (automatic),102.24,3107.24,No
3448-VZHNB,Male,1,No,No,0,Yes,No,Fiber optic,No,Yes,Yes,No,Yes,Yes,One year,Yes,Credit card (automatic),116.21, ,Yes
8630-ZMTYW,Female,0,Yes,No,37,No,No phone service,Fiber optic,Yes,No,No,No,No,Yes,Month-to-month,No,Electronic check,76.07,2831.77,No
1721-QHJQM,Female,0,No,Yes,29,Yes,No,No,No internet service,No internet service,No internet service,No internet service,No internet service,No internet service,Month-to-month,Yes,Credit card (automatic),40.11,1164.17,Yes
1041-SXQTA,Male,0,No,Yes,18,Yes,Yes,Fiber optic,No,No,No,No,Yes,No,Month-to-month,No,Mailed check,98.66,1778.45,No
1743-RYLCU,Female,0,No,Yes,43,No,No phone service,Fiber optic,Yes,Yes,Yes,No,No,Yes,Month-to-month,No,Mailed check,86.01,3714.16,No
3933-VURBK,Male,1,No,No,49,Yes,No,DSL,No,Yes,Yes,Yes,No,No,Month-to-month,Yes,Credit card (automatic),81.48,4008.66,Yes
1228-UVYJF,Female,0,Yes,No,2,Yes,No,Fiber optic,Yes,Yes,Yes,No,No,No,Month-to-month,Yes,Electronic check,102.16,183.89,Yes
7981-VZBAG,Female,0,Yes,No,34,Yes,Yes,Fiber optic,No,Yes,Yes,No,No,No,Month-to-month,Yes,Electronic check,86.9,2929.6,Yes
2414-XFBFC,Male,0,Yes,No,68,Yes,Yes,No,No internet service,No internet service,No internet service,No internet service,No internet service,No internet service,Month-to-month,Yes,Electronic check,46.5,3141.89,No
3125-FCOXO,Female,0,Yes,No,21,Yes,Yes,Fiber optic,Yes,No,No,Yes,No,Yes,Month-to-month,No,Mailed check,102.02,2127.01,No
4281-LWYMB,Male,0,Yes,Yes,57,Yes,Yes,DSL,No,No,No,No,No,Yes,Month-to-month,Yes,Bank transfer (automatic),81.45,4657.14,No
7449-XKAZB,Female,0,Yes,No,24,Yes,No,Fiber optic,No,No,Yes,No,Yes,No,Two year,No,Credit card (automatic),99.43,2407.42,No
7759-CKVCO,Female,0,No,No,19,Yes,Yes,No,No internet service,No internet service,No internet service,No internet service,No internet service,No internet service,One year,Yes,Bank transfer (automatic),41.06,773.29,No
1054-OEMGN,Female,0,Yes,Yes,62,Yes,No,No,No internet service,No internet service,No internet service,No internet service,No internet service,No internet service,Month-to-month,No,Bank transfer (automatic),34.46,2142.17,No
8737-CQXWP,Female,1,No,No,26,No,No phone service,Fiber optic,No,No,No,No,No,Yes,Two year,No,Mailed check,74.25,1928.64,No
6135-LYMNZ,Male,1,Yes,No,63,Yes,Yes,DSL,No,No,Yes,Yes,Yes,No,Month-to-month,Yes,Mailed check,79.38,4984.24,Yes
8702-SWTJW,Female,1,Yes,No,47,Yes,No,No,No internet service,No internet service,No internet service,No internet service,No internet service,No internet service,Month-to-month,Yes,Mailed check,41.45,1930.54,No
9775-YJEUX,Male,0,Yes,Yes,59,Yes,No,No,No internet service,No internet service,No internet service,No internet service,No internet service,No internet service,Two year,Yes,Credit card (automatic),38.41,2267.5,No
1293-XIWZP,Female,0,No,No,59,Yes,Yes,No,No internet service,No internet service,No internet service,No internet service,No internet service,No internet service,Month-to-month,No,Mailed check,42.77,2538.57,No
1547-DZRJT,Male,0,No,Yes,66,No,No phone service,Fiber optic,Yes,Yes,No,No,Yes,No,One year,No,Electronic check,88.5,5849.18,No
5421-BXVHT,Female,1,No,No,40,Yes,Yes,DSL,Yes,No,No,Yes,Yes,Yes,Month-to-month,No,Credit card (automatic),87.4,3491.98,No
9047-DGIFR,Male,0,Yes,No,69,No,No phone service,No,No internet service,No internet service,No internet service,No internet service,No internet service,No internet service,Month-to-month,Yes,Credit card (automatic),20.35,1432.02,No
9995-ADRXM,Female,0,Yes,No,4,Yes,Yes,DSL,Yes,No,Yes,No,Yes,No,Month-to-month,No,Bank transfer (automatic),83.63,365.78,Yes
3828-SEYKY,Male,0,No,No,35,Yes,Yes,DSL,Yes,Yes,Yes,No,No,No,Month-to-month,No,Bank transfer (automatic),80.64,2792.2,No
6787-QIZGI,Female,0,Yes,Yes,28,Yes,No,Fiber optic,Yes,Yes,No,Yes,No,No,Month-to-month,Yes,Mailed check,104.37,2898.63,No
2267-YBLMW,Male,1,Yes,No,7,No,No phone service,Fiber optic,Yes,Yes,No,No,No,Yes,Month-to-month,No,Bank transfer (automatic),82.18,546.27,No
4485-QCUOQ,Male,0,Yes,Yes,63,Yes,No,Fiber optic,No,No,No,No,No,Yes,Month-to-month,Yes,Bank transfer (automatic),92.07,5818.45,No
5020-XZWHE,Male,0,Yes,No,58,Yes,No,Fiber optic,Yes,No,No,Yes,No,Yes,Month-to-month,Yes,Mailed check,111.99,6489.8,No
9977-NRMGF,Male,0,Yes,No,54,Yes,No,DSL,No,No,No,No,No,Yes,Month-to-month,Yes,Mailed check,72.2,3899.97,No
8082-GSZEV,Female,0,Yes,No,46,Yes,No,Fiber optic,No,Yes,No,No,No,No,Month-to-month,No,Electronic check,90.83,4190.24,No
1976-KAFRI,Male,0,No,No,43,Yes,Yes,No,No internet service,No internet service,No internet service,No internet service,No internet service,No internet service,Month-to-month,No,Bank transfer (automatic),45.6,1960.57,No
9029-IOWVI,Male,1,No,No,27,Yes,No,No,No internet service,No internet service,No internet service,No internet service,No internet service,No internet service,Month-to-month,No,Mailed check,45.31,1210.51,No
9602-PLXVQ,Male,0,Yes,No,49,Yes,No,DSL,No,Yes,No,Yes,No,No,One year,Yes,Bank transfer (automatic),78.23,3811.31,No
2007-YKAPY,Male,0,Yes,No,71,Yes,No,Fiber optic,No,No,Yes,No,No,Yes,Two year,Yes,Electronic check,99.26,7042.74,No
3633-YGNDW,Female,0,No,Yes,18,Yes,Yes,DSL,Yes,No,No,No,Yes,Yes,Month-to-month,Yes,Bank transfer (automatic),88.97,1617.47,Yes
4896-YKYDR,Female,0,Yes,No,24,Yes,Yes,Fiber optic,No,Yes,No,Yes,Yes,No,Month-to-month,Yes,Credit card (automatic),110.67,2622.28,No
3076-XJEVO,Male,0,No,No,7,Yes,Yes,Fiber optic,Yes,Yes,Yes,No,No,Yes,Two year,No,Bank transfer (automatic),111.06,767.66,No
4563-XWZYW,Female,0,Yes,No,66,No,No phone service,Fiber optic,No,Yes,No,Yes,Yes,Yes,One year,Yes,Mailed check,95.2,6244.52,No
8872-AOZNU,Female,1,No,No,38,Yes,Yes,DSL,No,No,No,No,Yes,No,Two year,No,Credit card (automatic),70.54,2698.95,No
6972-ZASID,Female,0,No,Yes,43,Yes,Yes,No,No internet service,No internet service,No internet service,No internet service,No internet service,No internet service,One year,Yes,Bank transfer (automatic),48.36,2046.17,No
7486-VINLI,Female,0,Yes,No,19,No,No phone service,No,No internet service,No internet service,No internet service,No internet service,No internet service,No internet service,One year,Yes,Credit card (automatic),23.56,415.5,No
4914-BYFSE,Female,0,No,No,2,Yes,No,Fiber optic,No,No,Yes,Yes,Yes,No,Month-to-month,Yes,Electronic check,102.36,221.4,Yes
1995-ARMCE,Male,0,No,No,58,Yes,Yes,DSL,No,Yes,No,No,Yes,Yes,Month-to-month,Yes,Electronic check,83.76,4845.17,No
8789-JPTQE,Female,0,No,Yes,62,Yes,No,Fiber optic,Yes,No,No,No,Yes,No,One year,No,Credit card (automatic),98.12,6047.09,No
8845-HZITQ,Male,1,Yes,No,24,Yes,Yes,No,No internet service,No internet service,No internet service,No internet service,No internet service,No internet service,Month-to-month,No,Credit card (automatic),41.68,1010.9,No
5833-YCVZE,Male,0,Yes,No,55,Yes,No,Fiber optic,Yes,No,Yes,No,Yes,No,Two year,No,Electronic check,107.63,5921.9,Yes
6033-PPRUH,Female,1,Yes,No,41,Yes,Yes,Fiber optic,Yes,Yes,No,No,No,No,Two year,Yes,Credit card (automatic),90.08,3732.06,No
7934-ANNSW,Male,0,No,No,46,Yes,Yes,DSL,Yes,Yes,No,Yes,No,Yes,Month-to-month,Yes,Bank transfer (automatic),87.63,4006.47,No
1719-CDINI,Female,0,Yes,No,12,Yes,Yes,Fiber optic,Yes,No,No,No,Yes,No,Month-to-month,Yes,Electronic check,102.88,1214.72,No
3462-PNGMU,Female,0,Yes,No,44,Yes,Yes,DSL,No,Yes,Yes,No,Yes,No,Two year,Yes,Electronic check,83.46,3657.33,No
3367-LEVWS,Female,0,No,Yes,11,Yes,Yes,Fiber optic,No,Yes,No,No,No,No,Two year,Yes,Bank transfer (automatic),85.72,962.51,No
2440-MEOUP,Male,1,Yes,No,15,Yes,No,DSL,No,No,No,No,No,No,Two year,Yes,Electronic check,70.4,1016.37,No
2871-SOXAW,Male,0,No,Yes,26,Yes,Yes,Fiber optic,No,No,No,Yes,No,No,One year,Yes,Bank transfer (automatic),91.94,2383.05,No
1269-TOKPV,Male,0,Yes,No,15,Yes,Yes,Fiber optic,No,No,Yes,Yes,No,No,Two year,No,Credit card (automatic),103.44,1556.36,No
3509-ZSIVR,Female,0,No,No,66,Yes,Yes,No,No internet service,No internet service,No internet service,No internet service,No internet service,No internet service,Month-to-month,No,Mailed check,40.13,2671.83,No
9096-TSUYQ,Male,1,Yes,No,2,Yes,No,Fiber optic,No,Yes,No,Yes,Yes,No,Month-to-month,No,Credit card (automatic),100.6,183.37,Yes
9859-KJQBJ,Female,0,Yes,No,65,Yes,No,DSL,Yes,No,Yes,No,Yes,Yes,Month-to-month,Yes,Bank transfer (automatic),93.9,6108.63,No
9740-YMVXA,Male,0,No,Yes,11,Yes,Yes,DSL,No,No,No,Yes,No,Yes,Month-to-month,Yes,Bank transfer (automatic),82.37,892.8,No
1471-JKNIT,Male,0,Yes,No,63,Yes,Yes,DSL,No,Yes,Yes,Yes,No,Yes,Two year,Yes,Mailed check,85.19,5341.62,No
4871-PWYPT,Male,1,Yes,No,24,Yes,No,Fiber optic,No,Yes,No,No,No,Yes,Month-to-month,Yes,Bank transfer (automatic),98.64,2364.39,Yes
7980-QURQX,Male,0,Yes,Yes,67,Yes,No,Fiber optic,No,No,No,No,Yes,No,One year,No,Credit card (automatic),94.61,6332.52,No
1858-NOOFU,Male,0,No,No,39,Yes,No,Fiber optic,No,Yes,No,No,Yes,No,Month-to-month,No,Electronic check,104.43,4082.11,No
1232-GIMPU,Male,1,Yes,No,35,Yes,No,No,No internet service,No internet service,No internet service,No internet service,No internet service,No internet service,One year,Yes,Electronic check,36.67,1322.14,No
7416-TVYRV,Female,0,Yes,No,9,Yes,Yes,DSL,No,No,Yes,No,No,Yes,Month-to-month,No,Bank transfer (automatic),80.93,736.39,No
9992-EWXPR,Female,0,Yes,No,31,Yes,No,Fiber optic,Yes,Yes,No,No,No,No,Month-to-month,No,Credit card (automatic),98.44,3050.81,No
8150-EHITD,Female,0,Yes,No,40,Yes,No,DSL,Yes,No,Yes,No,Yes,No,Month-to-month,Yes,Mailed check,77.34,3103.79,No
5517-YNNTO,Male,0,No,No,71,Yes,No,DSL,Yes,Yes,No,Yes,Yes,No,Month-to-month,No,Mailed check,86.66,6137.24,No
4204-DFMWW,Male,0,Yes,No,19,Yes,Yes,Fiber optic,No,Yes,No,No,No,No,Month-to-month,Yes,Credit card (automatic),99.88,1912.66,Yes
1575-VBUBS,Female,0,No,Yes,6,Yes,No,Fiber optic,Yes,Yes,No,No,Yes,Yes,One year,Yes,Electronic check,116.89,687.28,Yes
2772-UAVPR,Female,0,No,Yes,18,Yes,No,No,No internet service,No internet service,No internet service,No internet service,No internet service,No internet service,Month-to-month,No,Electronic check,42.2,765.19,No
6290-DXORB,Female,0,No,No,17,Yes,No,DSL,No,Yes,No,Yes,No,No,Two year,Yes,Mailed check,77.96,1319.93,No
4764-ROXAN,Male,0,No,No,69,Yes,No,Fiber optic,No,No,Yes,Yes,Yes,Yes,Two year,No,Mailed check,109.91,7577.49,No
7827-IQKUU,Male,0,Yes,No,10,Yes,No,No,No internet service,No internet service,No internet service,No internet service,No internet service,No internet service,Month-to-month,Yes,Electronic check,38.72,418.09,No
1126-NMWMT,Female,0,No,No,72,Yes,Yes,No,No internet service,No internet service,No internet service,No internet service,No internet service,No internet service,Month-to-month,Yes,Mailed check,37.3,2666.74,No
6217-JARJG,Female,0,No,No,8,Yes,Yes,Fiber optic,No,No,No,Yes,Yes,No,Month-to-month,No,Bank transfer (automatic),97.88,791.71,Yes
7402-FWBYG,Female,0,No,Yes,59,Yes,Yes,Fiber optic,No,No,Yes,No,No,No,Month-to-month,Yes,Electronic check,85.15,5014.25,No
7555-UYCSR,Female,0,Yes,No,30,Yes,No,Fiber optic,No,No,Yes,Yes,No,Yes,Month-to-month,Yes,Mailed check,101.8,3070.99,Yes
7452-JZZIP,Male,0,Yes,No,3,Yes,No,Fiber optic,No,No,No,No,No,Yes,Two year,Yes,Electronic check,91.62,247.49,No
4465-UTUML,Female,0,No,No,44,Yes,No,DSL,No,No,No,No,No,No,Two year,No,Electronic check,59.88,2627.03,No
2938-BKDFL,Female,0,Yes,Yes,53,Yes,No,Fiber optic,Yes,Yes,Yes,No,Yes,Yes,Month-to-month,No,Credit card (automatic),120.0,6340.58,No
9785-QZNXT,Female,1,No,No,61,Yes,No,DSL,No,No,No,Yes,No,Yes,One year,Yes,Mailed check,83.49,5123.38,No
4896-XOFTJ,Female,0,Yes,No,13,Yes,No,Fiber optic,No,No,Yes,No,Yes,No,Two year,Yes,Mailed check,106.45,1408.66,No
1198-HMELO,Male,0,No,No,45,Yes,Yes,Fiber optic,No,Yes,Yes,No,Yes,No,Month-to-month,No,Mailed check,103.58,4645.96,Yes
1874-DVBLB,Female,0,Yes,No,41,Yes,Yes,DSL,No,No,No,Yes,Yes,No,Two year,No,Electronic check,81.26,3307.67,No
9480-TFOMY,Male,0,Yes,Yes,32,Yes,Yes,Fiber optic,No,No,Yes,No,Yes,Yes,Two year,No,Mailed check,107.06,3416.04,No
9283-YWSNW,Female,0,Yes,No,65,Yes,No,DSL,No,Yes,Yes,Yes,Yes,Yes,Two year,No,Electronic check,95.37,6214.25,No
4355-DJULR,Male,0,No,No,30,Yes,Yes,No,No internet service,No internet service,No internet service,No internet service,No internet service,No internet service,One year,Yes,Bank transfer (automatic),38.84,1170.13,No
3242-WYHRT,Female,1,No,No,27,Yes,Yes,No,No internet service,No internet service,No internet service,No internet service,No internet service,No internet service,Month-to-month,Yes,Electronic check,35.75,956.75,Yes
4907-BWTDE,Female,0,No,No,38,Yes,Yes,DSL,No,No,Yes,No,No,Yes,Month-to-month,No,Credit card (automatic),83.61,3199.23,No
6309-YTZSK,Male,0,No,No,67,Yes,No,DSL,No,No,No,No,Yes,Yes,Two year,Yes,Credit card (automatic),79.41,5326.84,No
9453-YQGHQ,Male,0,No,No,63,Yes,No,No,No internet service,No internet service,No internet service,No internet service,No internet service,No internet service,Month-to-month,Yes,Credit card (automatic),39.67,2481.62,Yes
4577-WDVUJ,Female,0,No,No,51,Yes,No,No,No internet service,No internet service,No internet service,No internet service,No internet service,No internet service,Month-to-month,No,Credit card (automatic),42.41,2120.93,No
7260-FMHGA,Male,1,No,No,5,Yes,Yes,No,No internet service,No internet service,No internet service,No internet service,No internet service,No internet service,Month-to-month,No,Bank transfer (automatic),38.63,233.94,No
4106-IISZM,Female,0,No,Yes,21,Yes,No,Fiber optic,No,No,Yes,Yes,No,Yes,Month-to-month,Yes,Electronic check,102.74,2151.44,Yes
6317-DIIHG,Female,0,No,No,1,Yes,Yes,DSL,No,Yes,Yes,Yes,Yes,No,Month-to-month,Yes,Electronic check,88.58,40.7,Yes
3175-POCDT,Female,0,Yes,No,6,Yes,No,No,No internet service,No internet service,No internet service,No internet service,No internet service,No internet service,Two year,Yes,Electronic check,37.33,229.75,No
2191-DLZAU,Male,0,No,No,60,Yes,Yes,Fiber optic,Yes,Yes,No,Yes,No,Yes,Month-to-month,Yes,Credit card (automatic),108.77,6492.5,No
9948-JFEZQ,Male,0,Yes,No,59,Yes,Yes,Fiber optic,Yes,Yes,No,Yes,No,Yes,Month-to-month,Yes,Bank transfer (automatic),110.05,6518.37,No
7774-ZMMZN,Female,0,Yes,No,7,Yes,No,Fiber optic,No,No,Yes,No,Yes,No,Month-to-month,Yes,Electronic check,99.69,722.03,Yes
5441-JZPZZ,Female,0,No,Yes,33,Yes,No,Fiber optic,No,Yes,No,No,No,No,One year,No,Electronic check,94.33,3108.07,Yes
7769-LACZN,Female,0,No,No,20,Yes,No,DSL,No,No,No,Yes,No,No,Two year,Yes,Electronic check,76.7,1511.7,No
6057-TMXXS,Male,0,Yes,Yes,5,Yes,Yes,No,No internet service,No internet service,No internet service,No internet service,No internet service,No internet service,Two year,Yes,Credit card (automatic),41.95,219.35,No
5778-VTMVC,Female,0,Yes,Yes,27,Yes,No,Fiber optic,No,Yes,No,No,No,Yes,Two year,Yes,Electronic check,97.3,2651.23,No
7388-BFEWK,Female,0,No,Yes,7,Yes,Yes,DSL,No,Yes,Yes,No,No,Yes,Month-to-month,Yes,Credit card (automatic),79.42,553.8,Yes
4837-VKMDJ,Female,0,Yes,No,53,Yes,Yes,DSL,No,No,Yes,No,Yes,No,Two year,No,Bank transfer (automatic),80.7,4269.47,No
5997-KYZAL,Male,0,Yes,Yes,70,Yes,No,Fiber optic,No,No,Yes,No,No,No,Month-to-month,No,Credit card (automatic),89.68,6262.56,No
9402-RTYQR,Female,0,No,No,30,Yes,No,Fiber optic,No,No,No,No,No,Yes,One year,Yes,Bank transfer (automatic),95.64,2862.18,No
6510-OZNDR,Female,1,No,No,17,Yes,No,DSL,No,No,No,Yes,No,No,One year,No,Electronic check,68.36,1158.91,No
9283-OFRQP,Male,0,No,Yes,36,No,No phone service,Fiber optic,No,No,No,Yes,No,No,Month-to-month,Yes,Electronic check,71.98,2581.33,No
6751-ZOWWC,Female,0,No,No,70,Yes,No,Fiber optic,Yes,Yes,No,No,No,No,Month-to-month,Yes,Credit card (automatic),90.64,6325.35,No
2760-VPESH,Female,0,Yes,No,11,Yes,No,Fiber optic,No,Yes,No,Yes,No,No,One year,Yes,Mailed check,99.5,1127.51,No
4626-FMKMJ,Male,0,Yes,No,49,Yes,Yes,No,No internet service,No internet service,No internet service,No internet service,No internet service,No internet service,Month-to-month,Yes,Bank transfer (automatic),40.71,1989.9,No
2221-XCOTI,Female,1,No,No,6,Yes,No,DSL,Yes,Yes,No,Yes,Yes,Yes,One year,Yes,Mailed check,95.59,562.89,Yes
6184-PVNJZ,Female,0,No,No,21,Yes,No,No,No internet service,No internet service,No internet service,No internet service,No internet service,No internet service,Month-to-month,Yes,Mailed check,42.41,894.49,No
7244-FFTKB,Female,0,Yes,Yes,32,Yes,No,Fiber optic,No,No,Yes,No,No,Yes,One year,No,Bank transfer (automatic),100.24,3212.44,No
7509-JELWY,Male,1,Yes,No,28,Yes,No,DSL,No,Yes,No,No,No,Yes,Two year,Yes,Credit card (automatic),82.81,2317.39,No
6180-CLMOH,Female,0,Yes,Yes,13,Yes,Yes,DSL,No,No,No,No,Yes,Yes,Month-to-month,Yes,Electronic check,80.38,1022.14,Yes
3465-ACCFK,Female,0,Yes,No,56,Yes,No,No,No internet service,No internet service,No internet service,No internet service,No internet service,No internet service,Month-to-month,Yes,Electronic check,37.93,2123.89,No
9252-UEZOM,Male,0,Yes,Yes,49,Yes,No,DSL,No,Yes,No,No,No,Yes,One year,Yes,Electronic check,72.7,3565.19,No
7485-ZPBJA,Female,0,Yes,No,31,Yes,No,DSL,No,No,Yes,Yes,Yes,No,Month-to-month,Yes,Credit card (automatic),92.15,2863.07,No
4014-JUIEH,Male,0,No,No,30,Yes,No,Fiber optic,No,No,No,Yes,No,No,Month-to-month,Yes,Bank transfer (automatic),91.62,2753.89,No
6862-WKOZJ,Male,0,Yes,Yes,5,Yes,No,Fiber optic,No,No,Yes,No,Yes,Yes,One year,No,Bank transfer (automatic),110.23,554.86,Yes
3531-AOAFD,Female,0,No,Yes,48,Yes,No,Fiber optic,No,No,No,Yes,Yes,No,Month-to-month,Yes,Electronic check,101.46,4848.62,No
2024-GJARE,Male,0,No,Yes,16,Yes,No,DSL,No,No,No,No,No,No,One year,Yes,Mailed check,58.29,983.46,No
6463-BGXPO,Male,0,No,No,21,Yes,Yes,Fiber optic,Yes,No,No,Yes,No,Yes,Month-to-month,No,Electronic check,104.98,2213.65,Yes
5812-KAJYW,Male,0,No,No,62,Yes,No,No,No internet service,No internet service,No internet service,No internet service,No internet service,No internet service,Month-to-month,No,Bank transfer (automatic),38.56,2405.9,No
8057-JJKKB,Female,0,Yes,Yes,46,Yes,No,No,No internet service,No internet service,No internet service,No internet service,No internet service,No internet service,Month-to-month,Yes,Mailed check,39.18,1814.5,No
3243-WIHAR,Male,0,Yes,No,50,Yes,No,No,No internet service,No internet service,No internet service,No internet service,No internet service,No internet service,Two year,Yes,Credit card (automatic),40.41,2018.1,No
6894-COIJD,Female,0,No,Yes,19,Yes,No,Fiber optic,No,No,No,Yes,No,Yes,Month-to-month,Yes,Bank transfer (automatic),101.2,1902.79,No
9102-TASKS,Female,0,Yes,No,36,Yes,Yes,DSL,Yes,Yes,Yes,Yes,No,Yes,Month-to-month,No,Electronic check,91.82,3301.13,No
9359-FIPLC,Female,0,Yes,No,1,Yes,Yes,DSL,Yes,No,No,Yes,No,No,Month-to-month,Yes,Electronic check,71.54,52.37,No
1203-EJZIN,Female,0,Yes,No,17,Yes,Yes,No,No internet service,No internet service,No internet service,No internet service,No internet service,No internet service,One year,Yes,Electronic check,36.2,584.95,No
7998-QMBWF,Male,0,No,No,58,Yes,No,Fiber optic,No,No,No,No,Yes,No,One year,No,Electronic check,93.57,5468.79,No
8822-XTBRN,Male,0,Yes,No,34,Yes,No,Fiber optic,No,No,No,Yes,Yes,No,Month-to-month,Yes,Credit card (automatic),98.75,3373.74,No
6512-VRWOG,Female,0,No,Yes,46,Yes,No,Fiber optic,No,Yes,No,No,No,No,Month-to-month,Yes,Credit card (automatic),89.55,4121.28,Yes
6082-CLGZP,Female,0,Yes,No,57,Yes,No,Fiber optic,No,No,Yes,No,No,No,Month-to-month,No,Electronic check,87.38,4981.97,Yes
1035-QIQEI,Female,0,No,Yes,68,Yes,No,Fiber optic,No,No,Yes,No,No,No,One year,Yes,Electronic check,85.45,5822.75,No
6165-NKITX,Male,0,Yes,Yes,5,Yes,No,Fiber optic,Yes,No,No,Yes,No,No,Two year,No,Electronic check,93.57,465.25,No
3174-AWINT,Male,0,No,No,42,Yes,No,Fiber optic,Yes,Yes,No,Yes,No,Yes,One year,Yes,Mailed check,114.67,4803.67,No
3049-ZBJBI,Female,1,No,No,72,Yes,Yes,DSL,Yes,Yes,No,Yes,Yes,Yes,One year,Yes,Mailed check,97.17,7023.3,No
4680-TTWBN,Female,0,Yes,No,14,Yes,No,DSL,No,Yes,Yes,Yes,Yes,Yes,Month-to-month,Yes,Mailed check,93.7,1293.26,Yes
3698-VCWUI,Male,0,Yes,No,62,Yes,Yes,DSL,No,No,Yes,No,No,Yes,One year,No,Electronic check,81.78,5093.83,No
6241-HZCWD,Female,1,No,No,42,Yes,Yes,No,No internet service,No internet service,No internet service,No internet service,No internet service,No internet service,One year,No,Electronic check,41.37,1737.8,No
9548-OYCAT,Female,1,No,Yes,23,Yes,No,No,No internet service,No internet service,No internet service,No internet service,No internet service,No internet service,Month-to-month,No,Mailed check,45.09,1041.87,No
8074-MWWPR,Male,0,Yes,No,57,Yes,Yes,Fiber optic,No,No,Yes,No,Yes,No,Two year,No,Electronic check,105.35,5997.63,No
1750-JPGNJ,Female,0,Yes,No,63,No,No phone service,No,No internet service,No internet service,No internet service,No internet service,No internet service,No internet service,Month-to-month,No,Bank transfer (automatic),18.0,1110.69,No
9640-LOUYI,Male,1,Yes,Yes,10,Yes,No,DSL,Yes,Yes,No,Yes,No,No,One year,Yes,Electronic check,79.67,781.63,No
1203-ERPUK,Male,0,Yes,No,49,Yes,Yes,DSL,Yes,No,No,Yes,No,No,One year,Yes,Mailed check,75.18,3689.51,No
9001-JPJLN,Male,0,Yes,No,68,Yes,Yes,DSL,Yes,No,Yes,No,Yes,Yes,Two year,Yes,Bank transfer (automatic),95.21,6456.51,No
5658-LVYFH,Female,0,Yes,No,48,Yes,Yes,DSL,No,No,Yes,Yes,Yes,No,Month-to-month,Yes,Bank transfer (automatic),82.27,3931.45,No
3629-ISIUY,Female,0,Yes,No,39,Yes,No,Fiber optic,No,No,No,No,Yes,Yes,Two year,No,Credit card (automatic),107.22,4195.62,No
2007-ALBXX,Female,0,No,No,10,Yes,No,DSL,No,No,No,No,No,No,Month-to-month,No,Electronic check,64.99,657.63,No
6873-FKPTK,Female,0,No,No,32,Yes,No,No,No internet service,No internet service,No internet service,No internet service,No internet service,No internet service,Month-to-month,Yes,Electronic check,38.55,1207.19,No
4074-FHWON,Male,0,No,No,66,Yes,No,Fiber optic,No,No,No,No,No,No,Two year,Yes,Mailed check,82.11,5442.48,No
5473-OYAUO,Male,0,No,No,58,Yes,Yes,DSL,Yes,No,No,No,Yes,No,Month-to-month,Yes,Electronic check,83.8,4885.39,No
6845-DVXUL,Male,0,No,No,32,Yes,No,No,No internet service,No internet service,No internet service,No internet service,No internet service,No internet service,One year,Yes,Electronic check,43.22,1377.49,Yes
4321-ZRJWM,Female,1,Yes,No,22,Yes,Yes,No,No internet service,No internet service,No internet service,No internet service,No internet service,No internet service,Month-to-month,No,Electronic check,47.28,1005.55,Yes
9401-ANASR,Female,0,No,Yes,58,Yes,Yes,Fiber optic,Yes,Yes,Yes,No,Yes,Yes,Two year,No,Bank transfer (automatic),112.54,6498.87,No
5093-ATYUZ,Female,1,Yes,No,70,Yes,No,DSL,No,Yes,No,No,No,No,Two year,Yes,Mailed check,65.94,4604.14,No
4814-GAVZW,Male,1,No,No,21,Yes,No,Fiber optic,No,No,No,No,No,No,Month-to-month,Yes,Electronic check,87.98,1871.07,Yes
1756-DCVQW,Male,0,No,No,59,Yes,No,Fiber optic,No,No,No,No,No,No,Two year,Yes,Mailed check,87.1,5141.6,No
8919-JYSZG,Male,0,No,No,22,Yes,Yes,Fiber optic,No,No,No,No,No,Yes,Month-to-month,Yes,Bank transfer (automatic),93.53,2032.93,No
5812-OWOID,Male,0,Yes,No,60,Yes,No,DSL,Yes,No,No,No,No,Yes,One year,Yes,Electronic check,78.3,4726.95,No
9131-YZYZY,Male,1,No,No,70,Yes,No,No,No internet service,No internet service,No internet service,No internet service,No internet service,No internet service,One year,Yes,Mailed check,41.69,2917.09,No
8951-NSGST,Female,0,Yes,No,48,Yes,No,DSL,No,No,No,Yes,No,No,One year,Yes,Credit card (automatic),64.87,3129.62,No
4868-RKWFW,Female,0,Yes,Yes,36,Yes,No,No,No internet service,No internet service,No internet service,No internet service,No internet service,No internet service,One year,Yes,Electronic check,47.92,1718.55,No
7920-HEPYL,Male,1,Yes,No,22,Yes,No,DSL,Yes,No,Yes,No,Yes,Yes,Two year,Yes,Bank transfer (automatic),99.36,2147.27,No
3382-YQKKB,Male,0,Yes,No,4,Yes,Yes,No,No internet service,No internet service,No internet service,No internet service,No internet service,No internet service,One year,Yes,Bank transfer (automatic),39.12,121.05,No
8511-MUFCA,Female,1,No,Yes,3,Yes,No,DSL,No,Yes,No,No,No,No,Two year,Yes,Mailed check,71.87,198.63,No
6523-XTRND,Male,0,Yes,Yes,61,Yes,No,Fiber optic,Yes,No,Yes,No,No,No,Month-to-month,No,Credit card (automatic),91.38,5580.1,No
6052-JCHRV,Male,0,Yes,No,48,Yes,No,No,No internet service,No internet service,No internet service,No internet service,No internet service,No internet service,Month-to-month,No,Bank transfer (automatic),37.94,1829.55,No
3774-SZCJA,Female,0,No,No,16,Yes,No,DSL,Yes,No,Yes,Yes,Yes,Yes,Two year,Yes,Bank transfer (automatic),103.47,1692.58,No
2497-VVYQZ,Female,0,No,No,40,Yes,No,DSL,Yes,No,No,No,No,Yes,Month-to-month,No,Electronic check,79.85,3193.43,No
7587-DMKCD,Female,0,Yes,Yes,64,Yes,Yes,No,No internet service,No internet service,No internet service,No internet service,No internet service,No internet service,Month-to-month,Yes,Mailed check,39.45,2522.71,No
9577-YZLJX,Male,1,No,No,47,Yes,No,No,No internet service,No internet service,No internet service,No internet service,No internet service,No internet service,Two year,No,Electronic check,36.51,1696.39,No
2701-LTCGJ,Female,0,No,Yes,66,Yes,Yes,Fiber optic,No,No,No,Yes,No,No,Month-to-month,Yes,Electronic check,88.94,5888.23,No
9883-ZGWPN,Male,0,Yes,Yes,8,Yes,No,Fiber optic,No,Yes,Yes,No,No,Yes,Month-to-month,No,Mailed check,108.06,893.37,Yes
2859-IOEMD,Male,1,No,No,5,Yes,No,DSL,Yes,No,Yes,No,No,No,Month-to-month,Yes,Electronic check,73.05,352.59,No
1785-ETNVS,Female,0,No,No,48,Yes,No,Fiber optic,No,Yes,No,Yes,No,Yes,Month-to-month,No,Electronic check,115.67,5549.66,Yes
1416-HIZPM,Female,0,Yes,No,42,Yes,No,Fiber optic,Yes,Yes,No,No,No,No,Month-to-month,Yes,Credit card (automatic),87.42,3678.53,No
9411-PTNKU,Male,1,No,Yes,50,Yes,Yes,DSL,Yes,No,No,No,No,Yes,Month-to-month,No,Credit card (automatic),86.14,4290.74,Yes
4285-YIWBN,Female,0,Yes,Yes,71,No,No phone service,DSL,No,Yes,Yes,No,No,Yes,Two year,No,Electronic check,65.25,4597.11,No
5327-YJKBB,Male,0,No,No,7,Yes,Yes,No,No internet service,No internet service,No internet service,No internet service,No internet service,No internet service,Month-to-month,No,Electronic check,38.37,271.33,No
6050-DIYHY,Male,0,Yes,Yes,67,Yes,No,Fiber optic,No,No,No,Yes,Yes,Yes,Two year,Yes,Mailed check,112.05,7518.74,No
4768-XJTDR,Male,0,Yes,Yes,4,Yes,No,Fiber optic,No,No,No,No,No,Yes,Two year,Yes,Electronic check,95.55,363.45,Yes
4005-VLLQO,Female,0,No,Yes,38,Yes,Yes,No,No internet service,No internet service,No internet service,No internet service,No internet service,No internet service,Month-to-month,Yes,Electronic check,41.15,1563.28,No
5968-XTBYO,Female,0,No,No,60,Yes,No,Fiber optic,No,No,Yes,No,No,No,Two year,Yes,Bank transfer (automatic),85.46,5168.78,No
1630-JAOQY,Male,0,Yes,No,49,Yes,No,DSL,No,Yes,No,Yes,No,Yes,Month-to-month,Yes,Electronic check,84.01,4138.47,No
7092-UVMKR,Male,0,Yes,Yes,16,Yes,Yes,No,No internet service,No internet service,No internet service,No internet service,No internet service,No internet service,One year,No,Bank transfer (automatic),36.54,594.64,No
1641-OEFWL,Male,0,Yes,No,44,Yes,Yes,No,No internet service,No internet service,No internet service,No internet service,No internet service,No internet service,Two year,Yes,Credit card (automatic),41.03,1794.5,No
5949-CHLXL,Male,0,No,No,65,Yes,Yes,DSL,No,Yes,Yes,No,No,Yes,Two year,Yes,Electronic check,89.17,5808.58,No
6670-SFHNK,Male,0,Yes,No,14,No,No phone service,DSL,Yes,No,Yes,No,Yes,No,Month-to-month,Yes,Mailed check,61.44,827.31,Yes
8329-KLEST,Male,0,Yes,No,68,Yes,No,Fiber optic,No,No,No,No,No,No,Month-to-month,Yes,Electronic check,77.58,5273.34,Yes
5159-RZKAE,Female,0,No,No,47,Yes,No,DSL,No,No,No,No,Yes,No,Month-to-month,No,Mailed check,74.8,3505.04,No
6787-UNSAR,Male,1,Yes,No,6,Yes,No,DSL,No,No,No,No,No,Yes,Two year,No,Electronic check,73.65,456.82,No
6730-YKUGX,Male,0,Yes,Yes,24,Yes,Yes,DSL,Yes,Yes,No,Yes,Yes,No,Month-to-month,Yes,Mailed check,87.65,2059.93,Yes
5967-TNTVT,Female,0,No,No,62,Yes,No,Fiber optic,No,No,No,No,No,Yes,Month-to-month,Yes,Mailed check,97.17,6074.66,No
9857-YUNCK,Male,0,Yes,Yes,24,Yes,Yes,DSL,No,No,No,No,No,No,Month-to-month,Yes,Credit card (automatic),64.99,1550.84,No
6457-YIZPW,Male,0,No,No,69,Yes,No,No,No internet service,No internet service,No internet service,No internet service,No internet service,No internet service,Month-to-month,Yes,Electronic check,37.17,2596.93,No
7382-OVQVL,Male,1,No,No,30,Yes,Yes,Fiber optic,Yes,No,Yes,No,No,No,Month-to-month,Yes,Electronic check,88.17,2659.56,Yes
1326-FNCLA,Male,0,Yes,Yes,25,Yes,No,Fiber optic,Yes,Yes,Yes,Yes,No,Yes,Month-to-month,Yes,Electronic check,111.64,2797.41,No
5593-FTNXX,Male,0,No,Yes,62,Yes,No,No,No internet service,No internet service,No internet service,No internet service,No internet service,No internet service,One year,Yes,Electronic check,40.36,2507.02,No
4556-KNQRM,Female,0,No,Yes,57,Yes,Yes,Fiber optic,No,No,Yes,Yes,Yes,No,Month-to-month,Yes,Bank transfer (automatic),107.86,6149.49,No
5701-ABLYJ,Male,0,No,Yes,17,Yes,Yes,Fiber optic,No,No,No,No,No,No,Month-to-month,Yes,Credit card (automatic),82.62,1394.81,No
9928-IBHKD,Female,0,No,No,57,Yes,Yes,No,No internet service,No internet service,No internet service,No internet service,No internet service,No internet service,Month-to-month,No,Bank transfer (automatic),35.67,2041.59,No
4593-PFUEV,Female,1,Yes,Yes,18,Yes,Yes,No,No internet service,No internet service,No internet service,No internet service,No internet service,No internet service,Month-to-month,No,Bank transfer (automatic),48.31,865.5,No
2072-GJHRH,Male,0,Yes,No,65,Yes,Yes,Fiber optic,No,No,Yes,Yes,No,No,One year,Yes,Bank transfer (automatic),103.18,6717.61,No
2166-EXQYD,Male,0,No,No,0,Yes,No,Fiber optic,No,No,No,Yes,Yes,Yes,Month-to-month,Yes,Electronic check,109.9, ,Yes
7158-KWOER,Male,0,Yes,Yes,48,Yes,No,Fiber optic,No,No,No,No,Yes,Yes,Month-to-month,Yes,Credit card (automatic),108.63,5206.21,No
6212-ZUVJK,Male,0,Yes,Yes,11,Yes,Yes,Fiber optic,Yes,No,No,No,No,No,Month-to-month,Yes,Credit card (automatic),90.4,984.3,No
6438-VGHZR,Female,0,No,No,49,Yes,No,Fiber optic,Yes,Yes,No,Yes,Yes,Yes,Month-to-month,No,Electronic check,120.0,5885.33,No
5341-FILVP,Female,0,Yes,No,71,Yes,No,No,No internet service,No internet service,No internet service,No internet service,No internet service,No internet service,Two year,Yes,Electronic check,40.99,2918.7,No
4017-VRYNZ,Male,0,No,No,48,Yes,No,Fiber optic,Yes,Yes,No,Yes,Yes,No,Two year,No,Bank transfer (automatic),103.69,4967.22,No
7495-WMEMW,Male,0,No,Yes,31,Yes,No,DSL,No,Yes,Yes,No,No,No,Month-to-month,Yes,Credit card (automatic),73.47,2257.39,No
8130-PAJDH,Male,1,No,No,60,No,No phone service,Fiber optic,No,Yes,Yes,No,Yes,Yes,Month-to-month,Yes,Bank transfer (automatic),92.29,5542.47,Yes
9699-SCLPW,Female,0,Yes,No,14,Yes,No,Fiber optic,No,No,No,Yes,No,No,Month-to-month,No,Mailed check,92.09,1296.33,Yes
4117-YXXIM,Female,1,Yes,No,39,Yes,No,Fiber optic,No,Yes,No,No,Yes,Yes,One year,No,Mailed check,111.79,4362.13,No
4586-WCPAE,Male,0,No,No,70,Yes,No,Fiber optic,No,Yes,No,Yes,Yes,No,Month-to-month,No,Mailed check,107.32,7510.51,No
1129-CZBXB,Male,0,Yes,No,25,Yes,No,No,No internet service,No internet service,No internet service,No internet service,No internet service,No internet service,Two year,No,Credit card (automatic),41.09,1043.13,No
6077-VUDQX,Male,1,No,No,1,No,No phone service,DSL,Yes,No,No,Yes,No,No,Month-to-month,No,Bank transfer (automatic),55.72,36.26,Yes
7368-HMZCL,Male,0,No,No,32,Yes,Yes,No,No internet service,No internet service,No internet service,No internet service,No internet service,No internet service,Two year,Yes,Credit card (automatic),40.55,1280.84,No
3761-DLFPF,Male,0,Yes,No,35,Yes,Yes,Fiber optic,Yes,No,No,No,No,No,Month-to-month,No,Electronic check,88.17,3074.49,No
4126-EMURD,Male,0,Yes,Yes,59,Yes,No,DSL,No,No,Yes,No,Yes,Yes,Month-to-month,No,Electronic check,86.5,5101.17,No
5633-MIVQP,Male,0,No,No,58,Yes,Yes,DSL,No,No,No,No,No,No,Month-to-month,Yes,Bank transfer (automatic),73.15,4230.0,No
4182-TUCSV,Male,1,Yes,Yes,24,Yes,Yes,No,No internet service,No internet service,No internet service,No internet service,No internet service,No internet service,Month-to-month,Yes,Electronic check,44.62,1058.6,No
4791-PYAQV,Male,0,No,No,56,Yes,Yes,No,No internet service,No internet service,No internet service,No internet service,No internet service,No internet service,Two year,No,Electronic check,40.22,2270.45,No
3302-ROABU,Female,0,No,No,10,Yes,No,DSL,No,Yes,No,Yes,No,No,Month-to-month,Yes,Credit card (automatic),73.66,734.95,No
5002-ZVQKW,Female,0,Yes,No,13,No,No phone service,Fiber optic,No,No,Yes,No,No,No,Month-to-month,No,Mailed check,77.97,1029.65,No
2893-WLZQG,Male,0,No,No,44,Yes,No,DSL,No,No,No,Yes,Yes,No,Two year,Yes,Mailed check,85.04,3741.85,No
6018-MJKPS,Male,0,Yes,Yes,51,Yes,No,Fiber optic,No,Yes,No,Yes,No,Yes,Month-to-month,Yes,Electronic check,108.83,5536.08,No
2649-QHLCY,Female,1,Yes,Yes,58,Yes,Yes,DSL,Yes,Yes,Yes,No,Yes,Yes,Month-to-month,Yes,Electronic check,95.57,5565.2,No
8976-XLDIL,Female,0,No,No,45,Yes,No,Fiber optic,No,Yes,No,No,Yes,No,Month-to-month,No,Credit card (automatic),101.76,4571.12,No
2084-AVPIW,Male,1,No,Yes,9,Yes,Yes,Fiber optic,No,Yes,No,No,No,No,Month-to-month,No,Electronic check,84.12,763.85,Yes
4377-QZINX,Female,0,No,Yes,49,Yes,Yes,Fiber optic,No,Yes,Yes,No,No,No,Two year,No,Mailed check,102.77,5050.43,No
1538-WHWQT,Male,0,No,No,31,Yes,No,DSL,No,Yes,No,No,No,No,Month-to-month,No,Bank transfer (automatic),66.21,2048.72,No
2725-CNPGO,Male,0,No,No,19,Yes,Yes,Fiber optic,No,No,No,No,Yes,Yes,One year,No,Mailed check,102.22,1937.12,No
4034-YKUEG,Female,0,Yes,Yes,24,Yes,No,No,No internet service,No internet service,No internet service,No internet service,No internet service,No internet service,Month-to-month,Yes,Credit card (automatic),40.33,952.24,No
7658-TRJZJ,Female,1,Yes,No,59,Yes,No,Fiber optic,No,Yes,Yes,Yes,No,Yes,Month-to-month,Yes,Electronic check,105.97,6254.31,Yes
2022-XOCBE,Female,0,Yes,No,12,Yes,No,No,No internet service,No internet service,No internet service,No internet service,No internet service,No internet service,One year,Yes,Mailed check,44.25,515.66,No
7647-KFLQX,Male,0,Yes,No,40,Yes,No,No,No internet service,No internet service,No internet service,No internet service,No internet service,No internet service,One year,Yes,Bank transfer (automatic),38.43,1531.64,No
8496-QCOVS,Female,0,Yes,Yes,6,Yes,No,DSL,No,No,No,No,No,Yes,One year,No,Electronic check,80.76,477.34,No
4547-BZNFR,Male,0,No,No,52,Yes,Yes,DSL,No,Yes,No,Yes,No,Yes,Month-to-month,Yes,Credit card (automatic),86.46,4484.5,No
6838-WEATG,Female,0,Yes,No,10,No,No phone service,Fiber optic,No,No,No,No,No,Yes,Month-to-month,No,Mailed check,73.33,738.53,No
6059-FIWAK,Male,1,No,Yes,68,Yes,No,Fiber optic,No,No,No,Yes,No,Yes,One year,No,Bank transfer (automatic),97.09,6624.87,No
4081-YWTKW,Male,0,No,No,64,No,No phone service,No,No internet service,No internet service,No internet service,No internet service,No internet service,No internet service,One year,Yes,Electronic check,18.0,1167.48,No
3003-VPEEB,Female,0,No,No,62,Yes,Yes,DSL,No,No,No,No,No,No,Month-to-month,Yes,Mailed check,63.67,3908.6,No
9659-PCBDO,Female,0,Yes,No,25,Yes,No,DSL,No,Yes,Yes,No,No,Yes,Month-to-month,No,Electronic check,83.58,2090.23,No
1121-GYYVL,Female,0,No,Yes,57,Yes,No,No,No internet service,No internet service,No internet service,No internet service,No internet service,No internet service,Two year,No,Electronic check,36.92,2148.73,No
4332-QCPCY,Male,0,No,No,9,Yes,Yes,No,No internet service,No internet service,No internet service,No internet service,No internet service,No internet service,Month-to-month,No,Credit card (automatic),38.16,345.2,No
2879-VCUYI,Male,0,Yes,No,21,Yes,No,Fiber optic,No,Yes,No,Yes,Yes,No,One year,No,Bank transfer (automatic),103.92,2175.63,No
2590-JNJDJ,Female,0,Yes,Yes,9,Yes,No,Fiber optic,Yes,Yes,No,No,No,Yes,One year,No,Bank transfer (automatic),111.77,1031.42,No
8062-WYMLR,Female,0,Yes,Yes,3,Yes,No,No,No internet service,No internet service,No internet service,No internet service,No internet service,No internet service,Month-to-month,No,Credit card (automatic),35.02,104.47,No
5848-FYZOY,Male,1,No,No,26,Yes,Yes,Fiber optic,No,Yes,No,No,Yes,No,Month-to-month,Yes,Electronic check,95.96,2518.3,Yes
3586-PVXPV,Female,1,No,Yes,41,Yes,No,No,No internet service,No internet service,No internet service,No internet service,No internet service,No internet service,Month-to-month,No,Electronic check,33.65,1376.23,No
5992-CSZNH,Female,0,No,No,62,Yes,Yes,No,No internet service,No internet service,No internet service,No internet service,No internet service,No internet service,One year,No,Bank transfer (automatic),38.87,2418.19,No
1269-FLZKC,Male,0,No,No,2,Yes,Yes,DSL,Yes,No,No,No,No,No,Two year,Yes,Electronic check,74.87,136.96,No
9001-QTYZZ,Female,0,Yes,Yes,29,Yes,No,DSL,Yes,No,No,Yes,No,Yes,Month-to-month,Yes,Bank transfer (automatic),89.79,2623.79,No
7879-WNXZM,Female,0,Yes,No,52,Yes,No,No,No internet service,No internet service,No internet service,No internet service,No internet service,No internet service,Month-to-month,No,Mailed check,41.44,2153.82,No
3536-YUFFG,Female,0,No,No,14,Yes,No,Fiber optic,No,No,Yes,No,No,Yes,Month-to-month,Yes,Electronic check,95.7,1342.34,Yes
8083-FJSHA,Female,0,No,Yes,53,Yes,No,DSL,No,No,No,Yes,Yes,No,One year,No,Bank transfer (automatic),76.72,4084.8,No
8785-FXLKJ,Male,0,No,No,41,Yes,No,Fiber optic,Yes,No,Yes,Yes,Yes,No,Month-to-month,Yes,Mailed check,112.46,4620.01,No
1283-APGIB,Female,1,Yes,No,41,Yes,No,Fiber optic,No,Yes,No,Yes,Yes,No,Two year,Yes,Electronic check,107.33,4397.07,No
7103-GANHJ,Female,1,Yes,No,9,Yes,Yes,DSL,No,No,No,No,Yes,No,Month-to-month,Yes,Credit card (automatic),82.53,714.95,Yes
7365-VTJDK,Female,0,Yes,No,12,No,No phone service,Fiber optic,No,Yes,No,Yes,Yes,No,Month-to-month,Yes,Electronic check,89.1,1066.95,Yes
2666-IZECF,Female,0,Yes,No,64,No,No phone service,DSL,Yes,No,Yes,No,Yes,No,Month-to-month,Yes,Electronic check,64.47,4118.89,No
4383-YMNDX,Male,0,Yes,No,63,Yes,No,DSL,Yes,No,No,No,No,No,Two year,Yes,Bank transfer (automatic),69.29,4365.57,No
8394-PFIOZ,Male,0,No,Yes,33,Yes,No,DSL,No,No,Yes,No,No,No,One year,Yes,Mailed check,68.88,2268.8,No
6388-BCYSK,Male,0,No,Yes,43,Yes,Yes,Fiber optic,Yes,No,Yes,No,No,No,Month-to-month,Yes,Mailed check,99.1,4286.32,No
9677-ULUAH,Female,1,Yes,No,39,Yes,No,No,No internet service,No internet service,No internet service,No internet service,No internet service,No internet service,Month-to-month,Yes,Mailed check,41.74,1638.53,No
7812-CCUST,Female,0,Yes,No,37,Yes,Yes,Fiber optic,Yes,No,No,No,No,No,Two year,No,Bank transfer (automatic),87.01,3212.38,No
9643-GAWNO,Female,0,Yes,No,51,Yes,No,No,No internet service,No internet service,No internet service,No internet service,No internet service,No internet service,Two year,No,Electronic check,50.1,2568.95,No
8290-TSMKC,Male,0,Yes,Yes,41,Yes,Yes,DSL,No,Yes,No,Yes,Yes,No,Month-to-month,Yes,Credit card (automatic),89.85,3712.61,Yes
9341-CWRJZ,Female,0,No,No,9,No,No phone service,Fiber optic,No,No,Yes,No,No,No,One year,No,Mailed check,67.46,594.38,No
5019-UKLXW,Male,0,Yes,No,6,Yes,No,Fiber optic,No,No,No,No,No,Yes,Two year,No,Electronic check,90.23,536.79,No
4968-MBOZI,Male,0,No,No,62,Yes,No,No,No internet service,No internet service,No internet service,No internet service,No internet service,No internet service,Month-to-month,No,Electronic check,44.07,2718.77,No
4113-RMOIY,Female,0,Yes,Yes,54,Yes,No,Fiber optic,No,No,No,Yes,Yes,No,Month-to-month,No,Credit card (automatic),101.57,5492.09,No
4397-KZMTE,Male,0,Yes,Yes,14,Yes,No,No,No internet service,No internet service,No internet service,No internet service,No internet service,No internet service,Month-to-month,No,Electronic check,38.82,585.16,No
3529-UHZCZ,Male,0,No,Yes,4,Yes,No,DSL,No,Yes,Yes,No,No,No,Month-to-month,No,Bank transfer (automatic),77.89,335.21,No
7129-MENKH,Male,0,Yes,No,16,No,No phone service,No,No internet service,No internet service,No internet service,No internet service,No internet service,No internet service,Two year,No,Electronic check,18.23,285.31,No
6249-ZSDZU,Male,0,Yes,Yes,42,Yes,No,No,No internet service,No internet service,No internet service,No internet service,No internet service,No internet service,Month-to-month,Yes,Credit card (automatic),43.67,1846.94,No
7968-OBQPQ,Male,1,No,No,42,Yes,Yes,No,No internet service,No internet service,No internet service,No internet service,No internet service,No internet service,Month-to-month,Yes,Credit card (automatic),35.56,1518.18,No
4386-LONVS,Female,0,Yes,Yes,12,Yes,Yes,DSL,No,No,No,No,No,No,Month-to-month,No,Electronic check,71.58,826.41,Yes
5517-YEKHL,Female,0,Yes,Yes,12,Yes,Yes,DSL,No,No,Yes,No,Yes,No,One year,Yes,Electronic check,77.95,915.44,No
2582-EQRMX,Male,0,Yes,No,15,Yes,Yes,Fiber optic,No,No,No,No,Yes,No,Month-to-month,Yes,Electronic check,94.28,1432.83,Yes
5245-NFGNM,Male,0,Yes,No,32,No,No phone service,Fiber optic,Yes,Yes,No,No,No,No,Month-to-month,No,Credit card (automatic),78.48,2481.9,No
3601-MGGJO,Male,0,No,No,17,Yes,No,Fiber optic,No,No,Yes,Yes,Yes,Yes,Month-to-month,No,Bank transfer (automatic),113.79,1935.86,No
6593-QOGNL,Male,0,Yes,Yes,33,Yes,Yes,DSL,No,Yes,Yes,No,No,No,Two year,Yes,Credit card (automatic),74.3,2466.41,No
8873-QLXSC,Female,0,No,No,1,Yes,No,Fiber optic,No,No,Yes,No,Yes,No,Month-to-month,No,Mailed check,97.82,104.25,Yes
1204-XNDDM,Male,1,No,No,68,Yes,Yes,DSL,No,No,No,No,Yes,No,Month-to-month,No,Credit card (automatic),73.74,5012.44,No
4532-WNXFU,Male,0,Yes,No,65,Yes,Yes,Fiber optic,No,No,No,No,No,Yes,Two year,Yes,Credit card (automatic),88.58,5785.21,No
1627-CEIJF,Male,0,Yes,No,24,Yes,No,DSL,No,No,No,No,No,Yes,Month-to-month,No,Electronic check,80.98,1960.22,Yes
1513-NCKIX,Male,1,Yes,No,58,Yes,No,No,No internet service,No internet service,No internet service,No internet service,No internet service,No internet service,One year,No,Electronic check,39.82,2353.68,No
2028-GYWVJ,Male,0,Yes,No,39,Yes,No,DSL,No,No,No,Yes,No,No,Month-to-month,No,Electronic check,76.54,2962.67,No
4663-WEGDK,Male,0,Yes,No,2,Yes,No,Fiber optic,No,No,No,No,No,No,Two year,Yes,Mailed check,85.21,159.89,No
2251-JKTHQ,Female,0,No,No,20,Yes,No,DSL,No,Yes,No,No,Yes,No,Month-to-month,No,Bank transfer (automatic),80.36,1605.89,No
6196-YIECZ,Female,0,Yes,No,4,No,No phone service,DSL,No,No,Yes,No,Yes,No,Month-to-month,No,Credit card (automatic),57.64,256.59,No
3821-CENNF,Female,0,No,No,51,Yes,Yes,Fiber optic,No,No,No,Yes,Yes,No,Month-to-month,No,Bank transfer (automatic),96.49,4935.84,No
5755-MDTBM,Male,0,No,No,57,Yes,No,DSL,No,No,No,No,Yes,Yes,Two year,Yes,Electronic check,79.56,4526.81,No
6811-WGSON,Female,0,No,Yes,45,Yes,Yes,Fiber optic,No,No,No,Yes,No,No,Two year,No,Credit card (automatic),88.54,3964.73,No
7643-YOVTY,Female,1,Yes,No,0,Yes,No,DSL,No,Yes,Yes,No,No,No,Month-to-month,No,Credit card (automatic),77.12, ,No
7731-ONYBD,Male,0,Yes,Yes,17,Yes,Yes,Fiber optic,No,Yes,No,No,Yes,No,Month-to-month,Yes,Electronic check,99.59,1727.9,No
4512-YYNSA,Male,0,No,No,34,Yes,No,No,No internet service,No internet service,No internet service,No internet service,No internet service,No internet service,Month-to-month,No,Credit card (automatic),41.42,1407.8,No
2683-VRXWO,Female,0,Yes,Yes,10,Yes,Yes,Fiber optic,No,No,No,Yes,No,No,Month-to-month,No,Electronic check,96.23,966.28,Yes
9648-LQWUB,Male,0,No,Yes,7,Yes,No,DSL,No,Yes,Yes,Yes,No,No,Month-to-month,Yes,Mailed check,71.14,478.1,No
9725-WSSEP,Male,0,No,Yes,22,Yes,Yes,Fiber optic,No,Yes,Yes,No,Yes,No,Two year,No,Bank transfer (automatic),114.27,2514.56,No
1346-POHEF,Female,0,No,Yes,43,Yes,No,DSL,No,No,No,Yes,No,No,Month-to-month,No,Electronic check,69.59,2975.24,No
6650-PHJMG,Female,1,Yes,Yes,6,Yes,No,Fiber optic,No,No,No,No,No,No,Two year,Yes,Bank transfer (automatic),86.07,519.05,No
6512-OLORI,Female,0,Yes,Yes,72,Yes,Yes,No,No internet service,No internet service,No internet service,No internet service,No internet service,No internet service,Month-to-month,No,Mailed check,45.29,3254.23,No
4044-QNBYX,Female,0,No,No,33,Yes,No,DSL,Yes,Yes,No,No,No,No,Two year,Yes,Mailed check,70.07,2298.02,No
6040-DZWPL,Female,0,No,No,12,Yes,Yes,DSL,No,Yes,No,No,No,No,Month-to-month,Yes,Bank transfer (automatic),72.98,899.72,Yes
7339-UOQQO,Female,0,No,No,1,Yes,Yes,No,No internet service,No internet service,No internet service,No internet service,No internet service,No internet service,Month-to-month,Yes,Electronic check,44.97,70.56,Yes
6353-WFEGZ,Male,0,No,No,69,Yes,Yes,Fiber optic,Yes,No,No,No,No,No,Two year,No,Electronic check,97.37,6728.45,No
8457-VTYOZ,Female,0,No,Yes,43,Yes,No,DSL,No,Yes,Yes,No,No,No,Month-to-month,No,Electronic check,76.84,3268.22,Yes
1063-FSZGO,Female,0,No,No,63,Yes,Yes,No,No internet service,No internet service,No internet service,No internet service,No internet service,No internet service,Two year,Yes,Electronic check,35.48,2214.11,No
1967-PVHPE,Female,0,No,No,56,No,No phone service,DSL,Yes,Yes,Yes,No,No,Yes,One year,Yes,Mailed check,67.95,3784.91,No
4354-EIACJ,Female,0,Yes,No,71,Yes,No,No,No internet service,No internet service,No internet service,No internet service,No internet service,No internet service,Two year,Yes,Bank transfer (automatic),41.39,2976.3,No
1592-VATLA,Male,0,Yes,No,64,Yes,No,DSL,No,Yes,Yes,No,Yes,No,Two year,Yes,Electronic check,81.54,5239.75,No
1936-VXOCH,Male,0,No,No,55,Yes,Yes,No,No internet service,No internet service,No internet service,No internet service,No internet service,No internet service,Month-to-month,Yes,Bank transfer (automatic),42.57,2368.53,No
3368-MGAIL,Male,0,No,No,62,Yes,Yes,No,No internet service,No internet service,No internet service,No internet service,No internet service,No internet service,Month-to-month,Yes,Credit card (automatic),42.28,2606.39,No
7871-HDPVU,Male,0,Yes,No,62,Yes,Yes,DSL,Yes,No,Yes,Yes,No,Yes,One year,No,Electronic check,88.39,5449.5,No
3652-NFQYZ,Male,0,No,No,18,Yes,Yes,No,No internet service,No internet service,No internet service,No internet service,No internet service,No internet service,Month-to-month,No,Electronic check,39.08,723.77,Yes
1573-TTFRZ,Female,0,Yes,Yes,43,Yes,No,DSL,No,No,No,No,Yes,Yes,Month-to-month,Yes,Mailed check,85.75,3641.9,No
4708-GPMHV,Female,1,Yes,No,71,Yes,Yes,No,No internet service,No internet service,No internet service,No internet service,No internet service,No internet service,Month-to-month,Yes,Bank transfer (automatic),33.44,2375.86,No
6648-NLUMQ,Male,0,No,No,63,Yes,No,Fiber optic,No,Yes,No,No,No,Yes,One year,No,Electronic check,108.0,6816.08,Yes
3860-UFJFZ,Male,0,Yes,Yes,7,No,No phone service,DSL,No,No,No,No,No,No,Month-to-month,No,Mailed check,44.43,288.61,No
4527-LYNPL,Female,1,No,No,8,Yes,No,Fiber optic,No,Yes,Yes,No,Yes,No,Month-to-month,Yes,Credit card (automatic),109.6,906.99,Yes
2987-CSDLB,Female,0,No,No,14,Yes,Yes,DSL,No,No,Yes,No,No,Yes,Two year,No,Mailed check,84.64,1179.26,No
4714-TJESU,Female,0,No,No,54,Yes,No,Fiber optic,Yes,Yes,No,No,Yes,No,Two year,Yes,Electronic check,101.73,5499.95,No
9694-XSFUE,Male,0,Yes,Yes,28,Yes,No,Fiber optic,No,Yes,No,No,Yes,No,Month-to-month,Yes,Bank transfer (automatic),97.45,2739.26,Yes
3300-WGZMV,Male,0,No,No,45,Yes,No,Fiber optic,No,No,No,Yes,No,No,Month-to-month,No,Mailed check,84.88,3823.4,Yes
3617-JSNHH,Female,0,Yes,No,10,Yes,Yes,No,No internet service,No internet service,No internet service,No internet service,No internet service,No internet service,One year,Yes,Credit card (automatic),35.65,345.26,No
3167-OFLPV,Male,1,No,Yes,4,No,No phone service,No,No internet service,No internet service,No internet service,No internet service,No internet service,No internet service,Month-to-month,No,Credit card (automatic),25.65,86.37,No
2498-YYIQZ,Male,0,Yes,No,56,No,No phone service,Fiber optic,No,Yes,No,No,No,No,One year,No,Electronic check,64.45,3616.82,No
8086-WZVVZ,Male,0,No,No,21,No,No phone service,Fiber optic,Yes,Yes,Yes,No,Yes,No,Two year,No,Credit card (automatic),88.42,1869.37,No
7216-GHOZZ,Male,0,No,Yes,3,Yes,No,DSL,No,No,No,Yes,No,No,Month-to-month,Yes,Bank transfer (automatic),71.66,234.54,No
7308-OAAEU,Male,1,Yes,No,15,Yes,No,No,No internet service,No internet service,No internet service,No internet service,No internet service,No internet service,Month-to-month,Yes,Electronic check,36.46,543.94,Yes
9675-YWNBU,Female,0,Yes,Yes,23,Yes,No,No,No internet service,No internet service,No internet service,No internet service,No internet service,No internet service,Month-to-month,No,Credit card (automatic),39.25,904.34,Yes
9636-JWYZA,Male,1,Yes,No,29,Yes,No,No,No internet service,No internet service,No internet service,No internet service,No internet service,No internet service,Month-to-month,Yes,Electronic check,40.9,1168.45,No
8498-KNLQT,Female,0,No,No,65,Yes,No,Fiber optic,No,No,Yes,Yes,No,No,One year,No,Electronic check,98.95,6452.2,No
8009-FFBOW,Female,0,No,Yes,14,Yes,No,DSL,No,No,No,No,No,No,Month-to-month,No,Bank transfer (automatic),67.45,927.37,No
8682-HNQXR,Male,0,No,No,44,Yes,Yes,DSL,No,No,No,No,No,Yes,Two year,Yes,Mailed check,78.39,3460.95,No
4490-ZKYCA,Male,0,No,No,20,Yes,No,Fiber optic,Yes,Yes,No,No,No,Yes,One year,Yes,Credit card (automatic),106.09,2142.08,Yes
9689-DTEIT,Female,0,Yes,No,36,Yes,Yes,DSL,Yes,No,No,No,No,Yes,Month-to-month,Yes,Mailed check,74.6,2705.54,No
3295-RAHJO,Female,1,No,No,21,No,No phone service,Fiber optic,No,No,Yes,No,No,Yes,Month-to-month,No,Bank transfer (automatic),80.77,1668.94,Yes
3244-RDIBQ,Male,0,Yes,No,25,Yes,No,Fiber optic,Yes,No,Yes,No,No,No,Month-to-month,Yes,Bank transfer (automatic),90.57,2233.37,Yes
9865-EOPDT,Male,0,No,No,43,Yes,Yes,Fiber optic,No,No,No,Yes,No,No,Month-to-month,No,Credit card (automatic),90.1,3855.92,No
6252-STCQH,Female,0,Yes,Yes,43,Yes,No,Fiber optic,Yes,No,No,No,No,No,One year,No,Electronic check,91.67,3920.65,Yes
3316-YRHFC,Male,0,No,No,9,Yes,No,DSL,No,No,No,No,No,No,Month-to-month,Yes,Electronic check,63.88,617.16,No
1930-HMQHZ,Male,0,Yes,No,11,No,No phone service,Fiber optic,No,No,No,No,Yes,Yes,Month-to-month,Yes,Credit card (automatic),86.35,957.25,Yes
2855-VEQCN,Male,0,Yes,No,17,Yes,No,DSL,No,No,No,Yes,No,No,Month-to-month,No,Electronic check,65.91,1095.16,Yes
5771-AELRH,Male,0,Yes,No,65,Yes,Yes,DSL,No,No,No,No,No,No,Month-to-month,Yes,Bank transfer (automatic),64.32,4160.89,Yes
6610-GCJFY,Female,1,No,No,23,Yes,No,Fiber optic,Yes,No,No,No,Yes,No,One year,Yes,Electronic check,98.91,2306.23,Yes
3491-KTGLQ,Male,0,No,No,42,Yes,Yes,DSL,No,No,Yes,Yes,No,No,Two year,Yes,Bank transfer (automatic),65.41,2773.11,No
8396-UVDTN,Male,0,Yes,No,32,Yes,Yes,DSL,No,Yes,No,No,No,No,One year,Yes,Electronic check,71.62,2265.35,No
5655-ULGXO,Female,0,Yes,Yes,25,Yes,No,DSL,No,No,Yes,Yes,No,No,Two year,No,Credit card (automatic),65.2,1645.5,No
4967-AUIVM,Male,1,Yes,No,2,Yes,No,DSL,No,No,Yes,No,No,No,One year,No,Bank transfer (automatic),68.01,129.72,No
8289-NNRTV,Male,0,No,No,32,Yes,No,DSL,No,Yes,No,No,No,No,Month-to-month,No,Bank transfer (automatic),73.9,2360.73,No
9608-SBAFH,Female,0,No,No,72,Yes,No,Fiber optic,No,No,No,Yes,No,No,Two year,Yes,Electronic check,86.84,6225.38,No
6097-XJUJY,Male,0,No,No,68,Yes,No,No,No internet service,No internet service,No internet service,No internet service,No internet service,No internet service,Month-to-month,Yes,Electronic check,43.44,2946.04,Yes
6274-JXVHO,Female,0,No,No,21,Yes,Yes,DSL,No,No,No,Yes,Yes,No,Month-to-month,Yes,Electronic check,88.38,1835.27,No
6377-NNZQM,Male,1,Yes,No,38,Yes,Yes,DSL,No,No,No,Yes,Yes,Yes,Two year,Yes,Electronic check,88.95,3405.41,No
8734-OXSHS,Male,1,Yes,Yes,20,Yes,No,DSL,No,No,No,Yes,No,Yes,One year,No,Mailed check,77.34,1527.43,Yes
7536-GNHPB,Male,0,No,No,67,Yes,No,DSL,No,No,No,No,Yes,No,Two year,Yes,Mailed check,78.41,5276.65,No
2115-LRPQJ,Female,0,No,No,40,Yes,No,Fiber optic,No,Yes,Yes,Yes,No,No,Month-to-month,Yes,Credit card (automatic),100.3,4004.25,No
2321-OLCKM,Male,0,Yes,Yes,67,Yes,Yes,Fiber optic,No,No,Yes,Yes,No,Yes,Two year,No,Bank transfer (automatic),112.64,7508.45,Yes
4972-PCSIP,Male,0,No,No,62,Yes,Yes,Fiber optic,No,Yes,No,No,Yes,No,Month-to-month,Yes,Mailed check,97.0,6000.78,No
7666-JVXKV,Female,1,Yes,No,23,Yes,Yes,Fiber optic,No,No,Yes,No,No,Yes,Month-to-month,No,Credit card (automatic),93.38,2122.29,Yes
4937-ZSAFB,Male,0,Yes,Yes,33,Yes,No,No,No internet service,No internet service,No internet service,No internet service,No internet service,No internet service,Two year,No,Mailed check,36.51,1213.48,No
8730-RWOEH,Female,0,Yes,No,41,Yes,Yes,No,No internet service,No internet service,No internet service,No internet service,No internet service,No internet service,Month-to-month,Yes,Mailed check,37.95,1531.43,No
3203-BKBHU,Male,0,No,No,18,Yes,No,DSL,No,No,No,No,No,No,One year,Yes,Electronic check,60.36,1076.27,Yes
9674-LUOOH,Female,0,No,Yes,60,Yes,No,DSL,Yes,No,No,No,Yes,No,Two year,No,Bank transfer (automatic),76.29,4582.57,No
9162-FWRWC,Male,0,No,Yes,41,Yes,Yes,Fiber optic,No,Yes,No,No,Yes,No,Two year,No,Electronic check,93.6,3812.23,No
5273-YHITW,Female,0,No,No,15,Yes,Yes,Fiber optic,No,No,Yes,Yes,No,No,Month-to-month,No,Electronic check,96.75,1477.65,Yes
4252-NUWTV,Male,0,No,No,35,Yes,No,Fiber optic,No,No,No,No,No,Yes,Month-to-month,No,Mailed check,96.37,3375.6,No
3305-WJHFE,Female,0,Yes,No,59,Yes,Yes,Fiber optic,No,Yes,No,No,Yes,No,Two year,Yes,Credit card (automatic),97.42,5748.09,No
5036-SZHRI,Female,0,No,Yes,30,No,No phone service,No,No internet service,No internet service,No internet service,No internet service,No internet service,No internet service,One year,Yes,Credit card (automatic),22.33,638.32,No
2919-GKUGV,Male,1,Yes,Yes,51,Yes,No,Fiber optic,No,No,No,No,Yes,No,Month-to-month,No,Mailed check,91.82,4670.96,No
7150-ARYHS,Male,0,No,No,71,Yes,No,No,No internet service,No internet service,No internet service,No internet service,No internet service,No internet service,Month-to-month,Yes,Credit card (automatic),41.91,2968.6,No
7873-FLSJO,Male,0,Yes,No,24,Yes,Yes,No,No internet service,No internet service,No internet service,No internet service,No internet service,No internet service,Month-to-month,No,Mailed check,36.72,855.16,No
8309-XVRWL,Female,0,Yes,No,72,Yes,Yes,Fiber optic,No,No,No,Yes,No,Yes,Two year,Yes,Bank transfer (automatic),105.36,7601.6,No
2559-EWUNZ,Female,0,No,No,30,No,No phone service,DSL,No,Yes,Yes,No,No,No,Month-to-month,No,Credit card (automatic),58.42,1751.6,No
7415-UJSUX,Female,0,Yes,No,41,Yes,No,DSL,Yes,No,No,No,No,Yes,Two year,No,Mailed check,75.83,3090.01,No
2984-SKZZM,Male,0,Yes,No,56,Yes,No,Fiber optic,Yes,No,No,Yes,No,No,Month-to-month,No,Mailed check,98.09,5484.39,No
4713-TKPOD,Female,0,No,No,4,Yes,No,No,No internet service,No internet service,No internet service,No internet service,No internet service,No internet service,Month-to-month,No,Electronic check,44.17,175.6,No
5494-GAJGG,Male,0,No,Yes,51,Yes,Yes,No,No internet service,No internet service,No internet service,No internet service,No internet service,No internet service,One year,Yes,Credit card (automatic),44.68,2316.69,No
6079-CHAWK,Female,1,Yes,No,41,Yes,No,DSL,Yes,No,No,No,No,Yes,Two year,No,Electronic check,82.84,3402.54,No
2267-EOZFM,Male,0,Yes,No,47,Yes,No,DSL,No,No,No,Yes,No,No,Month-to-month,Yes,Mailed check,69.89,3266.72,No
8749-VGMZL,Female,0,Yes,No,69,Yes,Yes,No,No internet service,No internet service,No internet service,No internet service,No internet service,No internet service,Month-to-month,No,Credit card (automatic),35.78,2453.58,No
1569-SQXWI,Female,0,No,Yes,35,Yes,No,Fiber optic,Yes,Yes,No,Yes,No,No,One year,No,Mailed check,105.68,3688.73,No
9987-JGUOF,Female,0,No,Yes,67,Yes,Yes,Fiber optic,No,Yes,No,No,No,No,Month-to-month,Yes,Bank transfer (automatic),85.48,5736.71,No
2211-ZSTHK,Male,0,Yes,No,41,Yes,Yes,DSL,Yes,No,No,No,No,No,Month-to-month,Yes,Credit card (automatic),70.09,2879.58,No
1129-DJTCL,Male,1,No,Yes,15,Yes,Yes,DSL,Yes,No,Yes,No,Yes,No,One year,No,Credit card (automatic),87.17,1315.0,No
8341-QKDEB,Female,0,No,No,47,Yes,Yes,DSL,No,No,No,No,No,No,Month-to-month,Yes,Electronic check,63.67,2988.49,No
8231-GXJHF,Male,0,No,No,13,Yes,No,DSL,Yes,No,Yes,No,Yes,No,One year,Yes,Electronic check,86.81,1095.35,No
7701-IUVAC,Male,0,Yes,Yes,65,Yes,Yes,Fiber optic,No,Yes,Yes,Yes,No,Yes,Month-to-month,Yes,Credit card (automatic),105.15,6843.51,No
9712-NRKMI,Female,0,No,No,11,No,No phone service,DSL,No,Yes,Yes,Yes,No,Yes,One year,No,Electronic check,72.34,778.17,No
6337-MWYMT,Female,0,No,No,36,Yes,Yes,Fiber optic,No,No,No,No,Yes,No,Two year,Yes,Bank transfer (automatic),92.18,3327.18,No
9439-QHYRJ,Female,0,Yes,Yes,59,Yes,Yes,No,No internet service,No internet service,No internet service,No internet service,No internet service,No internet service,Two year,Yes,Mailed check,38.75,2259.5,No
9875-TZEFB,Female,0,Yes,No,0,Yes,No,DSL,No,Yes,Yes,Yes,No,No,One year,Yes,Credit card (automatic),84.36, ,No
1995-OCTRR,Male,0,Yes,No,35,No,No phone service,No,No internet service,No internet service,No internet service,No internet service,No internet service,No internet service,One year,No,Electronic check,26.29,932.85,No
5267-JHXLJ,Male,0,Yes,No,36,Yes,No,DSL,No,Yes,No,No,No,No,Month-to-month,Yes,Credit card (automatic),69.9,2554.08,No
3591-KFDHX,Female,0,No,Yes,24,Yes,Yes,Fiber optic,No,No,Yes,No,No,No,Month-to-month,Yes,Mailed check,91.75,2189.27,Yes
2138-CESSH,Male,0,No,No,49,Yes,No,DSL,Yes,No,Yes,No,No,No,Month-to-month,Yes,Electronic check,72.63,3585.98,No
4496-JAGUJ,Male,0,Yes,No,23,Yes,No,No,No internet service,No internet service,No internet service,No internet service,No internet service,No internet service,One year,No,Mailed check,39.84,935.07,No
1481-JWUVY,Male,0,No,Yes,27,Yes,No,DSL,No,Yes,Yes,No,No,No,Month-to-month,Yes,Mailed check,72.0,1934.96,Yes
3204-CFEAV,Female,0,Yes,No,20,Yes,No,Fiber optic,No,No,No,Yes,Yes,No,Month-to-month,No,Electronic check,99.54,1989.22,Yes
7461-TFQZH,Female,1,No,No,45,Yes,No,No,No internet service,No internet service,No internet service,No internet service,No internet service,No internet service,Month-to-month,No,Electronic check,33.9,1512.8,No
4883-FYYPG,Male,0,Yes,No,64,Yes,No,DSL,No,No,Yes,Yes,No,Yes,One year,No,Credit card (automatic),89.07,5684.18,No
2902-HRIPR,Male,0,No,No,12,Yes,No,Fiber optic,No,No,No,No,No,No,Month-to-month,Yes,Bank transfer (automatic),89.27,1040.45,Yes
5570-OJTOP,Male,1,No,No,29,Yes,No,Fiber optic,No,Yes,No,No,No,Yes,Month-to-month,Yes,Bank transfer (automatic),105.78,3046.11,No
9531-TOWBO,Female,0,No,No,16,Yes,No,DSL,No,No,No,No,No,Yes,One year,No,Mailed check,73.77,1127.93,No
9893-GQKCE,Male,0,No,No,17,Yes,No,DSL,Yes,No,Yes,No,No,No,Two year,Yes,Mailed check,73.87,1256.93,No
1178-YGLOV,Female,0,Yes,No,70,Yes,No,No,No internet service,No internet service,No internet service,No internet service,No internet service,No internet service,One year,No,Electronic check,32.75,2321.27,No
7505-YXJFD,Male,0,No,No,51,Yes,No,No,No internet service,No internet service,No internet service,No internet service,No internet service,No internet service,Month-to-month,Yes,Electronic check,41.74,2132.31,No
2225-UBPRT,Male,0,No,No,68,Yes,No,DSL,No,Yes,Yes,No,No,Yes,Two year,No,Credit card (automatic),88.18,5995.97,No
1311-JWAWU,Male,0,Yes,No,46,Yes,No,No,No internet service,No internet service,No internet service,No internet service,No internet service,No internet service,Month-to-month,Yes,Electronic check,34.25,1562.09,No
6493-YBWBT,Female,0,No,No,48,Yes,No,No,No internet service,No internet service,No internet service,No internet service,No internet service,No internet service,Month-to-month,No,Mailed check,39.55,1935.3,No
6995-ILHGI,Male,0,Yes,No,52,Yes,Yes,Fiber optic,No,Yes,No,No,Yes,No,Month-to-month,Yes,Credit card (automatic),102.64,5357.01,No
6295-QLTUL,Male,0,Yes,Yes,47,Yes,No,No,No internet service,No internet service,No internet service,No internet service,No internet service,No internet service,Month-to-month,No,Bank transfer (automatic),41.82,1939.09,No
1763-MRPHF,Male,0,No,No,60,Yes,Yes,DSL,Yes,No,No,No,No,No,One year,Yes,Electronic check,71.92,4356.02,No
9343-ZFHDZ,Male,0,Yes,Yes,23,Yes,Yes,Fiber optic,Yes,Yes,Yes,Yes,Yes,No,Month-to-month,Yes,Mailed check,119.85,2786.23,Yes
3149-CDOGW,Male,0,Yes,No,7,Yes,Yes,No,No internet service,No internet service,No internet service,No internet service,No internet service,No internet service,Two year,Yes,Mailed check,35.74,228.31,No
8639-CWPDD,Female,0,Yes,No,35,Yes,Yes,Fiber optic,No,Yes,Yes,No,Yes,No,One year,No,Mailed check,109.03,3830.93,No
2030-FHDRJ,Male,0,No,No,0,Yes,No,DSL,No,No,No,No,Yes,Yes,Month-to-month,No,Credit card (automatic),78.38, ,No
5012-GPYWZ,Male,0,No,Yes,3,Yes,Yes,Fiber optic,Yes,No,Yes,Yes,No,Yes,Month-to-month,Yes,Mailed check,115.07,305.07,Yes
5290-HBUIU,Male,0,Yes,No,3,Yes,Yes,DSL,No,No,No,No,No,Yes,One year,Yes,Bank transfer (automatic),74.97,205.9,Yes
7925-IXFYU,Female,0,No,No,5,Yes,Yes,DSL,No,No,No,No,No,Yes,Month-to-month,No,Mailed check,69.6,362.49,No
5437-IJATI,Male,1,No,No,51,Yes,Yes,DSL,Yes,No,No,No,No,No,Month-to-month,Yes,Bank transfer (automatic),76.09,3892.56,No
5947-RWHTH,Male,0,No,No,43,Yes,No,DSL,No,No,No,Yes,Yes,Yes,Month-to-month,Yes,Mailed check,82.14,3586.51,Yes
1539-ECGZS,Male,0,No,No,68,Yes,No,Fiber optic,No,No,No,No,No,Yes,Month-to-month,Yes,Bank transfer (automatic),93.06,6331.0,No
6232-SPWPM,Male,0,No,Yes,21,Yes,Yes,DSL,Yes,No,No,No,No,Yes,Month-to-month,Yes,Bank transfer (automatic),82.74,1700.62,No
1479-MJMZH,Male,1,Yes,No,24,Yes,No,Fiber optic,No,No,No,Yes,No,Yes,Two year,No,Mailed check,106.13,2526.74,No
8936-ZLCFS,Female,0,Yes,No,35,No,No phone service,No,No internet service,No internet service,No internet service,No internet service,No internet service,No internet service,Month-to-month,No,Mailed check,20.35,702.5,No
8578-MBYUB,Male,0,No,No,57,Yes,No,Fiber optic,No,No,Yes,Yes,Yes,Yes,Month-to-month,Yes,Credit card (automatic),107.72,6133.24,No
7603-RDLYA,Male,0,Yes,No,67,Yes,No,DSL,No,No,No,Yes,No,Yes,One year,No,Bank transfer (automatic),77.44,5180.95,No
5975-KOLAT,Male,0,Yes,No,53,Yes,Yes,No,No internet service,No internet service,No internet service,No internet service,No internet service,No internet service,Two year,No,Bank transfer (automatic),43.16,2292.92,No
9960-RZSUT,Male,1,Yes,No,37,Yes,No,DSL,Yes,No,No,Yes,No,Yes,One year,Yes,Credit card (automatic),82.39,3077.32,No
1831-OBSGN,Female,0,Yes,Yes,71,Yes,Yes,Fiber optic,No,Yes,Yes,No,No,No,Month-to-month,Yes,Electronic check,91.54,6506.16,Yes
9161-NEXVA,Female,0,No,No,13,Yes,Yes,DSL,No,No,No,No,Yes,No,Two year,Yes,Mailed check,75.38,940.29,No
5434-XNXIS,Female,0,Yes,No,34,Yes,No,No,No internet service,No internet service,No internet service,No internet service,No internet service,No internet service,Month-to-month,Yes,Electronic check,46.77,1596.35,No
6730-VSBNO,Male,0,No,Yes,18,Yes,Yes,DSL,No,No,No,No,No,No,Month-to-month,Yes,Electronic check,60.42,1050.31,No
8128-KTPOI,Female,0,No,No,12,No,No phone service,No,No internet service,No internet service,No internet service,No internet service,No internet service,No internet service,One year,Yes,Bank transfer (automatic),18.59,208.7,No
4221-SANXC,Male,0,Yes,No,28,Yes,Yes,No,No internet service,No internet service,No internet service,No internet service,No internet service,No internet service,Month-to-month,Yes,Electronic check,42.36,1219.69,Yes
9473-TSIQT,Female,0,Yes,Yes,55,Yes,Yes,No,No internet service,No internet service,No internet service,No internet service,No internet service,No internet service,One year,No,Electronic check,36.4,1959.91,No
6478-RFYIT,Female,0,Yes,No,23,Yes,No,No,No internet service,No internet service,No internet service,No internet service,No internet service,No internet service,Two year,Yes,Electronic check,43.75,1043.99,No
8253-FOGBX,Female,0,No,No,59,No,No phone service,Fiber optic,No,Yes,No,Yes,No,Yes,Month-to-month,No,Mailed check,84.04,4967.38,No
7035-GLOER,Female,0,Yes,No,44,Yes,Yes,No,No internet service,No internet service,No internet service,No internet service,No internet service,No internet service,Month-to-month,No,Credit card (automatic),40.57,1790.13,No
5204-CNEQQ,Male,1,No,Yes,51,No,No phone service,DSL,No,Yes,No,No,No,No,Month-to-month,No,Bank transfer (automatic),53.98,2724.35,Yes
9168-OKAOS,Male,0,Yes,No,17,Yes,Yes,No,No internet service,No internet service,No internet service,No internet service,No internet service,No internet service,Month-to-month,Yes,Bank transfer (automatic),38.84,660.24,No
9146-BITCE,Female,0,Yes,No,63,Yes,Yes,DSL,No,Yes,No,Yes,Yes,No,One year,Yes,Mailed check,84.65,5321.28,No
6000-NEQOG,Male,0,Yes,No,14,Yes,Yes,Fiber optic,Yes,Yes,Yes,Yes,Yes,No,Two year,Yes,Electronic check,118.28,1636.82,No
3948-JKOFV,Female,0,Yes,No,27,Yes,No,Fiber optic,No,No,Yes,No,No,Yes,One year,Yes,Credit card (automatic),95.11,2563.66,No
3044-QSICJ,Female,0,Yes,No,57,Yes,Yes,No,No internet service,No internet service,No internet service,No internet service,No internet service,No internet service,Two year,Yes,Electronic check,44.24,2567.02,No
6783-PBNKZ,Female,0,No,Yes,50,Yes,No,DSL,No,No,Yes,No,No,No,Month-to-month,Yes,Bank transfer (automatic),65.0,3263.96,No
7306-OFHKZ,Male,0,Yes,No,21,Yes,Yes,Fiber optic,Yes,No,No,No,No,Yes,Month-to-month,No,Mailed check,94.19,1971.81,Yes
1839-ZSHPR,Female,0,No,No,19,Yes,No,Fiber optic,Yes,No,No,No,No,No,Month-to-month,No,Mailed check,91.81,1750.08,Yes
1031-ANYIX,Male,0,No,Yes,31,Yes,No,Fiber optic,Yes,No,No,No,Yes,No,Two year,Yes,Mailed check,92.42,2854.66,No
1531-HRAUE,Male,0,No,Yes,32,Yes,Yes,DSL,Yes,No,No,No,No,Yes,Month-to-month,No,Electronic check,79.17,2545.8,No
3169-XAOGM,Male,0,No,No,4,Yes,Yes,Fiber optic,Yes,No,No,No,Yes,Yes,Month-to-month,Yes,Bank transfer (automatic),107.4,403.25,Yes
8684-TSNHU,Female,0,Yes,No,17,Yes,No,Fiber optic,Yes,No,No,Yes,No,Yes,Month-to-month,No,Electronic check,107.43,1841.68,No
5265-VHGNN,Female,0,No,No,11,Yes,No,No,No internet service,No internet service,No internet service,No internet service,No internet service,No internet service,Month-to-month,Yes,Electronic check,40.23,410.2,No
8314-LPRRK,Female,0,Yes,Yes,11,Yes,Yes,No,No internet service,No internet service,No internet service,No internet service,No internet service,No internet service,One year,Yes,Mailed check,41.89,453.31,No
1911-KCXXU,Female,0,No,No,25,Yes,Yes,DSL,No,No,No,Yes,Yes,No,Two year,Yes,Credit card (automatic),80.05,2021.69,No
8223-ZQDDL,Male,1,Yes,Yes,2,Yes,No,DSL,No,Yes,No,No,No,No,Month-to-month,No,Mailed check,72.9,180.4,Yes
8479-VYTPL,Male,0,No,No,49,Yes,Yes,Fiber optic,Yes,No,Yes,No,No,No,Month-to-month,Yes,Credit card (automatic),93.63,4541.15,No
6879-KQQTS,Female,0,No,No,49,Yes,Yes,Fiber optic,No,No,No,No,No,No,Month-to-month,Yes,Electronic check,84.18,4099.38,Yes
3731-UQEOL,Male,0,No,No,16,Yes,Yes,Fiber optic,Yes,Yes,Yes,Yes,Yes,Yes,Month-to-month,Yes,Electronic check,120.0,1918.66,Yes
1880-QJUIB,Male,0,Yes,No,63,Yes,No,No,No internet service,No internet service,No internet service,No internet service,No internet service,No internet service,Month-to-month,No,Credit card (automatic),41.73,2641.86,No
8762-RYCQK,Female,0,No,No,43,No,No phone service,DSL,No,Yes,Yes,No,No,Yes,One year,Yes,Electronic check,63.69,2724.93,No
1630-FUCDE,Female,0,No,No,22,Yes,Yes,No,No internet service,No internet service,No internet service,No internet service,No internet service,No internet service,One year,Yes,Electronic check,39.06,857.29,No
3376-PMNBX,Male,0,No,No,14,Yes,Yes,DSL,No,No,No,No,Yes,No,One year,Yes,Bank transfer (automatic),71.08,994.36,No
4000-FSCTK,Female,0,Yes,No,31,Yes,Yes,No,No internet service,No internet service,No internet service,No internet service,No internet service,No internet service,Two year,Yes,Electronic check,37.29,1153.19,No
2019-TMCDA,Male,0,Yes,No,70,No,No phone service,Fiber optic,No,No,Yes,Yes,No,Yes,Month-to-month,Yes,Bank transfer (automatic),81.66,5714.47,No
3057-TACQJ,Male,0,Yes,No,0,Yes,No,No,No internet service,No internet service,No internet service,No internet service,No internet service,No internet service,One year,Yes,Electronic check,36.24, ,No
2797-JXAGZ,Male,0,No,No,1,Yes,No,DSL,No,No,Yes,No,No,Yes,One year,Yes,Credit card (automatic),80.74,112.81,No
8994-QZGEJ,Female,0,Yes,No,30,Yes,No,Fiber optic,No,No,Yes,No,Yes,Yes,Month-to-month,Yes,Bank transfer (automatic),113.48,3399.79,Yes
2901-RLUBK,Male,0,No,Yes,67,Yes,No,DSL,Yes,Yes,No,Yes,No,No,Month-to-month,No,Mailed check,76.72,5165.16,No
3720-OKIVA,Male,0,No,No,20,Yes,No,Fiber optic,No,No,Yes,No,Yes,No,Month-to-month,Yes,Mailed check,101.62,2031.11,No
3729-GHNEH,Female,1,No,Yes,54,Yes,No,No,No internet service,No internet service,No internet service,No internet service,No internet service,No internet service,Month-to-month,Yes,Electronic check,39.48,2117.51,No
7482-CIXLS,Female,0,No,No,41,No,No phone service,No,No internet service,No internet service,No internet service,No internet service,No internet service,No internet service,Month-to-month,Yes,Electronic check,18.0,732.38,No
2899-WHKZS,Female,0,No,No,14,Yes,No,Fiber optic,No,No,No,Yes,No,Yes,Month-to-month,No,Credit card (automatic),98.82,1348.77,Yes
4151-QJJJI,Female,1,No,Yes,66,Yes,No,DSL,No,No,No,Yes,No,Yes,Two year,Yes,Electronic check,79.09,5197.88,No
2081-PDAZC,Female,0,Yes,No,11,Yes,Yes,No,No internet service,No internet service,No internet service,No internet service,No internet service,No internet service,Two year,Yes,Electronic check,40.13,426.54,No
1779-QUUXB,Female,0,No,No,36,Yes,No,Fiber optic,No,No,Yes,Yes,No,Yes,One year,No,Mailed check,107.43,3869.93,Yes
9069-MKTIK,Female,0,No,No,48,Yes,Yes,Fiber optic,No,Yes,No,Yes,No,No,One year,Yes,Electronic check,92.36,4465.98,No
6959-DIQLY,Female,0,Yes,No,49,Yes,Yes,DSL,No,No,No,Yes,No,Yes,Two year,No,Electronic check,74.12,3624.6,No
4175-XOWSZ,Male,0,No,No,62,Yes,Yes,No,No internet service,No internet service,No internet service,No internet service,No internet service,No internet service,Month-to-month,Yes,Electronic check,39.13,2405.12,No
5846-VPGIV,Male,0,No,No,51,Yes,No,Fiber optic,No,No,No,No,Yes,No,Month-to-month,Yes,Electronic check,105.96,5420.72,No
5084-UNSXW,Female,0,No,No,47,No,No phone service,Fiber optic,No,Yes,Yes,Yes,No,No,One year,No,Credit card (automatic),79.39,3735.0,No
7999-AXNXU,Male,0,No,No,11,Yes,No,DSL,No,Yes,No,Yes,No,Yes,Two year,Yes,Electronic check,85.55,964.24,No
1610-IIEED,Female,0,No,No,22,Yes,No,Fiber optic,No,No,No,No,Yes,No,Two year,Yes,Electronic check,96.42,2140.67,Yes
6164-PLNQJ,Male,0,Yes,Yes,25,Yes,No,DSL,No,No,No,No,Yes,Yes,Month-to-month,No,Bank transfer (automatic),85.45,2147.51,Yes
6992-XMTGN,Female,0,Yes,No,27,Yes,Yes,No,No internet service,No internet service,No internet service,No internet service,No internet service,No internet service,One year,No,Mailed check,36.31,987.47,No
5019-UWKBM,Male,1,Yes,No,8,Yes,No,No,No internet service,No internet service,No internet service,No internet service,No internet service,No internet service,Month-to-month,Yes,Mailed check,40.51,343.56,No
4478-WJVWQ,Female,0,No,No,6,Yes,Yes,No,No internet service,No internet service,No internet service,No internet service,No internet service,No internet service,Month-to-month,No,Mailed check,35.45,230.75,No
7620-LHTOT,Male,1,Yes,No,32,No,No phone service,Fiber optic,No,Yes,No,No,Yes,No,Month-to-month,Yes,Mailed check,79.88,2575.1,No
5638-KRIKV,Male,0,No,No,52,Yes,No,Fiber optic,Yes,No,Yes,No,No,No,One year,Yes,Mailed check,96.73,5048.48,No
7605-WXDXV,Male,0,No,No,64,Yes,Yes,Fiber optic,No,No,No,No,No,Yes,Month-to-month,Yes,Credit card (automatic),96.02,6143.89,No
7078-MZLMI,Female,0,No,Yes,68,No,No phone service,No,No internet service,No internet service,No internet service,No internet service,No internet service,No internet service,Month-to-month,No,Credit card (automatic),18.0,1207.81,No
6389-JWUCQ,Male,0,Yes,No,35,Yes,Yes,DSL,No,No,Yes,No,No,No,One year,Yes,Mailed check,65.31,2286.4,No
8093-KARXM,Female,0,Yes,No,65,Yes,No,DSL,Yes,No,No,No,No,Yes,Month-to-month,No,Electronic check,76.96,4994.33,No
4392-MQYVN,Male,1,Yes,Yes,33,Yes,Yes,Fiber optic,No,Yes,No,Yes,Yes,No,Two year,Yes,Mailed check,107.45,3527.32,No
1320-SZQIR,Male,0,Yes,No,34,Yes,Yes,Fiber optic,No,Yes,Yes,No,No,No,Month-to-month,Yes,Electronic check,100.33,3443.17,No
3617-PSHBY,Female,0,Yes,No,15,Yes,No,No,No internet service,No internet service,No internet service,No internet service,No internet service,No internet service,One year,No,Electronic check,34.94,523.87,No
7462-GRRAO,Male,0,Yes,Yes,45,Yes,No,DSL,No,No,Yes,No,No,Yes,Month-to-month,Yes,Mailed check,72.56,3244.19,No
1846-MRFUS,Male,0,Yes,No,22,Yes,Yes,Fiber optic,Yes,Yes,Yes,No,Yes,No,Two year,Yes,Mailed check,112.68,2505.74,No
7292-BNWWU,Female,0,No,Yes,35,Yes,No,DSL,Yes,Yes,Yes,Yes,No,Yes,Two year,Yes,Electronic check,96.66,3385.39,No
7522-THAUZ,Female,1,Yes,No,68,Yes,No,DSL,No,Yes,No,No,No,Yes,Month-to-month,Yes,Mailed check,78.88,5383.74,No
4444-CMJHM,Female,0,Yes,No,39,Yes,Yes,No,No internet service,No internet service,No internet service,No internet service,No internet service,No internet service,One year,Yes,Bank transfer (automatic),41.93,1627.89,No
9965-XJTHH,Male,0,No,No,22,Yes,No,No,No internet service,No internet service,No internet service,No internet service,No internet service,No internet service,Two year,Yes,Bank transfer (automatic),35.52,793.33,No
8371-SSFCM,Female,0,No,No,48,Yes,No,No,No internet service,No internet service,No internet service,No internet service,No internet service,No internet service,Month-to-month,Yes,Credit card (automatic),42.86,2070.06,Yes
7427-DZDJY,Male,0,No,No,53,Yes,No,Fiber optic,Yes,Yes,No,No,No,Yes,One year,No,Electronic check,100.19,5312.16,No
8185-RECBK,Female,1,No,No,44,Yes,Yes,Fiber optic,Yes,No,Yes,No,No,Yes,Two year,Yes,Electronic check,105.81,4643.08,No
7954-WRGDV,Female,1,Yes,No,3,Yes,No,Fiber optic,Yes,No,Yes,No,No,Yes,Month-to-month,No,Mailed check,101.15,311.46,No
9225-BVHLP,Male,0,No,No,16,Yes,No,Fiber optic,No,Yes,No,No,No,Yes,Two year,Yes,Mailed check,101.97,1643.52,No
6582-KQTLV,Male,1,No,No,9,No,No phone service,DSL,Yes,Yes,Yes,No,No,No,Month-to-month,Yes,Electronic check,56.64,485.72,No
4974-BAIGX,Male,0,No,Yes,69,Yes,No,DSL,Yes,No,No,No,Yes,No,Two year,Yes,Electronic check,80.28,5587.75,No
2760-QRIHP,Male,0,No,No,22,Yes,No,DSL,No,No,Yes,No,Yes,No,Two year,Yes,Electronic check,78.69,1763.76,No
3775-FHZVU,Male,0,Yes,No,34,Yes,No,Fiber optic,No,No,No,No,No,No,Month-to-month,Yes,Mailed check,87.64,2982.69,No
1814-IRKGT,Female,0,No,Yes,65,Yes,Yes,No,No internet service,No internet service,No internet service,No internet service,No internet service,No internet service,Month-to-month,Yes,Mailed check,34.77,2277.11,No
2660-QOODF,Male,0,No,Yes,72,Yes,No,Fiber optic,No,No,No,No,No,No,One year,No,Bank transfer (automatic),88.48,6370.21,No
3711-OXYGJ,Male,0,No,Yes,16,Yes,No,DSL,Yes,Yes,Yes,Yes,No,No,Two year,Yes,Bank transfer (automatic),87.63,1389.44,No
3000-SFAEU,Female,0,Yes,Yes,62,Yes,No,Fiber optic,Yes,No,Yes,No,No,Yes,Month-to-month,No,Electronic check,108.23,6729.27,No
4867-SMCXY,Male,1,Yes,No,53,Yes,No,DSL,No,No,Yes,Yes,No,No,Month-to-month,No,Bank transfer (automatic),72.38,3819.82,No
8573-ZORTS,Female,1,Yes,No,44,Yes,Yes,No,No internet service,No internet service,No internet service,No internet service,No internet service,No internet service,Two year,Yes,Electronic check,46.42,2049.9,No
8070-MIAYN,Female,0,Yes,No,12,Yes,No,Fiber optic,No,Yes,Yes,Yes,Yes,Yes,Month-to-month,Yes,Bank transfer (automatic),120.0,1426.82,Yes
2387-XWQNZ,Female,0,Yes,Yes,50,Yes,No,Fiber optic,No,No,No,No,No,No,One year,No,Bank transfer (automatic),81.54,4060.24,No
2496-YWHFS,Male,0,No,No,44,Yes,Yes,DSL,No,No,No,No,No,No,One year,Yes,Electronic check,63.82,2811.01,No
7161-SDZXI,Male,0,Yes,No,32,Yes,Yes,DSL,No,No,No,Yes,Yes,No,Two year,Yes,Electronic check,83.12,2680.7,No
2216-CCCDN,Female,0,Yes,No,42,Yes,No,Fiber optic,No,Yes,Yes,No,No,Yes,Month-to-month,Yes,Electronic check,103.96,4371.55,No
5419-UTORZ,Female,0,Yes,Yes,15,Yes,No,Fiber optic,No,Yes,No,Yes,Yes,Yes,Two year,No,Bank transfer (automatic),110.94,1665.38,No
4447-VCZLC,Male,0,No,No,45,Yes,No,DSL,Yes,No,Yes,No,Yes,No,One year,Yes,Mailed check,84.27,3756.25,No
1303-CAYGJ,Female,0,No,Yes,11,Yes,Yes,Fiber optic,No,Yes,Yes,No,Yes,No,Two year,Yes,Credit card (automatic),102.12,1119.32,No
4218-BAHZD,Female,0,No,No,20,Yes,No,DSL,No,Yes,Yes,Yes,No,No,Month-to-month,No,Bank transfer (automatic),79.94,1570.59,No
9331-UCYPU,Male,0,No,No,36,Yes,Yes,No,No internet service,No internet service,No internet service,No internet service,No internet service,No internet service,One year,No,Electronic check,45.67,1645.28,No
5310-DQSMA,Female,1,No,No,11,Yes,No,Fiber optic,Yes,No,Yes,No,No,Yes,Two year,Yes,Mailed check,104.44,1148.73,No
3001-HBCGW,Male,0,No,Yes,66,Yes,No,Fiber optic,No,Yes,Yes,Yes,Yes,No,Two year,No,Electronic check,108.91,7186.9,No
4435-HTXEA,Female,0,No,Yes,64,No,No phone service,Fiber optic,No,Yes,Yes,Yes,No,No,Month-to-month,No,Bank transfer (automatic),84.02,5376.66,No
3761-MPYTG,Female,0,Yes,No,34,Yes,No,No,No internet service,No internet service,No internet service,No internet service,No internet service,No internet service,Month-to-month,Yes,Credit card (automatic),39.75,1361.55,No
3264-OPHVD,Female,0,No,No,41,Yes,No,DSL,No,Yes,No,No,Yes,No,Month-to-month,Yes,Bank transfer (automatic),71.87,2958.0,Yes
3969-WLELO,Male,0,Yes,No,21,Yes,Yes,Fiber optic,No,Yes,No,Yes,Yes,No,Month-to-month,No,Electronic check,105.23,2216.59,Yes
4523-OJAXW,Male,0,No,No,15,Yes,No,No,No internet service,No internet service,No internet service,No internet service,No internet service,No internet service,One year,No,Electronic check,40.14,621.49,No
9603-CZJFG,Female,0,Yes,Yes,70,Yes,No,Fiber optic,Yes,Yes,No,No,Yes,No,Two year,Yes,Credit card (automatic),102.27,7110.6,No
6127-CJMRV,Female,0,Yes,No,30,Yes,No,DSL,No,No,No,No,No,No,One year,Yes,Electronic check,68.65,2039.45,Yes
1918-YMAJZ,Female,0,Yes,No,69,Yes,No,DSL,No,No,Yes,No,Yes,No,Month-to-month,Yes,Bank transfer (automatic),83.34,5759.27,No
5183-RIKMN,Male,0,No,No,4,Yes,No,No,No internet service,No internet service,No internet service,No internet service,No internet service,No internet service,Month-to-month,No,Electronic check,41.89,167.68,No
9726-LFGMX,Male,0,No,No,7,Yes,No,DSL,No,Yes,No,No,Yes,No,Month-to-month,No,Electronic check,76.79,520.3,Yes
5576-CXMDW,Female,0,Yes,No,34,Yes,Yes,DSL,Yes,No,Yes,Yes,Yes,No,Month-to-month,Yes,Electronic check,88.24,3008.88,No
6907-KKHWK,Male,0,No,No,57,Yes,Yes,No,No internet service,No internet service,No internet service,No internet service,No internet service,No internet service,Two year,No,Electronic check,37.04,2125.98,No
5506-YGPJD,Female,0,Yes,Yes,30,Yes,No,No,No internet service,No internet service,No internet service,No internet service,No internet service,No internet service,Month-to-month,Yes,Electronic check,46.07,1366.96,Yes
9320-TVAPE,Male,0,No,No,61,Yes,Yes,Fiber optic,No,Yes,Yes,No,No,No,Month-to-month,Yes,Mailed check,91.5,5568.6,No
3840-PFCVA,Male,0,Yes,Yes,9,Yes,No,DSL,No,Yes,Yes,Yes,Yes,No,One year,Yes,Mailed check,91.62,791.86,Yes
4852-QYZDD,Male,0,Yes,No,62,No,No phone service,Fiber optic,Yes,No,No,No,No,Yes,Month-to-month,No,Mailed check,85.91,5324.43,No
9893-ZGNMV,Female,0,No,No,32,Yes,No,No,No internet service,No internet service,No internet service,No internet service,No internet service,No internet service,Month-to-month,Yes,Electronic check,38.38,1227.25,No
8618-PUKPD,Female,0,No,Yes,20,Yes,No,DSL,No,No,Yes,Yes,Yes,Yes,Month-to-month,No,Credit card (automatic),96.72,1913.21,Yes
2585-QBYBH,Male,0,No,Yes,46,No,No phone service,DSL,No,Yes,No,Yes,No,Yes,Month-to-month,No,Electronic check,67.75,3106.07,No
5476-LRMMC,Male,0,No,No,56,Yes,Yes,No,No internet service,No internet service,No internet service,No internet service,No internet service,No internet service,One year,No,Credit card (automatic),43.69,2445.61,No
2970-ASXMS,Female,0,No,Yes,67,Yes,No,Fiber optic,No,No,No,No,Yes,No,Month-to-month,Yes,Electronic check,92.82,6237.33,No
9510-ZBXOX,Male,1,Yes,No,6,Yes,Yes,Fiber optic,No,Yes,Yes,No,No,No,One year,Yes,Mailed check,93.51,553.38,No
7758-EYOOK,Female,1,Yes,Yes,51,Yes,No,No,No internet service,No internet service,No internet service,No internet service,No internet service,No internet service,Month-to-month,Yes,Bank transfer (automatic),43.9,2220.83,No
8409-QQVPZ,Male,0,No,No,22,Yes,No,Fiber optic,Yes,No,No,No,Yes,Yes,Month-to-month,Yes,Bank transfer (automatic),102.94,2294.31,Yes
6145-BFSXU,Male,0,Yes,No,36,Yes,No,No,No internet service,No internet service,No internet service,No internet service,No internet service,No internet service,One year,No,Mailed check,29.05,1059.67,No
4148-UGGRD,Male,0,No,Yes,33,Yes,Yes,DSL,No,No,Yes,No,No,No,Month-to-month,Yes,Mailed check,65.84,2146.73,No
7750-JNKUU,Female,0,Yes,No,56,Yes,Yes,Fiber optic,Yes,No,Yes,No,Yes,No,Month-to-month,Yes,Mailed check,100.86,5662.43,No
4148-ZLWJG,Male,0,No,Yes,29,Yes,Yes,Fiber optic,No,No,Yes,No,Yes,Yes,Month-to-month,Yes,Electronic check,110.6,3196.9,No
8953-LQVKK,Female,0,Yes,No,20,No,No phone service,Fiber optic,No,No,Yes,No,No,No,Month-to-month,Yes,Electronic check,68.1,1382.5,Yes
9893-DBMYT,Male,0,No,No,35,No,No phone service,Fiber optic,Yes,No,Yes,No,No,Yes,Month-to-month,Yes,Bank transfer (automatic),88.93,3104.24,No
1508-UBTAF,Male,0,No,Yes,48,Yes,No,Fiber optic,Yes,No,Yes,No,No,No,Two year,Yes,Bank transfer (automatic),99.08,4719.92,No
5795-NKDWC,Female,0,Yes,Yes,61,Yes,No,Fiber optic,No,No,Yes,No,No,No,Month-to-month,Yes,Electronic check,92.57,5635.36,Yes
8744-WMGLS,Female,0,Yes,No,0,Yes,No,DSL,Yes,No,No,Yes,No,Yes,Month-to-month,Yes,Credit card (automatic),82.79, ,No
7510-TDFOB,Male,1,Yes,No,41,No,No phone service,Fiber optic,No,No,No,No,No,No,Month-to-month,No,Credit card (automatic),70.02,2857.51,No
5782-ILNKJ,Male,0,Yes,No,5,Yes,Yes,Fiber optic,No,No,No,No,No,No,Month-to-month,Yes,Mailed check,81.66,362.39,Yes
5010-HOAAO,Male,0,Yes,No,45,Yes,Yes,Fiber optic,Yes,No,Yes,No,Yes,No,One year,No,Credit card (automatic),104.49,4699.67,Yes
4027-MJXMD,Female,1,No,No,45,Yes,No,Fiber optic,No,No,Yes,No,Yes,Yes,One year,No,Electronic check,115.44,5154.08,No
4163-NGNYN,Male,0,Yes,Yes,62,Yes,No,DSL,No,Yes,No,No,Yes,Yes,Two year,Yes,Electronic check,84.77,5253.2,No
1232-BSEQB,Male,0,Yes,Yes,14,Yes,No,DSL,No,Yes,No,No,No,No,Month-to-month,Yes,Electronic check,69.86,929.78,Yes
3966-FPMOT,Male,0,Yes,No,58,Yes,Yes,No,No internet service,No internet service,No internet service,No internet service,No internet service,No internet service,Month-to-month,Yes,Electronic check,39.23,2253.41,No
2771-JPIDL,Female,0,Yes,No,50,No,No phone service,No,No internet service,No internet service,No internet service,No internet service,No internet service,No internet service,One year,Yes,Credit card (automatic),21.71,1096.47,No
5590-PWRTJ,Male,0,Yes,Yes,48,No,No phone service,Fiber optic,Yes,Yes,Yes,No,No,No,Month-to-month,No,Bank transfer (automatic),85.56,4120.85,No
8713-GCNOQ,Female,0,No,Yes,46,Yes,Yes,Fiber optic,No,Yes,No,Yes,Yes,No,Month-to-month,Yes,Electronic check,109.17,5005.91,Yes
6302-HGBNV,Male,0,No,No,40,Yes,No,DSL,Yes,Yes,No,No,No,No,Month-to-month,No,Bank transfer (automatic),69.82,2803.71,No
6861-XJSLU,Male,0,No,No,4,Yes,No,Fiber optic,No,No,Yes,Yes,No,Yes,Month-to-month,No,Electronic check,100.0,363.47,Yes
2426-ZSFYF,Male,1,Yes,No,59,Yes,No,Fiber optic,No,No,No,No,No,No,Two year,Yes,Mailed check,79.61,4716.51,No
9319-QMZHP,Male,0,No,No,28,Yes,No,Fiber optic,Yes,Yes,Yes,No,Yes,No,Two year,No,Credit card (automatic),107.99,3047.27,No
4384-YBYTW,Male,0,No,No,7,Yes,No,DSL,No,Yes,No,No,No,Yes,One year,Yes,Electronic check,80.39,558.5,No
4973-OUSNR,Female,0,No,No,44,Yes,No,DSL,Yes,Yes,Yes,No,Yes,No,Month-to-month,Yes,Bank transfer (automatic),94.62,4154.46,No
4624-MIDPB,Male,0,No,No,69,Yes,No,No,No internet service,No internet service,No internet service,No internet service,No internet service,No internet service,Two year,No,Electronic check,41.28,2801.36,No
2865-AQOJK,Female,0,Yes,No,52,Yes,Yes,Fiber optic,No,No,No,Yes,Yes,No,One year,Yes,Electronic check,93.64,4868.06,No
9646-CUTDQ,Male,0,No,No,17,Yes,Yes,No,No internet service,No internet service,No internet service,No internet service,No internet service,No internet service,Two year,No,Electronic check,40.72,705.42,No
9055-MVYAK,Male,1,No,No,59,Yes,No,Fiber optic,No,No,Yes,No,No,No,Month-to-month,No,Credit card (automatic),84.83,5012.21,No
8514-NJWZX,Male,0,No,Yes,61,Yes,No,No,No internet service,No internet service,No internet service,No internet service,No internet service,No internet service,Two year,Yes,Electronic check,37.89,2314.28,No
7116-PONTE,Male,0,No,Yes,24,Yes,No,DSL,No,No,No,No,Yes,Yes,Month-to-month,No,Electronic check,86.76,2053.58,No
4895-ABVYI,Female,0,No,Yes,38,Yes,Yes,DSL,No,No,Yes,Yes,No,Yes,One year,No,Electronic check,80.13,3047.53,No
7407-XBNKG,Male,0,Yes,Yes,61,Yes,No,Fiber optic,No,No,No,No,Yes,No,Two year,No,Mailed check,96.5,5869.24,No
4409-COLFZ,Female,0,No,Yes,11,Yes,Yes,Fiber optic,Yes,Yes,No,No,No,Yes,Two year,No,Electronic check,104.91,1182.4,No
9457-SUMSC,Female,0,No,No,25,Yes,Yes,DSL,No,No,Yes,No,No,No,Two year,Yes,Electronic check,76.8,1932.04,No
4032-MXEOM,Female,0,No,No,33,Yes,No,Fiber optic,No,No,No,No,No,Yes,Month-to-month,No,Mailed check,101.5,3354.82,Yes
1153-EIAWY,Male,0,No,No,0,Yes,No,DSL,Yes,No,No,No,Yes,No,One year,Yes,Mailed check,75.63, ,Yes
8542-TSXLG,Male,0,Yes,No,12,No,No phone service,DSL,No,No,No,No,Yes,Yes,Month-to-month,Yes,Electronic check,70.41,825.93,Yes
3817-NGLFH,Female,0,Yes,No,44,Yes,Yes,No,No internet service,No internet service,No internet service,No internet service,No internet service,No internet service,One year,Yes,Credit card (automatic),39.97,1742.34,No
7028-NMZTJ,Male,0,Yes,No,19,Yes,No,Fiber optic,No,No,No,No,Yes,No,Month-to-month,No,Electronic check,91.36,1774.09,Yes
2992-HCAEA,Male,1,No,Yes,17,Yes,No,DSL,Yes,No,Yes,Yes,Yes,Yes,Month-to-month,Yes,Bank transfer (automatic),98.05,1648.94,No
8062-MOPJV,Female,0,No,Yes,21,No,No phone service,DSL,No,No,No,No,Yes,No,Two year,Yes,Mailed check,43.07,904.8,No
1795-INROA,Female,1,No,Yes,9,Yes,Yes,No,No internet service,No internet service,No internet service,No internet service,No internet service,No internet service,Two year,Yes,Mailed check,47.63,430.66,No
3165-BEVIE,Female,0,No,No,46,Yes,Yes,No,No internet service,No internet service,No internet service,No internet service,No internet service,No internet service,Month-to-month,Yes,Bank transfer (automatic),36.96,1700.19,No
1264-TQVVZ,Male,0,No,Yes,18,Yes,No,DSL,No,No,No,No,No,No,Month-to-month,No,Electronic check,62.45,1127.66,No
3521-FFVUG,Female,0,Yes,No,47,No,No phone service,Fiber optic,Yes,Yes,No,No,No,No,Month-to-month,Yes,Credit card (automatic),75.37,3579.76,No
7263-EJQZD,Male,0,No,No,60,Yes,No,Fiber optic,No,No,Yes,No,No,Yes,Month-to-month,Yes,Credit card (automatic),98.79,5930.26,Yes
2741-RKUEW,Female,0,No,No,34,Yes,No,DSL,Yes,No,No,No,No,No,Month-to-month,No,Bank transfer (automatic),72.76,2483.76,No
4708-DYCLO,Female,0,No,No,66,No,No phone service,Fiber optic,Yes,No,No,No,Yes,Yes,Two year,No,Credit card (automatic),83.65,5514.8,No
6541-RYTDD,Female,1,No,No,14,Yes,Yes,DSL,Yes,No,No,No,No,No,Month-to-month,No,Credit card (automatic),67.31,938.43,Yes
8414-SLOYG,Female,0,No,No,70,Yes,No,DSL,No,No,No,No,No,No,Month-to-month,No,Electronic check,63.87,4480.25,Yes
8761-GMZGU,Male,0,Yes,No,23,No,No phone service,Fiber optic,Yes,No,Yes,No,Yes,No,One year,Yes,Credit card (automatic),77.9,1819.77,No
1861-GFDDT,Male,0,No,Yes,22,Yes,No,DSL,Yes,No,Yes,No,Yes,No,Month-to-month,No,Credit card (automatic),78.13,1744.63,No
7129-HTAFQ,Male,0,No,No,71,Yes,Yes,Fiber optic,Yes,No,Yes,Yes,Yes,Yes,Month-to-month,No,Mailed check,114.28,8050.66,No
8329-NJFNX,Male,0,Yes,No,33,Yes,No,DSL,No,No,No,No,No,No,Month-to-month,Yes,Mailed check,66.87,2173.15,No
9587-TAFKZ,Female,0,Yes,Yes,54,Yes,No,Fiber optic,Yes,Yes,No,Yes,Yes,Yes,Month-to-month,Yes,Mailed check,120.0,6521.52,No
7525-INGSC,Male,0,Yes,No,58,Yes,No,No,No internet service,No internet service,No internet service,No internet service,No internet service,No internet service,Month-to-month,No,Mailed check,46.33,2676.48,No
1473-QNPHL,Female,0,Yes,No,32,Yes,Yes,Fiber optic,Yes,No,No,No,Yes,No,One year,Yes,Mailed check,105.91,3381.44,No
6678-LVNFC,Male,0,No,No,23,Yes,Yes,Fiber optic,No,Yes,No,No,Yes,Yes,Month-to-month,No,Bank transfer (automatic),109.4,2504.57,No
1156-MWXUV,Male,0,Yes,No,35,Yes,Yes,Fiber optic,No,No,No,No,Yes,Yes,Two year,No,Credit card (automatic),102.38,3557.18,No
3866-QNYAZ,Male,0,Yes,No,28,Yes,Yes,No,No internet service,No internet service,No internet service,No internet service,No internet service,No internet service,Two year,Yes,Credit card (automatic),40.64,1122.45,No
4313-SKCWB,Female,0,No,Yes,30,Yes,Yes,Fiber optic,Yes,No,Yes,Yes,No,No,Two year,Yes,Bank transfer (automatic),102.76,3071.94,No
1992-UWPEP,Female,1,Yes,Yes,17,Yes,No,DSL,No,Yes,Yes,No,Yes,No,Two year,Yes,Credit card (automatic),84.83,1432.08,No
5746-OCBNC,Female,0,No,No,66,No,No phone service,DSL,No,No,No,Yes,Yes,Yes,Two year,Yes,Credit card (automatic),73.02,4799.73,No
9774-FVPLO,Male,1,Yes,No,41,Yes,No,Fiber optic,No,Yes,No,No,No,No,Two year,Yes,Bank transfer (automatic),88.64,3652.58,No
1699-AJKJD,Male,0,Yes,No,58,Yes,Yes,Fiber optic,No,Yes,No,No,No,No,Month-to-month,Yes,Electronic check,89.05,5163.06,No
2724-JUMJL,Female,0,No,No,48,Yes,Yes,DSL,No,Yes,No,No,No,No,Month-to-month,Yes,Mailed check,72.06,3461.84,No
3438-VTCHF,Female,0,No,No,25,Yes,Yes,Fiber optic,Yes,Yes,No,No,Yes,No,One year,Yes,Credit card (automatic),94.85,2373.06,Yes
9583-MJTJW,Male,0,No,Yes,23,Yes,No,Fiber optic,No,No,Yes,No,No,Yes,Two year,Yes,Electronic check,97.53,2232.72,No
3454-MAXRP,Female,0,No,Yes,71,Yes,Yes,Fiber optic,Yes,No,No,Yes,Yes,Yes,Two year,No,Bank transfer (automatic),112.62,7981.88,No
6604-VOJTH,Male,0,Yes,No,1,No,No phone service,Fiber optic,No,No,Yes,No,No,No,One year,Yes,Credit card (automatic),74.14,44.5,No
8256-TFOIO,Male,0,No,No,21,Yes,No,Fiber optic,Yes,No,No,No,No,No,Two year,No,Bank transfer (automatic),86.49,1830.75,No
1595-UYROG,Female,1,Yes,Yes,53,Yes,Yes,Fiber optic,No,No,No,Yes,Yes,No,One year,No,Credit card (automatic),95.66,5067.02,No
8429-DNAVS,Male,0,No,No,39,Yes,Yes,Fiber optic,No,No,No,No,No,Yes,One year,Yes,Bank transfer (automatic),99.76,3915.16,No
6309-OAJKD,Male,0,Yes,No,45,No,No phone service,No,No internet service,No internet service,No internet service,No internet service,No internet service,No internet service,Month-to-month,No,Credit card (automatic),18.8,853.54,No
4234-FOQMD,Female,0,No,No,1,Yes,No,Fiber optic,No,No,No,No,Yes,Yes,Month-to-month,Yes,Credit card (automatic),101.36,132.96,Yes
2781-OFLSR,Female,0,Yes,No,15,Yes,No,Fiber optic,Yes,Yes,Yes,Yes,Yes,Yes,Month-to-month,Yes,Bank transfer (automatic),120.0,1792.35,Yes
3839-VSXMY,Male,0,Yes,No,43,Yes,No,Fiber optic,No,No,No,Yes,No,No,Month-to-month,Yes,Bank transfer (automatic),90.39,3867.32,No
6984-LISRQ,Male,0,Yes,No,22,Yes,Yes,No,No internet service,No internet service,No internet service,No internet service,No internet service,No internet service,Month-to-month,Yes,Credit card (automatic),43.73,999.26,No
4433-NQPST,Female,0,No,No,34,Yes,Yes,Fiber optic,No,No,No,No,Yes,Yes,Month-to-month,Yes,Bank transfer (automatic),102.8,3518.27,Yes
9637-WEFAC,Female,0,Yes,No,69,Yes,Yes,Fiber optic,Yes,No,Yes,No,No,Yes,Two year,Yes,Bank transfer (automatic),101.52,6967.65,No
1088-FFUQO,Female,0,No,Yes,46,Yes,No,DSL,Yes,No,No,No,No,No,Month-to-month,No,Bank transfer (automatic),65.7,3031.37,No
2790-QZTBF,Female,0,Yes,No,46,Yes,No,Fiber optic,No,No,Yes,No,No,No,One year,No,Electronic check,87.39,4034.07,No
1342-RZEYO,Male,0,No,No,14,No,No phone service,Fiber optic,No,No,No,Yes,Yes,No,Month-to-month,Yes,Credit card (automatic),83.41,1163.27,Yes
5665-DAGNP,Female,0,Yes,No,43,Yes,Yes,DSL,Yes,Yes,No,Yes,Yes,Yes,Two year,Yes,Mailed check,99.17,4238.61,No
2058-YEJKQ,Male,0,No,No,70,Yes,Yes,Fiber optic,Yes,No,Yes,Yes,Yes,Yes,Month-to-month,Yes,Electronic check,115.14,8056.08,No
8780-WWHNW,Male,1,Yes,Yes,46,Yes,Yes,No,No internet service,No internet service,No internet service,No internet service,No internet service,No internet service,One year,Yes,Mailed check,39.89,1838.81,No
6960-RMFCM,Female,0,Yes,No,57,Yes,Yes,DSL,No,No,No,No,No,No,One year,Yes,Mailed check,61.48,3490.31,No
7489-UXMXS,Male,0,Yes,Yes,69,Yes,Yes,Fiber optic,No,No,No,No,No,Yes,Month-to-month,Yes,Credit card (automatic),97.46,6739.15,Yes
8223-GEGEU,Female,0,Yes,Yes,65,Yes,Yes,No,No internet service,No internet service,No internet service,No internet service,No internet service,No internet service,One year,Yes,Bank transfer (automatic),36.88,2365.06,No
6948-LFRMZ,Male,0,Yes,No,24,Yes,No,No,No internet service,No internet service,No internet service,No internet service,No internet service,No internet service,One year,No,Electronic check,38.51,927.77,No
3906-ZNMTO,Female,0,Yes,No,21,Yes,No,Fiber optic,Yes,No,No,No,No,No,Two year,Yes,Electronic check,94.88,2031.29,No
1305-ICPQV,Female,0,No,No,20,Yes,Yes,DSL,No,Yes,No,Yes,No,No,Month-to-month,No,Mailed check,72.96,1471.16,No
8244-EMBNL,Male,1,No,No,56,Yes,Yes,Fiber optic,No,Yes,No,Yes,No,No,Two year,Yes,Credit card (automatic),100.13,5636.2,No
5919-NZARJ,Male,1,Yes,Yes,27,No,No phone service,DSL,Yes,No,No,No,No,No,Month-to-month,Yes,Mailed check,52.33,1410.19,Yes
8155-DZZXQ,Female,0,Yes,Yes,60,Yes,No,Fiber optic,No,No,No,No,No,No,Month-to-month,Yes,Credit card (automatic),91.01,5464.76,No
7076-QPAFB,Male,0,Yes,Yes,58,Yes,Yes,Fiber optic,No,No,No,No,No,No,Month-to-month,No,Electronic check,84.61,4898.72,No
2885-IWDIC,Male,0,Yes,No,48,Yes,No,Fiber optic,No,No,No,No,Yes,Yes,Month-to-month,No,Mailed check,94.46,4526.1,No
3809-HQYYY,Male,0,Yes,No,8,Yes,No,Fiber optic,No,No,No,No,No,Yes,Month-to-month,Yes,Credit card (automatic),93.08,754.79,Yes
2162-OKMMJ,Female,0,Yes,Yes,51,Yes,No,No,No internet service,No internet service,No internet service,No internet service,No internet service,No internet service,Two year,Yes,Mailed check,40.24,2033.49,No
6580-ZKFGI,Male,0,Yes,No,15,No,No phone service,Fiber optic,No,Yes,No,No,No,Yes,One year,No,Mailed check,83.97,1276.21,Yes
7062-QGTDA,Female,0,No,No,40,Yes,No,Fiber optic,No,Yes,Yes,No,No,No,Two year,Yes,Electronic check,97.95,3927.76,No
2682-GXESC,Male,0,No,No,16,Yes,Yes,DSL,Yes,No,No,No,Yes,No,Month-to-month,Yes,Credit card (automatic),81.14,1273.94,Yes
8052-THQMR,Male,0,No,No,4,Yes,Yes,No,No internet service,No internet service,No internet service,No internet service,No internet service,No internet service,One year,Yes,Credit card (automatic),35.26,160.43,No
8053-GMZHY,Male,0,Yes,No,46,Yes,No,Fiber optic,No,No,No,No,Yes,No,Month-to-month,Yes,Mailed check,96.03,4459.52,Yes
6282-LSEJG,Female,1,No,No,32,Yes,Yes,DSL,No,No,Yes,No,Yes,No,Month-to-month,Yes,Credit card (automatic),80.12,2581.62,No
1526-NITTB,Male,0,Yes,No,46,No,No phone service,DSL,No,No,No,No,No,No,Month-to-month,Yes,Electronic check,43.07,1942.45,No
6436-WDFKW,Male,0,Yes,Yes,35,Yes,Yes,Fiber optic,No,Yes,No,No,No,Yes,One year,No,Bank transfer (automatic),101.74,3608.41,No
6539-OSNRF,Female,0,No,Yes,27,Yes,No,DSL,No,Yes,No,No,No,No,One year,No,Electronic check,64.35,1693.16,No
4165-PQMQP,Male,0,Yes,No,1,Yes,No,No,No internet service,No internet service,No internet service,No internet service,No internet service,No internet service,Month-to-month,Yes,Electronic check,40.02,5.68,Yes
9464-YHFNU,Male,0,Yes,No,20,Yes,Yes,DSL,No,No,Yes,Yes,Yes,Yes,Month-to-month,Yes,Bank transfer (automatic),91.87,1802.27,No
1717-PKZQH,Male,1,No,Yes,64,Yes,No,Fiber optic,Yes,Yes,Yes,Yes,Yes,No,Month-to-month,Yes,Mailed check,116.4,7444.07,No
8906-WJFCR,Male,0,No,No,55,Yes,Yes,DSL,No,Yes,Yes,No,No,No,Month-to-month,No,Mailed check,71.34,3884.81,No
1063-RAMYK,Female,0,No,No,33,Yes,No,Fiber optic,No,No,No,No,No,Yes,One year,No,Bank transfer (automatic),90.82,2952.11,No
4051-ZMSZT,Female,1,Yes,Yes,2,Yes,Yes,No,No internet service,No internet service,No internet service,No internet service,No internet service,No internet service,Month-to-month,No,Mailed check,36.05,58.13,No
3231-UKHAE,Female,0,Yes,Yes,71,Yes,No,DSL,No,No,No,No,No,No,Two year,Yes,Mailed check,73.18,5181.09,No
4787-EEPRL,Female,0,No,No,53,Yes,No,DSL,No,No,No,No,Yes,Yes,Two year,No,Bank transfer (automatic),81.64,4320.7,No
6600-IDEUG,Male,1,Yes,No,1,Yes,Yes,DSL,No,No,No,No,Yes,No,Month-to-month,No,Bank transfer (automatic),77.62,86.89,No
4869-HUQCQ,Male,0,Yes,Yes,15,Yes,No,DSL,No,No,No,Yes,No,No,Two year,Yes,Mailed check,62.93,973.05,No
7383-SPTBS,Male,0,Yes,No,12,Yes,Yes,Fiber optic,No,No,No,No,No,No,Two year,No,Bank transfer (automatic),83.16,997.02,Yes
7855-BYQWX,Female,0,No,No,65,Yes,No,DSL,No,No,No,No,No,No,Month-to-month,Yes,Mailed check,63.41,4130.29,No
1257-ZRAAK,Male,0,No,No,69,Yes,Yes,Fiber optic,No,Yes,No,No,No,Yes,Two year,No,Bank transfer (automatic),98.86,6815.17,No
3259-GTFXR,Female,0,Yes,Yes,30,Yes,Yes,Fiber optic,Yes,No,No,Yes,No,No,Month-to-month,Yes,Mailed check,97.05,2934.47,No
9069-KRUGR,Male,0,No,Yes,12,Yes,Yes,No,No internet service,No internet service,No internet service,No internet service,No internet service,No internet service,One year,Yes,Credit card (automatic),40.23,512.82,No
9221-INEWC,Female,1,Yes,Yes,46,Yes,Yes,DSL,No,No,Yes,No,Yes,Yes,One year,Yes,Bank transfer (automatic),85.99,3943.41,No
4589-IMKJC,Male,0,No,No,19,Yes,No,No,No internet service,No internet service,No internet service,No internet service,No internet service,No internet service,Two year,Yes,Bank transfer (automatic),39.93,731.47,No
9270-MIUEH,Female,0,Yes,No,8,Yes,No,No,No internet service,No internet service,No internet service,No internet service,No internet service,No internet service,Two year,Yes,Credit card (automatic),41.82,322.46,No
9220-CSXEI,Female,0,Yes,No,18,Yes,No,Fiber optic,No,No,No,Yes,Yes,No,Two year,Yes,Mailed check,96.59,1728.94,No
5050-IBCZP,Female,1,Yes,Yes,18,Yes,No,Fiber optic,No,No,No,No,No,No,Month-to-month,Yes,Credit card (automatic),82.79,1485.47,No
7115-SKGXJ,Male,0,No,No,3,Yes,No,Fiber optic,No,No,No,Yes,No,No,Two year,Yes,Mailed check,93.84,281.31,No
3092-YCOJU,Male,0,No,No,51,Yes,Yes,DSL,Yes,Yes,No,No,No,No,One year,Yes,Credit card (automatic),76.85,3914.65,No
4892-JHIYD,Female,0,No,No,25,Yes,No,No,No internet service,No internet service,No internet service,No internet service,No internet service,No internet service,Two year,No,Mailed check,33.03,800.11,No
1002-FVMQH,Male,0,Yes,No,40,No,No phone service,No,No internet service,No internet service,No internet service,No internet service,No internet service,No internet service,Two year,Yes,Bank transfer (automatic),18.0,714.68,No
8755-HSOST,Female,1,Yes,No,40,Yes,No,DSL,Yes,No,Yes,Yes,No,Yes,Month-to-month,Yes,Credit card (automatic),87.9,3521.28,No
5654-ZJBSK,Female,1,Yes,Yes,56,Yes,Yes,DSL,No,No,No,No,Yes,No,Month-to-month,Yes,Credit card (automatic),73.49,4145.34,Yes
5280-JIGXD,Female,0,Yes,Yes,55,Yes,Yes,DSL,No,Yes,Yes,No,Yes,No,Two year,Yes,Electronic check,87.38,4794.03,No
9313-FHHSN,Female,0,Yes,No,41,Yes,Yes,Fiber optic,No,No,No,Yes,Yes,No,Two year,Yes,Electronic check,98.75,4047.86,No
6032-ADNSY,Female,0,No,Yes,61,Yes,Yes,No,No internet service,No internet service,No internet service,No internet service,No internet service,No internet service,One year,No,Bank transfer (automatic),45.35,2763.34,No
4409-UCQMN,Male,0,No,Yes,41,Yes,No,DSL,No,No,No,No,Yes,No,Month-to-month,No,Mailed check,77.52,3167.47,No
9403-LBHBP,Male,0,No,No,1,Yes,Yes,Fiber optic,No,No,No,Yes,No,No,Month-to-month,Yes,Electronic check,100.27,89.95,No
6973-MSUYI,Male,0,Yes,Yes,62,Yes,No,No,No internet service,No internet service,No internet service,No internet service,No internet service,No internet service,Month-to-month,Yes,Electronic check,38.62,2356.68,No
3255-GTTCO,Male,0,Yes,No,56,No,No phone service,Fiber optic,No,No,No,No,No,No,Month-to-month,Yes,Mailed check,65.78,3692.11,Yes
3217-UMVOO,Female,1,No,No,31,Yes,Yes,Fiber optic,No,No,No,No,No,No,Two year,No,Bank transfer (automatic),81.98,2554.23,No
4208-MQZFV,Male,0,Yes,No,28,Yes,Yes,Fiber optic,No,No,No,Yes,Yes,Yes,One year,No,Electronic check,110.04,3072.31,Yes
5465-REOHD,Male,0,No,Yes,65,Yes,Yes,DSL,No,Yes,Yes,No,No,No,Month-to-month,Yes,Mailed check,79.59,5182.8,No
9611-AXTAE,Female,0,No,No,31,Yes,Yes,Fiber optic,Yes,No,Yes,No,No,No,Month-to-month,No,Electronic check,92.09,2819.46,No
5109-OFPPR,Female,0,Yes,No,27,Yes,No,DSL,No,Yes,No,No,Yes,No,Two year,No,Bank transfer (automatic),74.92,2051.84,No
3667-NRUXK,Male,0,Yes,No,53,No,No phone service,Fiber optic,No,Yes,Yes,No,No,Yes,One year,Yes,Credit card (automatic),80.72,4262.2,No
8849-CHWSC,Female,0,No,No,23,Yes,No,DSL,No,Yes,Yes,No,No,No,Month-to-month,Yes,Mailed check,67.19,1539.55,No
1192-OTBIP,Male,0,No,No,29,Yes,No,No,No internet service,No internet service,No internet service,No internet service,No internet service,No internet service,Month-to-month,Yes,Credit card (automatic),38.81,1143.43,Yes
7487-ITQWL,Female,0,No,Yes,56,Yes,Yes,Fiber optic,Yes,Yes,No,No,No,No,Month-to-month,Yes,Credit card (automatic),90.37,5031.18,No
2376-YTGVH,Female,1,No,Yes,16,Yes,No,No,No internet service,No internet service,No internet service,No internet service,No internet service,No internet service,Month-to-month,No,Mailed check,39.21,617.22,No
6985-JQCDW,Female,1,No,No,0,Yes,No,Fiber optic,No,No,Yes,Yes,No,Yes,One year,Yes,Electronic check,106.72, ,Yes
4785-CPFID,Female,0,Yes,No,24,Yes,No,Fiber optic,No,Yes,Yes,No,No,No,Month-to-month,Yes,Electronic check,98.91,2384.2,Yes
7898-DOKSE,Female,0,No,No,12,Yes,No,DSL,No,Yes,No,No,No,No,Month-to-month,No,Credit card (automatic),69.53,814.97,No
8365-WFYME,Female,0,No,Yes,26,Yes,No,Fiber optic,Yes,No,No,No,No,No,Month-to-month,Yes,Mailed check,82.73,2165.61,Yes
5680-FMHRO,Female,0,Yes,Yes,5,Yes,Yes,Fiber optic,No,No,Yes,No,No,No,Month-to-month,Yes,Mailed check,95.44,481.78,Yes
1177-MXJDG,Male,1,Yes,No,43,No,No phone service,Fiber optic,No,No,No,Yes,Yes,No,One year,No,Electronic check,76.86,3273.28,No
5642-WGMPD,Female,1,No,No,37,Yes,Yes,Fiber optic,No,No,No,No,Yes,Yes,One year,No,Electronic check,105.87,3933.54,No
8253-TBIMU,Female,0,No,Yes,19,Yes,No,DSL,Yes,No,No,No,No,Yes,Month-to-month,No,Credit card (automatic),82.55,1605.3,Yes
7413-THDSI,Female,0,Yes,No,45,Yes,Yes,DSL,Yes,No,No,No,Yes,Yes,Month-to-month,Yes,Credit card (automatic),91.7,4107.86,No
9651-QWTEL,Female,0,No,No,10,Yes,Yes,DSL,Yes,No,No,No,No,No,Two year,No,Electronic check,71.54,704.66,No
4739-OLCVA,Female,0,No,Yes,0,Yes,Yes,DSL,No,No,No,No,Yes,Yes,Two year,Yes,Bank transfer (automatic),86.66, ,No
6209-GOMAO,Male,1,No,No,34,Yes,Yes,Fiber optic,No,No,Yes,No,No,Yes,Month-to-month,Yes,Bank transfer (automatic),97.39,3309.65,Yes
5585-BPYED,Male,0,Yes,Yes,11,Yes,No,Fiber optic,No,Yes,No,No,Yes,No,Month-to-month,Yes,Mailed check,104.43,1170.11,No
7187-WYYFM,Male,0,Yes,No,62,Yes,Yes,Fiber optic,No,Yes,Yes,No,No,Yes,Two year,Yes,Bank transfer (automatic),99.14,6132.65,No
8864-VROUC,Female,0,Yes,Yes,22,Yes,No,DSL,No,No,No,No,No,Yes,Month-to-month,Yes,Credit card (automatic),72.62,1578.75,No
5489-EZMPI,Female,0,No,No,31,Yes,No,Fiber optic,Yes,Yes,No,No,No,No,Two year,Yes,Bank transfer (automatic),99.22,3100.83,No
1384-TCHNB,Male,0,No,Yes,21,Yes,Yes,DSL,No,Yes,No,No,Yes,No,Two year,Yes,Mailed check,75.75,1575.06,No
8385-UHOTO,Male,1,Yes,No,31,Yes,Yes,DSL,No,No,No,Yes,No,No,Month-to-month,Yes,Bank transfer (automatic),72.16,2222.29,No
1055-JJMYC,Female,0,No,No,7,Yes,Yes,No,No internet service,No internet service,No internet service,No internet service,No internet service,No internet service,Month-to-month,No,Credit card (automatic),40.52,278.48,No
7921-SLDVU,Female,0,Yes,No,68,Yes,Yes,Fiber optic,No,No,No,Yes,Yes,Yes,Two year,No,Bank transfer (automatic),113.41,7676.69,No
8874-LGBFX,Female,0,No,No,12,No,No phone service,DSL,No,No,Yes,Yes,Yes,No,Month-to-month,Yes,Credit card (automatic),67.25,789.73,No
1898-XPCXB,Male,0,Yes,No,28,Yes,Yes,DSL,Yes,No,No,No,Yes,Yes,Month-to-month,No,Credit card (automatic),90.28,2564.73,No
2548-HHKDO,Male,0,No,Yes,61,Yes,No,Fiber optic,No,Yes,No,No,No,No,Month-to-month,Yes,Electronic check,87.34,5341.7,Yes
6332-RCZDO,Male,0,No,No,31,No,No phone service,Fiber optic,No,No,No,No,Yes,Yes,One year,Yes,Bank transfer (automatic),82.59,2572.19,No
7063-OXYJJ,Male,0,No,No,51,Yes,Yes,DSL,No,Yes,No,Yes,Yes,No,Two year,No,Electronic check,77.87,3983.55,No
7449-YZJAT,Female,0,Yes,No,4,Yes,No,Fiber optic,Yes,Yes,Yes,No,Yes,Yes,One year,Yes,Credit card (automatic),115.74,475.19,No
8609-SXWPE,Male,0,Yes,Yes,21,No,No phone service,Fiber optic,No,No,No,No,No,No,Month-to-month,No,Electronic check,65.5,1367.03,Yes
3438-NOAVW,Female,0,Yes,Yes,55,Yes,No,Fiber optic,No,No,No,Yes,Yes,Yes,One year,No,Electronic check,107.72,5922.93,No
8886-GSWLN,Female,1,No,No,19,No,No phone service,Fiber optic,No,Yes,No,No,Yes,No,One year,No,Electronic check,74.35,1419.72,No
7908-RGGAO,Male,0,Yes,Yes,30,Yes,Yes,No,No internet service,No internet service,No internet service,No internet service,No internet service,No internet service,Month-to-month,No,Credit card (automatic),44.67,1330.4,No
3657-TRRUR,Male,0,No,Yes,5,Yes,Yes,DSL,No,No,No,No,Yes,No,Two year,No,Credit card (automatic),71.04,381.39,No
9632-QGBYA,Female,0,No,No,36,Yes,Yes,DSL,Yes,No,Yes,No,Yes,No,One year,Yes,Mailed check,78.09,2777.28,No
9863-XLPCT,Male,0,Yes,Yes,25,Yes,Yes,DSL,No,No,Yes,No,No,No,Month-to-month,Yes,Mailed check,63.47,1580.34,Yes
1829-UUWNV,Male,0,Yes,Yes,62,Yes,Yes,DSL,No,Yes,No,No,No,No,Two year,Yes,Mailed check,70.39,4386.3,No
4836-FLPHM,Female,0,Yes,Yes,29,Yes,No,DSL,Yes,Yes,No,No,No,No,Month-to-month,No,Bank transfer (automatic),68.47,2005.52,No
8855-SNXYW,Female,0,No,No,60,Yes,Yes,DSL,No,No,No,No,No,No,Month-to-month,Yes,Electronic check,64.48,3858.76,No
1373-DURGE,Female,0,No,No,66,No,No phone service,No,No internet service,No internet service,No internet service,No internet service,No internet service,No internet service,Month-to-month,Yes,Electronic check,21.03,1394.21,Yes
8876-PEFEA,Male,0,Yes,Yes,61,No,No phone service,No,No internet service,No internet service,No internet service,No internet service,No internet service,No internet service,Month-to-month,Yes,Bank transfer (automatic),20.7,1268.75,No
3093-BMMEI,Male,1,No,No,54,No,No phone service,Fiber optic,No,No,Yes,Yes,Yes,Yes,Month-to-month,Yes,Electronic check,92.37,5031.46,No
7354-YMGIW,Male,0,Yes,No,42,Yes,Yes,Fiber optic,No,No,No,No,Yes,No,Month-to-month,No,Bank transfer (automatic),97.84,4093.29,No
2367-QUMTF,Male,1,Yes,Yes,34,Yes,Yes,Fiber optic,Yes,Yes,No,No,No,No,Two year,Yes,Credit card (automatic),97.94,3334.12,No
1369-AYLHL,Male,0,No,No,5,Yes,No,Fiber optic,No,No,No,No,No,No,One year,Yes,Bank transfer (automatic),81.74,400.38,No
4246-FXSEQ,Female,0,No,No,9,Yes,Yes,Fiber optic,No,Yes,No,Yes,No,No,Month-to-month,No,Mailed check,91.61,854.98,Yes
5807-IFYHV,Male,0,Yes,No,27,No,No phone service,DSL,No,Yes,Yes,Yes,No,No,One year,Yes,Electronic check,54.59,1471.15,No
1733-OWVOV,Female,0,No,No,47,Yes,No,No,No internet service,No internet service,No internet service,No internet service,No internet service,No internet service,One year,Yes,Mailed check,40.89,1909.4,No
5715-MMZAR,Female,0,No,No,0,Yes,No,Fiber optic,No,Yes,No,No,No,Yes,Month-to-month,No,Electronic check,103.36, ,Yes
2393-AZLYU,Female,0,No,No,68,Yes,Yes,DSL,No,No,Yes,No,Yes,No,Two year,Yes,Electronic check,81.73,5541.68,No
6390-LVXWU,Male,0,No,No,72,Yes,No,Fiber optic,No,No,No,No,No,No,Month-to-month,No,Credit card (automatic),85.36,6149.66,No
1896-OLJWE,Male,0,Yes,Yes,5,Yes,Yes,DSL,Yes,Yes,No,No,Yes,Yes,Month-to-month,Yes,Credit card (automatic),97.86,502.71,No
9039-YQHKG,Female,0,Yes,No,7,Yes,No,No,No internet service,No internet service,No internet service,No internet service,No internet service,No internet service,Month-to-month,No,Bank transfer (automatic),48.65,305.9,No
6270-LMMVZ,Male,0,No,No,61,Yes,Yes,Fiber optic,No,No,Yes,Yes,Yes,Yes,Month-to-month,No,Bank transfer (automatic),108.5,6602.22,Yes
5823-CYWJD,Female,0,No,Yes,14,Yes,No,No,No internet service,No internet service,No internet service,No internet service,No internet service,No internet service,Month-to-month,No,Electronic check,37.46,562.68,No
5510-MWWMU,Male,0,Yes,No,13,Yes,No,No,No internet service,No internet service,No internet service,No internet service,No internet service,No internet service,Month-to-month,No,Mailed check,37.1,486.71,No
8612-ZPQCT,Male,0,Yes,No,13,Yes,No,Fiber optic,Yes,Yes,No,Yes,No,Yes,One year,Yes,Electronic check,111.96,1432.71,Yes
6456-YNKCK,Female,0,Yes,Yes,51,Yes,No,No,No internet service,No internet service,No internet service,No internet service,No internet service,No internet service,Two year,Yes,Credit card (automatic),40.74,2080.61,No
2515-QTVJH,Female,0,No,No,9,Yes,Yes,No,No internet service,No internet service,No internet service,No internet service,No internet service,No internet service,Two year,Yes,Credit card (automatic),36.16,287.98,No
9869-TPVRP,Male,0,Yes,No,13,Yes,No,DSL,No,No,Yes,No,No,Yes,One year,No,Electronic check,78.56,1024.59,No
9583-FPUNX,Female,0,Yes,No,29,Yes,Yes,DSL,Yes,No,No,Yes,Yes,Yes,One year,No,Mailed check,95.96,2790.72,No
6680-IOEZY,Male,0,Yes,No,43,No,No phone service,Fiber optic,No,Yes,Yes,Yes,No,No,One year,Yes,Electronic check,81.86,3518.22,Yes
5111-AIXUK,Female,0,No,No,72,Yes,Yes,Fiber optic,No,Yes,No,No,No,Yes,Month-to-month,No,Electronic check,96.06,6901.41,No
6853-RUJUI,Female,0,No,No,17,Yes,Yes,Fiber optic,No,Yes,No,No,Yes,No,Month-to-month,Yes,Electronic check,97.33,1690.35,Yes
7323-CMPQS,Female,0,Yes,Yes,18,Yes,No,Fiber optic,Yes,No,Yes,No,No,Yes,Month-to-month,Yes,Electronic check,97.65,1751.07,Yes
9847-DXUDF,Female,0,Yes,No,39,Yes,No,No,No internet service,No internet service,No internet service,No internet service,No internet service,No internet service,Month-to-month,No,Credit card (automatic),43.25,1648.89,Yes
1488-JDDWU,Male,0,Yes,No,30,Yes,No,Fiber optic,Yes,No,Yes,Yes,Yes,No,One year,No,Electronic check,109.04,3267.92,No
6941-EHGYC,Female,0,No,No,43,Yes,No,Fiber optic,Yes,Yes,Yes,No,Yes,Yes,Month-to-month,Yes,Mailed check,116.65,5039.36,No
1485-YTRIR,Male,0,No,Yes,17,Yes,No,Fiber optic,No,Yes,No,No,Yes,Yes,Month-to-month,No,Mailed check,110.26,1906.79,Yes
3967-ZMLMN,Male,0,No,No,45,Yes,No,No,No internet service,No internet service,No internet service,No internet service,No internet service,No internet service,Month-to-month,Yes,Mailed check,48.49,2128.13,No
8091-ENMJR,Male,0,No,No,67,Yes,Yes,DSL,Yes,Yes,Yes,No,No,Yes,Two year,Yes,Electronic check,86.32,5766.73,No
8407-FXBHG,Male,0,Yes,Yes,49,Yes,No,Fiber optic,No,No,No,Yes,Yes,No,Month-to-month,No,Credit card (automatic),93.12,4555.39,No
6056-CFUHW,Female,0,Yes,No,53,Yes,Yes,Fiber optic,Yes,No,No,No,No,No,Month-to-month,Yes,Electronic check,87.28,4629.15,No
2672-HFGLR,Male,0,Yes,No,5,Yes,Yes,Fiber optic,No,No,No,No,No,No,Month-to-month,Yes,Bank transfer (automatic),79.91,372.3,No
3654-UDSAP,Male,1,Yes,No,65,Yes,No,DSL,No,Yes,Yes,Yes,Yes,No,Month-to-month,Yes,Electronic check,89.03,5798.05,No
3266-JXRYR,Male,0,Yes,No,51,Yes,Yes,No,No internet service,No internet service,No internet service,No internet service,No internet service,No internet service,One year,Yes,Credit card (automatic),38.22,1967.78,Yes
1900-FMAGQ,Female,0,No,Yes,45,Yes,No,DSL,No,No,No,No,No,No,Month-to-month,Yes,Electronic check,67.59,3023.87,No
1457-IMAJA,Female,0,Yes,No,11,Yes,No,DSL,Yes,No,No,No,Yes,No,Month-to-month,No,Credit card (automatic),72.64,798.09,No
5516-DCCNS,Female,0,No,Yes,40,Yes,No,No,No internet service,No internet service,No internet service,No internet service,No internet service,No internet service,Two year,No,Bank transfer (automatic),42.17,1703.09,No
2692-YDDOR,Male,1,Yes,No,49,Yes,No,Fiber optic,No,No,No,No,No,Yes,Month-to-month,Yes,Credit card (automatic),92.03,4544.84,No
4649-NYSRE,Male,0,Yes,No,45,Yes,No,Fiber optic,No,No,No,Yes,No,Yes,One year,No,Credit card (automatic),99.96,4519.31,No
5445-DNVQU,Female,0,No,Yes,9,Yes,Yes,Fiber optic,Yes,No,No,Yes,No,No,One year,No,Bank transfer (automatic),91.88,816.49,Yes
2030-YXFTN,Female,0,Yes,No,2,Yes,Yes,DSL,No,No,No,No,No,No,Month-to-month,Yes,Bank transfer (automatic),61.26,131.59,Yes
2645-JHWAN,Female,0,Yes,No,34,Yes,No,DSL,No,Yes,No,No,No,No,Month-to-month,Yes,Bank transfer (automatic),72.22,2450.78,Yes
7613-EUHKP,Female,0,Yes,No,52,Yes,Yes,No,No internet service,No internet service,No internet service,No internet service,No internet service,No internet service,Month-to-month,Yes,Credit card (automatic),47.07,2432.65,No
8072-OTTTZ,Female,0,No,Yes,28,Yes,No,DSL,No,No,No,Yes,Yes,No,Month-to-month,Yes,Bank transfer (automatic),78.44,2206.24,Yes
8762-LDMZO,Female,1,Yes,No,50,Yes,No,DSL,No,Yes,Yes,Yes,No,Yes,Month-to-month,Yes,Credit card (automatic),87.52,4385.71,Yes
6004-SEGUP,Male,1,No,No,70,Yes,Yes,Fiber optic,Yes,Yes,No,No,No,No,One year,No,Electronic check,99.49,6964.15,No
9508-GPLON,Male,0,No,Yes,64,Yes,No,No,No internet service,No internet service,No internet service,No internet service,No internet service,No internet service,Month-to-month,Yes,Electronic check,36.47,2354.12,No
5724-LUOII,Male,1,No,No,46,Yes,Yes,Fiber optic,No,No,No,No,No,Yes,Month-to-month,No,Electronic check,94.68,4349.61,Yes
5517-ZEQDE,Male,0,Yes,No,53,Yes,Yes,DSL,No,No,No,No,No,Yes,One year,Yes,Bank transfer (automatic),70.61,3740.49,No
7348-UPJAI,Male,0,No,No,6,Yes,No,DSL,No,No,Yes,Yes,Yes,Yes,Month-to-month,Yes,Credit card (automatic),93.94,567.58,No
3835-UHNKB,Female,1,Yes,No,6,Yes,No,No,No internet service,No internet service,No internet service,No internet service,No internet service,No internet service,One year,No,Electronic check,40.0,246.44,No
9031-QSETR,Male,0,No,Yes,51,Yes,No,Fiber optic,No,No,No,No,No,No,Month-to-month,No,Bank transfer (automatic),80.08,4065.6,No
5023-OGITX,Male,0,No,No,58,Yes,Yes,No,No internet service,No internet service,No internet service,No internet service,No internet service,No internet service,One year,Yes,Mailed check,38.27,2257.41,No
5299-GLHMH,Male,0,Yes,Yes,14,Yes,Yes,Fiber optic,Yes,No,Yes,No,No,No,Two year,No,Bank transfer (automatic),94.14,1331.41,No
8714-NHJCI,Male,0,Yes,No,43,Yes,No,Fiber optic,Yes,No,No,No,No,Yes,Month-to-month,No,Electronic check,97.98,4213.17,Yes
7514-TBZNM,Male,0,No,Yes,20,Yes,No,No,No internet service,No internet service,No internet service,No internet service,No internet service,No internet service,Two year,No,Electronic check,33.91,678.66,No
5088-QOTDR,Male,0,No,Yes,7,Yes,No,Fiber optic,No,No,Yes,No,Yes,Yes,Month-to-month,No,Bank transfer (automatic),108.93,760.99,Yes
2552-ULSBZ,Female,0,No,No,27,Yes,Yes,DSL,No,No,No,No,Yes,No,Month-to-month,Yes,Electronic check,71.47,1958.93,Yes
2674-XPPOK,Female,0,No,No,32,Yes,No,DSL,Yes,Yes,No,Yes,No,No,Month-to-month,Yes,Bank transfer (automatic),73.3,2364.76,No
5860-ZJJYH,Male,0,No,Yes,56,Yes,No,Fiber optic,No,No,Yes,No,No,Yes,Month-to-month,No,Electronic check,104.81,5882.06,Yes
8364-BEZKW,Female,0,No,No,63,Yes,No,DSL,Yes,No,No,No,No,No,Two year,No,Electronic check,70.29,4477.83,No
2061-GEKQF,Female,0,No,Yes,68,Yes,Yes,DSL,Yes,Yes,Yes,No,No,No,Month-to-month,No,Electronic check,79.84,5440.96,No
7708-ZTAXA,Female,0,Yes,No,7,Yes,No,Fiber optic,No,No,No,No,No,No,Month-to-month,Yes,Mailed check,83.56,566.92,Yes
6482-SPFVA,Male,0,No,Yes,67,Yes,No,Fiber optic,No,Yes,No,No,Yes,No,Two year,Yes,Credit card (automatic),96.95,6510.46,No
9520-PDMCJ,Female,0,No,No,37,Yes,No,Fiber optic,Yes,No,No,Yes,No,No,Month-to-month,No,Mailed check,100.65,3734.71,No
3986-ALCHV,Male,0,Yes,Yes,12,Yes,No,No,No internet service,No internet service,No internet service,No internet service,No internet service,No internet service,One year,No,Mailed check,44.27,558.99,No
4271-YDIQV,Male,1,Yes,No,47,Yes,No,DSL,Yes,No,No,No,No,Yes,Month-to-month,Yes,Bank transfer (automatic),78.75,3716.16,No
6265-WOUOY,Male,0,Yes,No,4,No,No phone service,Fiber optic,Yes,Yes,No,Yes,Yes,Yes,Two year,Yes,Electronic check,99.41,400.4,No
1646-ZEHSA,Female,0,Yes,No,33,Yes,Yes,Fiber optic,No,No,No,No,No,No,Month-to-month,No,Bank transfer (automatic),75.86,2522.66,No
6748-KFSQI,Male,0,No,No,60,Yes,No,Fiber optic,No,No,No,No,No,No,One year,No,Bank transfer (automatic),88.17,5256.6,No
7290-NJIRK,Male,0,Yes,Yes,70,Yes,No,Fiber optic,Yes,Yes,Yes,No,Yes,No,One year,Yes,Credit card (automatic),112.68,7897.18,No
4715-MLWSV,Male,0,No,Yes,21,Yes,No,Fiber optic,Yes,No,Yes,No,Yes,No,Two year,Yes,Electronic check,109.14,2303.36,No
7701-YKGSM,Male,0,Yes,No,12,Yes,No,No,No internet service,No internet service,No internet service,No internet service,No internet service,No internet service,Two year,Yes,Bank transfer (automatic),42.14,479.01,No
3492-RBNEK,Female,0,No,Yes,42,Yes,No,No,No internet service,No internet service,No internet service,No internet service,No internet service,No internet service,Two year,Yes,Electronic check,36.96,1554.8,No
2517-ENOUY,Male,1,No,No,11,No,No phone service,No,No internet service,No internet service,No internet service,No internet service,No internet service,No internet service,Month-to-month,No,Mailed check,18.0,184.75,No
1703-TPMKP,Male,0,No,No,71,Yes,No,No,No internet service,No internet service,No internet service,No internet service,No internet service,No internet service,Month-to-month,Yes,Mailed check,39.75,2813.5,No
6002-DLRYQ,Male,0,No,No,23,No,No phone service,Fiber optic,No,No,No,No,No,No,Two year,Yes,Credit card (automatic),57.75,1346.73,No
9471-HDZIG,Male,0,Yes,No,13,Yes,Yes,Fiber optic,Yes,Yes,Yes,No,No,No,One year,No,Bank transfer (automatic),97.96,1252.82,No
1836-JHMAY,Male,1,No,No,17,Yes,No,Fiber optic,No,No,Yes,No,No,No,Two year,No,Bank transfer (automatic),88.61,1501.83,No
5242-JWOWH,Female,1,No,No,27,Yes,Yes,Fiber optic,No,Yes,Yes,Yes,No,Yes,Two year,No,Electronic check,112.64,3022.75,No
3927-CAJUV,Male,0,Yes,No,54,Yes,Yes,DSL,No,Yes,Yes,No,No,Yes,Month-to-month,Yes,Electronic check,86.37,4668.49,No
9731-KOPXS,Male,0,No,No,63,Yes,No,Fiber optic,No,No,Yes,Yes,Yes,No,Month-to-month,Yes,Electronic check,103.7,6539.79,Yes
4801-NZHDZ,Female,0,Yes,No,53,Yes,Yes,No,No internet service,No internet service,No internet service,No internet service,No internet service,No internet service,Month-to-month,Yes,Electronic check,45.3,2375.13,No
9907-GNEWU,Female,0,No,No,47,Yes,Yes,Fiber optic,No,Yes,No,No,No,No,One year,Yes,Mailed check,89.49,4199.2,No
2209-AZMFJ,Male,0,Yes,No,19,Yes,No,DSL,Yes,No,No,No,Yes,No,Month-to-month,Yes,Mailed check,74.0,1402.23,No
3734-GVLEN,Male,0,No,Yes,68,Yes,Yes,Fiber optic,No,Yes,No,No,No,Yes,Month-to-month,No,Mailed check,102.3,6958.73,No
8747-KSXPZ,Male,1,Yes,No,72,Yes,No,Fiber optic,No,No,No,No,No,No,One year,No,Credit card (automatic),85.45,6171.36,No
6513-BRWJO,Female,0,Yes,No,46,Yes,Yes,No,No internet service,No internet service,No internet service,No internet service,No internet service,No internet service,Month-to-month,Yes,Bank transfer (automatic),43.98,2003.94,No
3819-LMTQS,Male,0,Yes,Yes,57,Yes,Yes,DSL,No,Yes,No,No,No,No,Month-to-month,Yes,Credit card (automatic),68.51,3896.91,No
4834-VECHB,Male,0,No,Yes,22,Yes,Yes,Fiber optic,Yes,No,No,No,Yes,No,Month-to-month,No,Credit card (automatic),94.95,2115.11,Yes
2996-RIQBV,Female,0,Yes,No,32,Yes,No,Fiber optic,Yes,No,Yes,No,No,Yes,Month-to-month,No,Electronic check,116.08,3730.21,No
6601-VTMLJ,Male,0,No,Yes,58,No,No phone service,Fiber optic,No,Yes,No,No,Yes,No,Month-to-month,Yes,Credit card (automatic),76.23,4402.1,No
5377-MIGDE,Male,0,No,No,30,Yes,Yes,DSL,No,Yes,No,No,No,No,One year,No,Bank transfer (automatic),65.8,1971.72,No
2490-UMFXF,Female,0,No,No,55,Yes,Yes,No,No internet service,No internet service,No internet service,No internet service,No internet service,No internet service,Two year,Yes,Credit card (automatic),30.24,1671.51,No
2631-CKHZA,Male,0,Yes,No,62,Yes,Yes,No,No internet service,No internet service,No internet service,No internet service,No internet service,No internet service,One year,Yes,Credit card (automatic),43.63,2722.8,No
5413-DMNDW,Female,0,No,Yes,68,Yes,Yes,Fiber optic,No,No,No,No,Yes,Yes,Two year,Yes,Credit card (automatic),105.56,7184.47,No
9751-ZXHLK,Female,0,No,No,21,Yes,No,DSL,Yes,No,Yes,No,No,No,Month-to-month,Yes,Mailed check,78.11,1648.5,Yes
2363-FQMBQ,Male,0,Yes,No,34,Yes,No,Fiber optic,No,No,No,Yes,Yes,No,Month-to-month,Yes,Mailed check,94.37,3217.24,No
9520-VJHSW,Female,0,Yes,No,28,Yes,Yes,Fiber optic,No,No,Yes,No,Yes,Yes,Month-to-month,No,Mailed check,109.86,3076.97,No
6174-QLXJG,Female,1,No,No,36,Yes,Yes,Fiber optic,Yes,No,Yes,No,No,No,One year,Yes,Credit card (automatic),95.69,3413.18,No
1127-ICANM,Female,1,Yes,No,54,Yes,No,Fiber optic,No,Yes,No,Yes,No,No,Month-to-month,Yes,Electronic check,100.87,5436.92,No
4046-JNYEU,Male,0,Yes,Yes,23,Yes,Yes,Fiber optic,No,No,No,Yes,No,No,Two year,Yes,Mailed check,85.28,1986.18,No
1602-YIUPI,Male,0,Yes,No,17,Yes,No,No,No internet service,No internet service,No internet service,No internet service,No internet service,No internet service,One year,No,Electronic check,41.27,718.83,Yes
3184-PDRBT,Male,0,No,No,19,Yes,Yes,No,No internet service,No internet service,No internet service,No internet service,No internet service,No internet service,Two year,No,Mailed check,39.34,747.16,Yes
7490-SXDGK,Female,0,No,No,55,Yes,No,Fiber optic,No,Yes,No,No,No,No,Month-to-month,Yes,Bank transfer (automatic),90.03,4946.78,No
9252-AEHJU,Male,0,No,Yes,72,Yes,Yes,DSL,No,No,No,No,No,Yes,One year,Yes,Bank transfer (automatic),74.21,5328.28,No
2817-JJBLZ,Female,0,No,No,7,Yes,No,DSL,No,No,No,Yes,No,Yes,Month-to-month,No,Electronic check,82.52,560.35,Yes
3717-EGIJB,Female,0,Yes,No,71,Yes,Yes,DSL,No,Yes,No,No,Yes,No,Month-to-month,No,Mailed check,84.95,6050.4,No
9588-WDIMG,Female,0,Yes,No,2,Yes,No,Fiber optic,No,Yes,No,No,No,Yes,Two year,Yes,Electronic check,104.84,203.35,Yes
7495-UGOGY,Male,0,Yes,No,38,Yes,Yes,Fiber optic,No,No,No,Yes,No,No,Month-to-month,Yes,Bank transfer (automatic),90.94,3461.63,No
3662-TPFAG,Male,0,Yes,Yes,9,Yes,No,No,No internet service,No internet service,No internet service,No internet service,No internet service,No internet service,Two year,Yes,Electronic check,42.23,428.2,No
9736-MQOLM,Female,0,Yes,Yes,69,Yes,Yes,Fiber optic,No,No,Yes,Yes,No,No,One year,Yes,Electronic check,98.88,6824.75,No
3385-NKZKK,Male,0,No,No,55,Yes,No,DSL,No,No,No,Yes,Yes,Yes,One year,Yes,Electronic check,95.77,5252.28,No
6721-KKUJW,Male,0,Yes,No,25,Yes,No,Fiber optic,No,No,No,No,No,No,Month-to-month,Yes,Mailed check,84.72,2135.52,Yes
2004-HGWOW,Female,0,Yes,Yes,50,Yes,No,Fiber optic,Yes,Yes,Yes,No,No,No,Month-to-month,Yes,Electronic check,105.7,5306.53,No
3850-HVGES,Female,0,Yes,No,62,Yes,No,DSL,Yes,No,No,No,Yes,No,Month-to-month,No,Bank transfer (automatic),78.69,4839.92,No
8618-TASHA,Female,0,Yes,Yes,15,Yes,No,Fiber optic,No,Yes,No,Yes,No,Yes,One year,Yes,Credit card (automatic),106.01,1615.1,Yes
9983-RWYRJ,Female,1,Yes,No,46,Yes,No,DSL,Yes,No,No,Yes,No,No,Month-to-month,No,Electronic check,75.98,3477.04,No
3011-DRQZE,Male,0,Yes,No,21,Yes,Yes,DSL,No,Yes,Yes,No,Yes,No,Two year,No,Mailed check,89.37,1909.04,No
9833-FMBDG,Male,1,Yes,Yes,52,Yes,Yes,Fiber optic,No,Yes,No,No,No,No,Two year,No,Credit card (automatic),96.26,5031.03,No
8617-QAFNO,Male,0,No,No,41,Yes,No,No,No internet service,No internet service,No internet service,No internet service,No internet service,No internet service,Month-to-month,No,Credit card (automatic),45.08,1850.87,No
5460-UKMMW,Male,0,No,No,52,Yes,Yes,No,No internet service,No internet service,No internet service,No internet service,No internet service,No internet service,One year,No,Bank transfer (automatic),47.57,2456.74,No
8059-FTZRF,Female,0,No,No,46,Yes,No,DSL,No,No,No,No,No,No,Month-to-month,No,Electronic check,63.91,2961.84,Yes
3156-RCOYH,Male,0,No,Yes,46,Yes,Yes,Fiber optic,No,No,No,Yes,No,No,Month-to-month,Yes,Mailed check,85.26,3930.35,No
4408-FXCAU,Female,0,No,No,6,Yes,No,No,No internet service,No internet service,No internet service,No internet service,No internet service,No internet service,Month-to-month,No,Credit card (automatic),42.77,241.14,No
5942-EUQPE,Female,1,No,Yes,62,Yes,No,No,No internet service,No internet service,No internet service,No internet service,No internet service,No internet service,Two year,No,Electronic check,44.27,2755.22,No
1028-OVCQJ,Female,0,No,Yes,12,Yes,No,No,No internet service,No internet service,No internet service,No internet service,No internet service,No internet service,Two year,Yes,Electronic check,42.91,492.34,No
7569-RXVIY,Male,0,No,No,28,Yes,No,Fiber optic,Yes,No,Yes,Yes,Yes,Yes,Month-to-month,Yes,Mailed check,114.91,3222.85,No
6128-WKGCF,Male,0,Yes,No,37,No,No phone service,No,No internet service,No internet service,No internet service,No internet service,No internet service,No internet service,Month-to-month,No,Electronic check,18.0,671.75,No
7544-GXZRZ,Female,0,Yes,Yes,61,Yes,No,Fiber optic,No,No,No,No,Yes,No,Month-to-month,Yes,Mailed check,96.09,5871.05,No
6759-ZHSEL,Female,0,Yes,No,45,Yes,Yes,DSL,No,No,No,No,Yes,Yes,Month-to-month,No,Bank transfer (automatic),82.46,3734.91,No
4012-VKWVH,Male,0,Yes,No,13,Yes,Yes,DSL,Yes,No,Yes,No,Yes,No,Month-to-month,No,Mailed check,80.71,1039.33,Yes
3959-HNZWP,Male,0,No,No,20,Yes,No,No,No internet service,No internet service,No internet service,No internet service,No internet service,No internet service,Two year,Yes,Electronic check,43.07,848.61,No
6389-ZIQJZ,Female,0,Yes,No,14,No,No phone service,No,No internet service,No internet service,No internet service,No internet service,No internet service,No internet service,Two year,Yes,Mailed check,19.38,271.86,No
5540-NVVKN,Female,0,No,No,43,Yes,Yes,Fiber optic,No,No,Yes,No,Yes,Yes,Month-to-month,No,Credit card (automatic),102.03,4403.6,No
4052-XBIVN,Male,0,No,No,52,Yes,Yes,Fiber optic,No,No,No,No,No,No,Two year,Yes,Credit card (automatic),84.69,4399.69,No
7039-EUUFI,Male,0,No,Yes,51,Yes,Yes,DSL,No,Yes,No,No,No,No,One year,Yes,Electronic check,68.44,3458.3,No
5805-AGFMX,Female,0,Yes,No,54,Yes,Yes,Fiber optic,No,Yes,No,No,No,No,One year,No,Electronic check,87.64,4727.29,No
7103-LXDEP,Female,0,Yes,No,51,Yes,Yes,Fiber optic,Yes,No,No,No,No,No,Two year,Yes,Credit card (automatic),87.84,4483.02,No
6394-YWTLQ,Female,0,Yes,No,65,Yes,Yes,Fiber optic,No,Yes,No,Yes,Yes,No,Month-to-month,Yes,Electronic check,105.67,6853.0,No
3944-QKNLK,Male,0,No,Yes,66,Yes,Yes,Fiber optic,Yes,Yes,No,Yes,No,No,Month-to-month,No,Mailed check,95.08,6228.26,No
6623-HZORC,Male,0,No,No,20,Yes,No,Fiber optic,No,Yes,Yes,No,No,Yes,Month-to-month,No,Electronic check,103.05,2067.23,Yes
7905-AHPNI,Female,0,No,No,22,Yes,Yes,No,No internet service,No internet service,No internet service,No internet service,No internet service,No internet service,One year,No,Electronic check,40.41,862.86,No
1268-URUIW,Female,0,No,No,4,No,No phone service,No,No internet service,No internet service,No internet service,No internet service,No internet service,No internet service,Month-to-month,Yes,Bank transfer (automatic),19.88,98.88,No
2609-MAWHR,Female,0,No,Yes,19,Yes,Yes,DSL,No,Yes,No,Yes,Yes,No,Month-to-month,Yes,Electronic check,81.46,1593.82,No
5672-XCMIR,Male,0,No,Yes,37,Yes,No,DSL,Yes,No,No,Yes,Yes,No,Month-to-month,Yes,Mailed check,80.92,2976.16,No
2615-GKUDT,Male,0,Yes,No,48,Yes,No,DSL,No,Yes,No,No,No,No,Month-to-month,No,Bank transfer (automatic),66.45,3196.64,No
6127-QNDIM,Male,0,Yes,Yes,63,Yes,No,DSL,Yes,Yes,No,No,No,No,Month-to-month,No,Electronic check,79.57,5018.89,No
3336-ZLZAY,Male,0,Yes,No,43,Yes,No,Fiber optic,Yes,No,Yes,Yes,No,No,Month-to-month,No,Credit card (automatic),104.31,4454.63,No
3767-YLRGQ,Female,0,No,No,70,Yes,No,Fiber optic,No,No,No,No,Yes,Yes,Two year,No,Electronic check,111.77,7775.43,No
9057-WTLGI,Male,0,No,No,40,Yes,No,DSL,No,No,No,Yes,No,Yes,One year,Yes,Mailed check,81.31,3225.29,No
3224-WACGK,Female,1,No,No,62,Yes,Yes,No,No internet service,No internet service,No internet service,No internet service,No internet service,No internet service,Month-to-month,Yes,Credit card (automatic),40.11,2480.75,Yes
9931-WFURK,Female,0,No,Yes,58,Yes,No,Fiber optic,No,No,No,No,No,No,Two year,No,Electronic check,83.23,4876.11,No
4678-KVKZT,Female,0,No,No,35,Yes,No,DSL,Yes,Yes,Yes,No,No,Yes,Two year,No,Electronic check,86.57,3041.41,No
4735-HKMZH,Female,0,Yes,No,63,Yes,No,Fiber optic,No,No,No,Yes,Yes,No,Month-to-month,No,Bank transfer (automatic),97.78,6142.45,No
2107-VKZOC,Male,0,Yes,No,63,No,No phone service,Fiber optic,Yes,No,Yes,Yes,No,Yes,One year,No,Electronic check,82.34,5169.54,No
5252-LVQGI,Female,0,No,No,22,Yes,Yes,Fiber optic,Yes,No,No,Yes,No,Yes,Month-to-month,No,Electronic check,106.47,2328.65,No
1314-FKBGM,Male,0,No,Yes,15,Yes,No,Fiber optic,Yes,No,No,No,Yes,Yes,Month-to-month,No,Mailed check,111.71,1638.07,Yes
9121-IPAJO,Male,0,No,No,8,No,No phone service,DSL,Yes,No,No,No,No,Yes,One year,No,Bank transfer (automatic),58.62,451.26,Yes
3277-QEYDL,Male,0,Yes,No,67,Yes,Yes,Fiber optic,No,Yes,Yes,No,Yes,Yes,Month-to-month,Yes,Bank transfer (automatic),116.7,7828.12,No
5998-JLEHT,Male,0,No,No,32,Yes,No,No,No internet service,No internet service,No internet service,No internet service,No internet service,No internet service,Month-to-month,No,Mailed check,39.42,1256.91,No
7867-AIYSG,Female,1,No,Yes,41,Yes,No,Fiber optic,No,No,No,No,Yes,No,Month-to-month,Yes,Bank transfer (automatic),88.73,3629.77,Yes
6352-DCOMP,Male,0,No,Yes,19,Yes,No,Fiber optic,Yes,No,Yes,No,Yes,No,Month-to-month,Yes,Credit card (automatic),101.59,1946.89,No
7883-QNFUV,Male,0,Yes,No,28,Yes,Yes,No,No internet service,No internet service,No internet service,No internet service,No internet service,No internet service,Month-to-month,Yes,Credit card (automatic),48.37,1331.82,No
5377-BUZDM,Male,0,No,Yes,29,Yes,Yes,No,No internet service,No internet service,No internet service,No internet service,No internet service,No internet service,Two year,No,Bank transfer (automatic),41.62,1215.55,No
3130-GGPKK,Male,0,No,No,42,No,No phone service,No,No internet service,No internet service,No internet service,No internet service,No internet service,No internet service,Month-to-month,No,Mailed check,20.0,817.19,No
7068-CGGIS,Female,0,No,No,12,Yes,No,DSL,No,No,Yes,No,No,Yes,Month-to-month,Yes,Bank transfer (automatic),79.66,972.53,No
3279-UFMZO,Male,1,No,No,57,Yes,No,DSL,Yes,Yes,No,No,Yes,Yes,Two year,Yes,Credit card (automatic),92.51,5274.35,No
1088-LQEHL,Female,1,No,Yes,28,No,No phone service,No,No internet service,No internet service,No internet service,No internet service,No internet service,No internet service,Month-to-month,No,Electronic check,21.33,600.51,No
2715-LETFB,Male,0,No,Yes,17,Yes,Yes,No,No internet service,No internet service,No internet service,No internet service,No internet service,No internet service,One year,No,Mailed check,35.84,606.59,No
9680-GEOTF,Female,0,No,No,1,No,No phone service,Fiber optic,No,Yes,No,No,No,No,Month-to-month,Yes,Electronic check,65.12,76.01,Yes
7669-LDMYE,Male,0,Yes,No,7,No,No phone service,No,No internet service,No internet service,No internet service,No internet service,No internet service,No internet service,Month-to-month,Yes,Credit card (automatic),18.0,108.94,No
4435-IXPSU,Male,0,Yes,No,19,No,No phone service,Fiber optic,No,Yes,Yes,No,No,Yes,Month-to-month,Yes,Credit card (automatic),81.64,1571.38,Yes
6119-MMAYR,Male,0,Yes,No,53,Yes,No,DSL,Yes,No,No,No,No,No,Month-to-month,No,Electronic check,66.07,3496.58,No
8311-JZLDX,Female,1,No,No,62,Yes,No,No,No internet service,No internet service,No internet service,No internet service,No internet service,No internet service,One year,Yes,Credit card (automatic),40.75,2536.38,No
6735-KIXNH,Female,0,Yes,Yes,69,Yes,Yes,No,No internet service,No internet service,No internet service,No internet service,No internet service,No internet service,One year,No,Bank transfer (automatic),46.12,3195.47,No
4702-SXLOY,Male,0,Yes,No,21,Yes,Yes,Fiber optic,No,No,No,No,Yes,No,Month-to-month,Yes,Credit card (automatic),90.19,1878.69,Yes
4998-TUGDL,Female,0,No,No,46,Yes,No,Fiber optic,Yes,Yes,No,No,No,Yes,Month-to-month,Yes,Credit card (automatic),102.26,4713.84,No
6309-XJRLW,Female,0,No,No,19,Yes,No,Fiber optic,No,No,No,No,No,No,Two year,Yes,Electronic check,85.5,1609.61,No
3913-IMTFD,Male,1,Yes,No,10,Yes,No,Fiber optic,No,No,No,Yes,No,No,Month-to-month,Yes,Electronic check,94.18,910.0,Yes
5916-WWOOB,Male,0,Yes,No,39,Yes,No,Fiber optic,No,Yes,Yes,Yes,No,No,Month-to-month,Yes,Electronic check,90.69,3540.77,No
3504-HYMJN,Female,0,No,No,46,No,No phone service,Fiber optic,Yes,Yes,Yes,No,No,Yes,One year,No,Bank transfer (automatic),85.19,3962.02,No
7947-TNOQU,Female,1,Yes,No,55,Yes,Yes,Fiber optic,No,No,Yes,No,Yes,No,Month-to-month,Yes,Bank transfer (automatic),92.24,5060.1,Yes
2713-VTPOF,Female,0,Yes,No,8,Yes,No,DSL,No,No,No,Yes,Yes,No,Two year,Yes,Mailed check,79.71,647.91,No
5678-RDLGB,Male,0,Yes,Yes,54,Yes,No,DSL,No,No,No,Yes,No,Yes,Month-to-month,Yes,Mailed check,77.02,4175.46,No
9231-MHVCL,Male,0,Yes,No,22,Yes,Yes,DSL,No,No,Yes,Yes,Yes,No,Two year,Yes,Mailed check,85.71,1862.43,No
6441-JQFHO,Male,0,No,No,20,Yes,Yes,Fiber optic,No,No,Yes,No,No,No,Month-to-month,Yes,Electronic check,93.22,1852.03,Yes
1575-GMQSA,Male,0,Yes,No,2,Yes,No,Fiber optic,No,Yes,No,No,Yes,No,Month-to-month,No,Credit card (automatic),102.01,229.01,Yes
1720-JXTSA,Female,0,No,Yes,14,Yes,Yes,Fiber optic,No,Yes,Yes,Yes,Yes,No,Month-to-month,Yes,Bank transfer (automatic),115.15,1625.2,No
5499-CUZKA,Male,0,Yes,Yes,35,Yes,No,Fiber optic,Yes,Yes,No,No,Yes,Yes,Two year,Yes,Bank transfer (automatic),111.64,3908.81,No
6945-TBJUH,Male,1,Yes,No,13,Yes,Yes,DSL,No,No,No,No,No,No,Month-to-month,No,Electronic check,63.69,796.43,Yes
4813-SCWPL,Male,0,Yes,No,23,Yes,Yes,No,No internet service,No internet service,No internet service,No internet service,No internet service,No internet service,Month-to-month,No,Electronic check,44.83,1019.55,No
4607-APWJX,Male,1,No,Yes,38,Yes,No,Fiber optic,No,Yes,No,No,Yes,Yes,Two year,Yes,Mailed check,104.18,3969.25,No
6251-PQGSZ,Female,1,Yes,No,7,Yes,Yes,Fiber optic,Yes,No,No,No,No,No,Month-to-month,Yes,Electronic check,88.9,559.43,Yes
8405-LTXVG,Male,0,Yes,No,63,Yes,Yes,DSL,Yes,Yes,No,No,No,No,Month-to-month,Yes,Bank transfer (automatic),74.12,4685.8,No
1424-XETEL,Female,0,Yes,No,22,Yes,Yes,Fiber optic,No,No,No,Yes,No,No,Month-to-month,No,Bank transfer (automatic),92.84,2065.12,Yes
3335-BSJUW,Male,0,No,Yes,55,Yes,No,Fiber optic,No,No,No,No,Yes,Yes,Two year,No,Electronic check,105.18,5820.91,No
2782-RNHJP,Male,0,Yes,No,47,Yes,No,Fiber optic,No,No,Yes,Yes,Yes,Yes,Month-to-month,No,Electronic check,110.82,5234.02,No
9772-YIKZF,Male,0,No,No,54,Yes,Yes,DSL,No,No,Yes,No,Yes,No,Month-to-month,Yes,Bank transfer (automatic),75.46,4082.86,No
7581-WBODO,Female,0,No,No,21,Yes,No,Fiber optic,Yes,Yes,No,No,Yes,Yes,Two year,No,Credit card (automatic),114.79,2426.16,No
5370-YBKQT,Male,0,No,No,12,Yes,No,No,No internet service,No internet service,No internet service,No internet service,No internet service,No internet service,One year,Yes,Electronic check,39.71,469.4,No
5873-WEPMP,Male,0,No,Yes,10,Yes,Yes,No,No internet service,No internet service,No internet service,No internet service,No internet service,No internet service,Month-to-month,No,Bank transfer (automatic),45.91,448.05,No
6190-MACWH,Female,0,Yes,Yes,16,Yes,Yes,No,No internet service,No internet service,No internet service,No internet service,No internet service,No internet service,One year,Yes,Electronic check,33.85,550.35,No
5179-JHGOH,Female,0,No,No,39,Yes,No,DSL,Yes,Yes,Yes,No,No,Yes,Month-to-month,Yes,Mailed check,86.57,3359.76,No
9321-WIPYY,Male,0,No,No,45,Yes,Yes,Fiber optic,No,No,No,No,No,No,Month-to-month,Yes,Mailed check,80.18,3599.55,No
4299-LTQMO,Female,0,Yes,Yes,54,Yes,No,DSL,No,Yes,Yes,No,Yes,Yes,Month-to-month,Yes,Mailed check,96.75,5268.31,No
1533-YTDCI,Female,1,No,No,70,Yes,Yes,Fiber optic,No,No,No,No,No,No,One year,No,Mailed check,80.61,5627.9,No
9893-TYUTC,Male,1,Yes,Yes,60,Yes,No,Fiber optic,No,No,No,Yes,No,No,One year,Yes,Mailed check,92.77,5570.93,No
2433-OKGKW,Female,0,No,No,26,Yes,Yes,Fiber optic,No,Yes,Yes,Yes,No,No,Month-to-month,Yes,Credit card (automatic),101.47,2605.74,Yes
1785-TQOHQ,Male,0,No,No,34,Yes,Yes,No,No internet service,No internet service,No internet service,No internet service,No internet service,No internet service,Month-to-month,Yes,Electronic check,36.41,1221.49,No
6508-YPAVQ,Male,0,No,No,69,Yes,Yes,No,No internet service,No internet service,No internet service,No internet service,No internet service,No internet service,Month-to-month,Yes,Mailed check,43.78,3004.55,No
1761-BLYBJ,Female,0,Yes,No,51,Yes,No,DSL,No,Yes,Yes,No,No,No,One year,No,Mailed check,76.24,3885.74,No
8241-GJAUA,Male,0,No,No,30,Yes,Yes,No,No internet service,No internet service,No internet service,No internet service,No internet service,No internet service,Two year,Yes,Credit card (automatic),44.11,1305.7,No
8017-ZGUVY,Female,0,No,Yes,60,Yes,Yes,No,No internet service,No internet service,No internet service,No internet service,No internet service,No internet service,Two year,No,Mailed check,45.68,2735.06,No
2569-KZHOT,Female,0,Yes,No,9,Yes,Yes,Fiber optic,No,Yes,No,No,No,Yes,Two year,Yes,Electronic check,101.23,900.85,No
5992-RMYDF,Male,0,No,Yes,49,Yes,Yes,DSL,No,No,Yes,No,No,Yes,Two year,Yes,Electronic check,80.71,3950.74,No
4683-OTPKS,Male,0,No,Yes,69,Yes,No,DSL,No,Yes,Yes,Yes,Yes,Yes,Two year,No,Electronic check,98.2,6742.38,No
4263-ZTXVT,Male,1,No,No,38,No,No phone service,Fiber optic,No,No,Yes,No,Yes,No,One year,No,Bank transfer (automatic),78.61,2955.81,No
5348-JNJPR,Female,0,No,No,44,Yes,Yes,DSL,No,No,No,Yes,No,Yes,Month-to-month,No,Mailed check,82.59,3649.37,No
4240-JPTCY,Male,0,Yes,No,4,Yes,No,DSL,Yes,No,No,No,Yes,No,One year,No,Electronic check,86.36,333.75,No
9603-PRRWR,Male,1,Yes,Yes,44,Yes,No,DSL,No,No,No,Yes,No,Yes,Month-to-month,Yes,Electronic check,78.71,3466.99,No
7905-PINDU,Female,0,Yes,Yes,21,Yes,No,Fiber optic,No,Yes,No,No,Yes,No,Month-to-month,No,Credit card (automatic),95.56,2014.36,Yes
3594-CSSTE,Female,0,Yes,Yes,72,Yes,No,Fiber optic,No,No,No,No,No,Yes,Month-to-month,Yes,Bank transfer (automatic),95.88,6904.62,No
7943-UPPDK,Female,0,Yes,No,23,Yes,Yes,DSL,Yes,Yes,No,No,No,No,Month-to-month,Yes,Credit card (automatic),78.39,1775.83,No
8367-LWFII,Male,1,No,No,22,Yes,No,No,No internet service,No internet service,No internet service,No internet service,No internet service,No internet service,One year,No,Electronic check,40.78,855.88,No
6244-EBIEM,Female,0,Yes,No,28,Yes,No,DSL,Yes,No,No,Yes,Yes,No,Month-to-month,No,Mailed check,83.68,2334.43,No
1255-FGAMV,Female,0,No,No,50,Yes,No,Fiber optic,No,No,No,No,No,No,Month-to-month,No,Electronic check,86.51,4325.93,No
9712-UVXJE,Female,0,Yes,No,69,Yes,No,Fiber optic,Yes,Yes,No,Yes,Yes,No,Two year,Yes,Electronic check,106.02,7343.03,No
9222-DRFRB,Male,0,Yes,No,25,Yes,No,Fiber optic,Yes,No,Yes,Yes,No,Yes,One year,No,Mailed check,108.75,2757.83,No
5569-QVROG,Female,0,No,No,15,Yes,No,DSL,Yes,No,No,No,No,Yes,Month-to-month,No,Electronic check,74.56,1125.05,No
8541-SJHEU,Male,0,No,No,55,Yes,Yes,Fiber optic,No,Yes,No,No,No,No,Month-to-month,Yes,Credit card (automatic),83.57,4594.31,No
9066-IFLUW,Female,0,Yes,No,39,Yes,No,Fiber optic,No,No,Yes,No,Yes,Yes,Month-to-month,Yes,Mailed check,111.46,4344.92,Yes
9773-TPDVJ,Male,0,No,No,33,Yes,No,DSL,No,Yes,Yes,No,No,Yes,Two year,Yes,Electronic check,79.53,2623.08,No
3112-HMLZG,Male,0,No,Yes,72,Yes,Yes,Fiber optic,No,No,Yes,No,No,Yes,Month-to-month,Yes,Mailed check,101.53,7295.99,Yes
4760-BFYZY,Female,0,Yes,Yes,36,No,No phone service,DSL,No,No,Yes,No,No,No,Two year,Yes,Credit card (automatic),56.3,2053.46,No
1893-IZNLQ,Female,0,No,No,45,Yes,No,No,No internet service,No internet service,No internet service,No internet service,No internet service,No internet service,Month-to-month,No,Credit card (automatic),38.67,1731.42,No
7242-FTVMG,Female,0,No,No,71,Yes,Yes,Fiber optic,No,No,Yes,No,No,No,Two year,Yes,Electronic check,88.32,6277.12,No
8376-IQDZD,Male,0,Yes,No,15,Yes,Yes,DSL,No,No,No,No,No,Yes,Month-to-month,No,Credit card (automatic),76.39,1151.95,Yes
8785-PKZHB,Female,1,No,No,65,Yes,Yes,No,No internet service,No internet service,No internet service,No internet service,No internet service,No internet service,Month-to-month,Yes,Electronic check,43.27,2765.37,No
7811-DBLUO,Male,1,No,Yes,70,Yes,Yes,Fiber optic,No,No,No,No,No,Yes,Month-to-month,Yes,Bank transfer (automatic),94.77,6612.91,Yes
9781-IECBW,Female,0,Yes,No,34,Yes,No,Fiber optic,No,Yes,Yes,No,Yes,No,Month-to-month,No,Bank transfer (automatic),103.89,3538.77,Yes
3818-QQXMQ,Female,0,No,No,24,Yes,Yes,No,No internet service,No internet service,No internet service,No internet service,No internet service,No internet service,Two year,No,Credit card (automatic),36.11,891.08,No
2887-LEMHP,Female,0,Yes,Yes,11,Yes,No,Fiber optic,No,Yes,No,No,Yes,No,One year,Yes,Mailed check,97.79,1079.23,No
9723-CZHEW,Female,0,Yes,No,3,Yes,No,DSL,No,Yes,No,No,Yes,Yes,Month-to-month,No,Bank transfer (automatic),83.54,263.9,No
2091-ZPOCQ,Female,0,Yes,No,71,Yes,No,No,No internet service,No internet service,No internet service,No internet service,No internet service,No internet service,One year,No,Bank transfer (automatic),47.03,3316.89,No
6327-UXYTA,Female,1,Yes,Yes,31,Yes,Yes,No,No internet service,No internet service,No internet service,No internet service,No internet service,No internet service,Month-to-month,Yes,Electronic check,37.36,1158.7,No
7866-SXOLE,Male,0,Yes,Yes,48,Yes,Yes,DSL,No,No,No,Yes,Yes,Yes,Two year,Yes,Credit card (automatic),92.75,4428.47,No
5898-XDRNJ,Male,0,Yes,No,17,Yes,No,DSL,No,No,No,No,No,No,Month-to-month,Yes,Credit card (automatic),66.14,1139.88,Yes
4145-AINPW,Male,1,No,No,23,Yes,No,Fiber optic,Yes,Yes,No,No,Yes,Yes,Month-to-month,Yes,Mailed check,118.12,2717.62,No
9180-WIZKF,Female,0,Yes,No,59,Yes,No,Fiber optic,Yes,No,Yes,No,Yes,No,Month-to-month,Yes,Credit card (automatic),106.79,6335.32,No
1089-VQUEU,Female,0,Yes,Yes,47,Yes,No,DSL,Yes,No,Yes,No,Yes,No,Month-to-month,No,Bank transfer (automatic),82.56,3879.88,No
5828-JOOTT,Male,0,No,Yes,16,Yes,No,No,No internet service,No internet service,No internet service,No internet service,No internet service,No internet service,Two year,Yes,Bank transfer (automatic),37.61,570.18,No
1984-BLPXR,Male,0,Yes,No,0,Yes,Yes,DSL,No,No,No,No,Yes,No,Month-to-month,No,Bank transfer (automatic),73.82, ,No
6810-MEXEV,Male,1,No,No,59,No,No phone service,No,No internet service,No internet service,No internet service,No internet service,No internet service,No internet service,Month-to-month,Yes,Bank transfer (automatic),20.93,1225.68,No
5293-XDUIR,Male,0,No,Yes,5,Yes,Yes,No,No internet service,No internet service,No internet service,No internet service,No internet service,No internet service,Two year,Yes,Electronic check,41.4,226.04,No
4630-ZVIJZ,Male,0,Yes,No,2,Yes,No,DSL,Yes,No,No,No,Yes,No,Month-to-month,No,Electronic check,79.47,144.38,Yes
2704-HYFKW,Female,0,Yes,Yes,21,Yes,No,Fiber optic,No,Yes,Yes,No,Yes,No,Month-to-month,No,Mailed check,113.1,2400.11,No
2692-WYGUJ,Female,1,No,No,67,Yes,Yes,DSL,No,Yes,No,Yes,No,No,One year,Yes,Bank transfer (automatic),77.94,5194.2,No
5950-DQFSJ,Male,0,Yes,No,47,Yes,No,Fiber optic,No,No,No,Yes,Yes,No,Month-to-month,Yes,Electronic check,96.33,4555.75,Yes
8969-ELDBI,Male,0,No,No,3,Yes,Yes,Fiber optic,No,No,No,Yes,Yes,No,Two year,Yes,Electronic check,101.2,276.15,No
9666-UTWFH,Female,0,No,No,66,Yes,No,Fiber optic,No,No,No,No,No,No,One year,No,Electronic check,86.82,5714.37,No
3639-YZAQH,Female,1,No,Yes,68,Yes,No,Fiber optic,No,Yes,Yes,No,Yes,No,Month-to-month,No,Credit card (automatic),100.05,6816.98,No
3119-PCXIX,Female,0,Yes,No,50,Yes,No,Fiber optic,No,No,Yes,Yes,Yes,No,Month-to-month,No,Credit card (automatic),100.73,5079.33,Yes
1975-UBLFX,Male,0,No,No,5,Yes,No,DSL,No,Yes,Yes,Yes,No,Yes,Month-to-month,No,Electronic check,88.36,443.49,No
3792-ASBTR,Male,1,Yes,Yes,1,Yes,No,DSL,No,No,Yes,No,Yes,No,Month-to-month,Yes,Bank transfer (automatic),80.22,52.14,No
7467-ERZEN,Male,0,No,No,63,No,No phone service,Fiber optic,No,No,No,Yes,No,No,One year,Yes,Bank transfer (automatic),72.27,4506.26,No
3992-DCYUI,Female,0,No,Yes,60,Yes,Yes,No,No internet service,No internet service,No internet service,No internet service,No internet service,No internet service,Two year,No,Electronic check,41.74,2523.44,No
3107-HHDOX,Female,0,Yes,Yes,60,Yes,No,Fiber optic,Yes,Yes,No,No,No,No,Month-to-month,Yes,Mailed check,98.94,5969.36,No
7637-TWUEK,Female,0,Yes,No,35,Yes,No,Fiber optic,Yes,Yes,No,No,No,No,Two year,Yes,Electronic check,100.07,3524.31,No
3287-QZSEZ,Male,0,Yes,No,43,Yes,No,No,No internet service,No internet service,No internet service,No internet service,No internet service,No internet service,Month-to-month,No,Mailed check,39.75,1712.62,No
6320-OFHVD,Male,0,No,Yes,12,Yes,Yes,DSL,No,No,No,No,No,No,Two year,Yes,Electronic check,65.19,767.0,No
2858-GWADD,Female,0,Yes,Yes,2,Yes,Yes,No,No internet service,No internet service,No internet service,No internet service,No internet service,No internet service,Month-to-month,Yes,Electronic check,38.15,86.54,No
2375-NXAYC,Female,0,No,Yes,16,Yes,No,DSL,No,No,No,Yes,No,No,Two year,Yes,Credit card (automatic),69.17,1113.71,No
3381-BYNSA,Female,0,No,No,45,Yes,No,DSL,No,No,Yes,No,Yes,No,Month-to-month,Yes,Mailed check,82.41,3747.99,No
6393-NJPIF,Male,1,Yes,No,29,Yes,No,No,No internet service,No internet service,No internet service,No internet service,No internet service,No internet service,Month-to-month,Yes,Electronic check,38.55,1128.28,Yes
7775-XVZLY,Male,0,No,Yes,45,Yes,No,Fiber optic,Yes,No,No,Yes,Yes,Yes,Month-to-month,Yes,Electronic check,120.0,5417.7,No
9118-XECOI,Male,0,Yes,No,32,Yes,Yes,No,No internet service,No internet service,No internet service,No internet service,No internet service,No internet service,Two year,Yes,Electronic check,38.89,1242.07,No
4716-GEFWP,Female,0,Yes,No,40,Yes,Yes,Fiber optic,No,No,No,No,No,Yes,Two year,No,Electronic check,97.49,3879.83,No
6951-VZWXF,Female,0,No,No,69,Yes,Yes,DSL,No,No,No,No,No,No,One year,Yes,Electronic check,62.94,4342.03,No
1118-JLUEU,Female,0,Yes,No,46,Yes,Yes,DSL,No,No,No,No,No,Yes,Month-to-month,Yes,Electronic check,70.33,3186.76,Yes
7347-WOCUC,Male,0,No,No,69,Yes,No,Fiber optic,No,No,No,No,Yes,No,One year,No,Mailed check,97.69,6740.19,No
2877-TJSUV,Female,0,No,No,70,Yes,Yes,Fiber optic,No,No,Yes,No,Yes,No,Month-to-month,Yes,Bank transfer (automatic),93.02,6517.61,No
4192-YIZTN,Male,0,Yes,No,45,Yes,Yes,Fiber optic,Yes,Yes,Yes,No,No,Yes,One year,Yes,Credit card (automatic),107.24,4814.56,No
8992-VPKXW,Female,0,No,Yes,72,Yes,No,DSL,Yes,No,No,Yes,No,Yes,Month-to-month,No,Electronic check,79.95,5763.46,No
9567-TSOXJ,Female,1,Yes,Yes,18,Yes,No,DSL,Yes,Yes,No,No,Yes,No,Two year,Yes,Electronic check,83.86,1530.94,No
3363-VMTKP,Female,0,No,Yes,37,Yes,Yes,Fiber optic,No,No,Yes,No,Yes,Yes,One year,Yes,Electronic check,115.93,4291.94,No
2768-OPEHO,Female,0,No,No,5,Yes,Yes,DSL,No,No,Yes,Yes,No,Yes,Month-to-month,Yes,Mailed check,81.03,403.17,No
8621-EJERK,Female,0,No,Yes,6,Yes,No,Fiber optic,No,No,No,No,No,Yes,One year,Yes,Electronic check,93.48,552.97,Yes
8008-XPOVQ,Male,0,No,No,9,Yes,No,DSL,No,No,No,Yes,Yes,Yes,Month-to-month,No,Electronic check,95.2,851.61,Yes
9924-NCHLE,Male,0,Yes,Yes,9,Yes,No,No,No internet service,No internet service,No internet service,No internet service,No internet service,No internet service,Month-to-month,Yes,Credit card (automatic),41.06,409.01,No
6392-YOKKN,Female,1,No,No,29,Yes,Yes,Fiber optic,No,Yes,Yes,No,No,No,Month-to-month,Yes,Bank transfer (automatic),95.94,2766.32,No
8164-IKNZY,Female,1,Yes,Yes,52,No,No phone service,DSL,No,No,No,No,Yes,No,Month-to-month,Yes,Credit card (automatic),49.44,2558.15,No
2099-SDTNW,Male,0,No,No,71,Yes,No,Fiber optic,No,No,Yes,No,No,Yes,Month-to-month,Yes,Mailed check,93.3,6643.19,No
2936-XYTJS,Female,1,Yes,No,71,Yes,No,Fiber optic,No,Yes,Yes,No,No,No,One year,No,Credit card (automatic),91.95,6513.0,Yes
8279-YIGLR,Male,0,Yes,No,13,Yes,No,Fiber optic,No,Yes,Yes,Yes,No,No,One year,Yes,Mailed check,108.0,1421.56,Yes
9231-HFFLD,Female,0,Yes,No,31,Yes,No,DSL,No,No,Yes,No,Yes,Yes,Month-to-month,Yes,Electronic check,90.81,2796.38,No
8396-NSRVJ,Male,0,Yes,No,31,No,No phone service,Fiber optic,No,Yes,No,Yes,No,Yes,Two year,No,Mailed check,91.48,2835.66,No
5243-GBNSI,Female,0,Yes,No,7,Yes,No,No,No internet service,No internet service,No internet service,No internet service,No internet service,No internet service,Two year,Yes,Credit card (automatic),41.81,311.23,No
4440-FCESM,Male,0,Yes,No,2,Yes,Yes,DSL,No,No,Yes,Yes,No,No,Month-to-month,No,Credit card (automatic),76.78,129.01,No
1204-KIHQI,Male,1,No,No,25,Yes,No,Fiber optic,No,Yes,No,No,Yes,No,Month-to-month,No,Electronic check,94.93,2387.9,Yes
1255-LCFZL,Female,0,No,No,62,Yes,No,DSL,No,Yes,No,Yes,No,No,Two year,Yes,Credit card (automatic),74.23,4620.27,No
1768-FEQGW,Female,0,Yes,No,28,Yes,Yes,Fiber optic,Yes,Yes,Yes,No,Yes,No,Month-to-month,Yes,Mailed check,103.78,2900.53,Yes
5447-NTXSY,Male,0,No,No,27,Yes,Yes,Fiber optic,No,No,No,No,No,Yes,Month-to-month,Yes,Mailed check,91.9,2506.92,No
5493-MKDRJ,Female,0,Yes,No,72,Yes,Yes,DSL,Yes,No,No,No,No,No,Two year,Yes,Electronic check,71.0,5108.54,No
4289-EZAJD,Male,1,No,No,27,Yes,No,DSL,Yes,No,Yes,No,No,Yes,Two year,Yes,Bank transfer (automatic),81.3,2193.04,No
6258-RHUZQ,Male,0,Yes,No,50,Yes,No,Fiber optic,No,Yes,Yes,Yes,No,Yes,Two year,Yes,Bank transfer (automatic),113.27,5677.81,No
1725-IUFWK,Male,0,No,Yes,71,Yes,No,Fiber optic,No,Yes,No,No,Yes,Yes,Two year,No,Credit card (automatic),110.98,7904.26,No
6084-HSXPV,Male,0,Yes,Yes,8,No,No phone service,No,No internet service,No internet service,No internet service,No internet service,No internet service,No internet service,Month-to-month,No,Credit card (automatic),18.0,87.47,No
2591-CXQYL,Female,0,Yes,No,37,Yes,No,Fiber optic,Yes,Yes,No,Yes,Yes,Yes,One year,Yes,Bank transfer (automatic),120.0,4398.34,No
9595-PJMGF,Female,0,No,No,24,Yes,No,No,No internet service,No internet service,No internet service,No internet service,No internet service,No internet service,Two year,Yes,Electronic check,40.84,954.4,No
2610-KUZXS,Male,0,No,No,8,Yes,No,No,No internet service,No internet service,No internet service,No internet service,No internet service,No internet service,Month-to-month,Yes,Electronic check,43.98,364.31,No
1621-BWPJF,Male,0,No,No,3,Yes,Yes,DSL,No,No,Yes,No,No,No,Month-to-month,No,Mailed check,64.49,197.87,No
8702-SPHSX,Female,0,Yes,No,47,Yes,Yes,No,No internet service,No internet service,No internet service,No internet service,No internet service,No internet service,Month-to-month,Yes,Electronic check,44.24,2041.61,No
8976-EIUFC,Female,0,No,No,47,No,No phone service,No,No internet service,No internet service,No internet service,No internet service,No internet service,No internet service,One year,No,Bank transfer (automatic),23.27,1132.48,No
3131-LHQJM,Male,0,No,No,41,Yes,No,Fiber optic,No,Yes,No,No,No,Yes,One year,Yes,Electronic check,99.17,4077.35,Yes
9880-HMGIZ,Male,0,Yes,Yes,49,Yes,No,Fiber optic,No,Yes,No,Yes,No,No,Two year,No,Electronic check,91.46,4476.37,No
6636-KIOGY,Male,1,Yes,No,52,Yes,No,Fiber optic,Yes,No,No,No,No,Yes,Month-to-month,Yes,Electronic check,96.75,5041.06,No
7216-EPNOV,Male,1,Yes,No,4,Yes,No,DSL,Yes,No,No,Yes,Yes,No,One year,Yes,Credit card (automatic),85.13,334.29,No
3387-QGINW,Female,0,Yes,Yes,2,Yes,No,DSL,No,Yes,No,No,No,No,Month-to-month,Yes,Bank transfer (automatic),67.74,157.32,No
5359-TXIAC,Female,0,Yes,No,24,Yes,Yes,DSL,No,No,Yes,No,Yes,No,Two year,No,Mailed check,80.44,1957.54,No
5420-QUYJZ,Female,1,Yes,No,41,Yes,Yes,Fiber optic,Yes,No,Yes,Yes,No,No,One year,Yes,Mailed check,101.14,4178.09,No
6750-WYLWP,Female,0,No,Yes,65,Yes,No,Fiber optic,No,Yes,No,Yes,No,No,One year,Yes,Electronic check,92.15,5999.49,No
7043-QACBM,Male,0,No,No,71,Yes,No,DSL,No,No,No,No,No,Yes,Month-to-month,Yes,Credit card (automatic),73.34,5209.37,No
1232-EOWYS,Female,0,No,No,60,Yes,No,DSL,No,Yes,No,No,No,Yes,Month-to-month,No,Electronic check,78.32,4719.9,No
6040-CQEWR,Female,0,No,No,21,Yes,Yes,DSL,No,No,No,No,Yes,No,Month-to-month,Yes,Electronic check,77.61,1663.82,No
3922-WOOCW,Female,0,Yes,Yes,41,Yes,No,No,No internet service,No internet service,No internet service,No internet service,No internet service,No internet service,Two year,Yes,Mailed check,38.37,1567.96,No
1089-IGFNY,Male,0,No,Yes,8,Yes,No,No,No internet service,No internet service,No internet service,No internet service,No internet service,No internet service,Month-to-month,Yes,Electronic check,48.17,414.5,Yes
6677-DBHIJ,Female,0,No,No,35,Yes,Yes,DSL,Yes,No,Yes,No,No,No,Two year,Yes,Mailed check,73.04,2545.43,No
2743-NUIYG,Male,1,No,Yes,7,No,No phone service,No,No internet service,No internet service,No internet service,No internet service,No internet service,No internet service,Month-to-month,No,Credit card (automatic),21.75,136.55,No
2427-GLLIY,Female,0,Yes,No,72,Yes,No,No,No internet service,No internet service,No internet service,No internet service,No internet service,No internet service,Month-to-month,Yes,Bank transfer (automatic),36.53,2637.62,No
4541-ZUNND,Female,0,No,No,32,Yes,Yes,No,No internet service,No internet service,No internet service,No internet service,No internet service,No internet service,Month-to-month,Yes,Electronic check,35.75,1129.29,Yes
2807-UQIJD,Female,0,No,No,52,Yes,No,No,No internet service,No internet service,No internet service,No internet service,No internet service,No internet service,Month-to-month,No,Electronic check,39.05,1992.67,No
6243-WYAPB,Female,0,No,No,7,Yes,No,Fiber optic,Yes,No,No,No,Yes,Yes,Month-to-month,No,Mailed check,105.88,737.37,No
5727-JQFES,Female,0,No,No,69,Yes,Yes,DSL,No,No,No,No,No,Yes,Month-to-month,No,Electronic check,70.81,4934.31,No
4165-ZUMNX,Male,0,No,Yes,38,Yes,No,No,No internet service,No internet service,No internet service,No internet service,No internet service,No internet service,Month-to-month,Yes,Electronic check,38.4,1422.09,No
1946-RTDVW,Female,0,No,Yes,5,Yes,No,No,No internet service,No internet service,No internet service,No internet service,No internet service,No internet service,One year,No,Electronic check,40.87,221.75,No
4671-UBHSN,Female,0,No,No,26,Yes,Yes,DSL,Yes,No,No,Yes,Yes,Yes,Month-to-month,No,Electronic check,91.76,2380.76,No
7310-EMCNH,Male,0,No,No,15,Yes,No,Fiber optic,Yes,Yes,No,Yes,Yes,No,One year,Yes,Electronic check,113.93,1694.96,No
1182-SNAUL,Male,0,No,Yes,5,Yes,No,Fiber optic,No,No,No,Yes,No,Yes,One year,Yes,Mailed check,100.98,488.09,No
2541-OCNGT,Male,1,Yes,No,2,Yes,No,Fiber optic,No,No,No,No,Yes,No,Month-to-month,Yes,Credit card (automatic),94.24,190.49,Yes
6484-FJZPM,Female,0,No,Yes,52,Yes,Yes,Fiber optic,No,No,Yes,No,No,No,Month-to-month,No,Bank transfer (automatic),92.0,4778.43,Yes
1343-TBXUG,Female,0,Yes,No,63,Yes,No,DSL,No,No,No,Yes,No,No,Month-to-month,No,Electronic check,66.18,4181.5,No
3226-ZBQHG,Female,0,Yes,No,48,Yes,Yes,Fiber optic,No,No,No,No,No,No,Month-to-month,No,Mailed check,81.32,3947.63,No
2177-NIHDT,Female,0,Yes,No,50,Yes,Yes,DSL,No,No,No,No,No,Yes,Month-to-month,No,Electronic check,67.92,3400.69,No
8870-UPKBR,Female,0,No,No,2,Yes,No,DSL,No,No,No,Yes,No,Yes,One year,Yes,Electronic check,80.5,148.86,Yes
1697-FDIVQ,Female,0,Yes,Yes,12,No,No phone service,Fiber optic,No,No,Yes,No,No,Yes,Month-to-month,Yes,Mailed check,86.68,1048.01,Yes
6254-GCROD,Male,0,Yes,No,2,Yes,No,Fiber optic,Yes,No,No,No,Yes,No,Two year,Yes,Electronic check,100.97,189.14,No
5009-REHGL,Male,0,Yes,No,71,Yes,Yes,Fiber optic,Yes,No,No,No,Yes,Yes,One year,No,Bank transfer (automatic),103.67,7351.4,No
3461-OZCEP,Male,1,No,No,53,Yes,No,DSL,Yes,No,Yes,No,No,No,Month-to-month,No,Electronic check,72.41,3824.12,No
6581-VWYFR,Female,0,No,Yes,69,Yes,No,Fiber optic,No,Yes,No,No,Yes,Yes,One year,Yes,Electronic check,112.24,7763.65,Yes
8157-SNYTY,Male,0,No,No,66,Yes,No,DSL,No,No,No,No,Yes,No,Month-to-month,No,Bank transfer (automatic),66.6,4413.1,No
3752-QODEP,Male,1,Yes,No,16,Yes,No,DSL,Yes,Yes,Yes,No,Yes,Yes,Month-to-month,Yes,Bank transfer (automatic),102.52,1636.87,No
3943-JHYBT,Male,0,Yes,Yes,37,Yes,Yes,No,No internet service,No internet service,No internet service,No internet service,No internet service,No internet service,Two year,Yes,Credit card (automatic),42.47,1542.21,No
2106-QFGCI,Female,0,No,Yes,47,Yes,No,Fiber optic,No,No,Yes,No,No,No,Month-to-month,Yes,Electronic check,86.67,4055.72,Yes
9285-HLMZL,Female,0,Yes,Yes,54,Yes,Yes,Fiber optic,Yes,No,No,No,No,No,Month-to-month,Yes,Credit card (automatic),94.97,5127.54,Yes
2048-NSDEL,Female,0,No,No,48,Yes,Yes,Fiber optic,No,Yes,Yes,No,Yes,No,Two year,No,Mailed check,100.4,4842.69,No
7577-WQCBA,Male,0,No,Yes,33,Yes,No,DSL,No,No,Yes,Yes,Yes,No,Two year,Yes,Credit card (automatic),79.06,2548.49,No
7428-PPGGN,Female,0,No,No,0,Yes,Yes,DSL,No,Yes,No,No,Yes,No,Month-to-month,No,Electronic check,76.88, ,Yes
8728-DPYYR,Female,0,Yes,No,68,Yes,Yes,Fiber optic,Yes,No,Yes,Yes,No,Yes,One year,Yes,Credit card (automatic),110.76,7545.24,No
7476-IYWUT,Female,0,Yes,No,50,Yes,Yes,No,No internet service,No internet service,No internet service,No internet service,No internet service,No internet service,Two year,Yes,Credit card (automatic),45.45,2286.55,No
2606-EFYNB,Male,0,No,Yes,61,Yes,Yes,Fiber optic,No,No,Yes,No,Yes,Yes,One year,No,Electronic check,109.73,6707.9,No
7980-ZVFGB,Male,1,Yes,No,16,Yes,Yes,No,No internet service,No internet service,No internet service,No internet service,No internet service,No internet service,Month-to-month,No,Electronic check,38.4,635.65,Yes
8808-OBLLK,Female,1,No,Yes,7,Yes,Yes,No,No internet service,No internet service,No internet service,No internet service,No internet service,No internet service,Two year,No,Bank transfer (automatic),38.17,262.74,No
1067-XFAZH,Male,0,No,Yes,65,Yes,Yes,DSL,No,Yes,No,No,Yes,Yes,Month-to-month,Yes,Electronic check,89.36,5823.46,Yes
7649-GUEHE,Female,0,Yes,No,58,No,No phone service,No,No internet service,No internet service,No internet service,No internet service,No internet service,No internet service,Month-to-month,Yes,Electronic check,23.83,1345.21,No
2423-GGEXF,Female,0,Yes,No,61,Yes,No,Fiber optic,No,No,No,No,Yes,No,Month-to-month,Yes,Credit card (automatic),96.32,5866.64,No
4836-OXEMY,Male,0,No,No,32,Yes,No,Fiber optic,Yes,No,Yes,Yes,Yes,Yes,Month-to-month,Yes,Bank transfer (automatic),117.88,3779.1,No
4862-HTOKU,Female,0,Yes,No,66,Yes,No,Fiber optic,No,No,Yes,Yes,No,Yes,Month-to-month,Yes,Credit card (automatic),104.51,6887.83,No
8563-TTALK,Male,0,No,No,16,Yes,No,Fiber optic,Yes,No,Yes,No,Yes,Yes,Month-to-month,Yes,Credit card (automatic),108.78,1720.23,No
1941-UHYBS,Female,0,No,Yes,55,Yes,No,DSL,No,No,No,No,No,Yes,Month-to-month,Yes,Bank transfer (automatic),70.44,3861.36,No
2662-KMOLT,Male,0,No,No,36,Yes,No,DSL,Yes,Yes,No,No,Yes,Yes,Two year,Yes,Bank transfer (automatic),98.12,3545.62,No
1025-LJXXI,Male,0,Yes,No,12,No,No phone service,DSL,No,Yes,Yes,No,No,No,Month-to-month,Yes,Bank transfer (automatic),59.58,712.78,No
9566-YSSTX,Male,0,Yes,No,52,Yes,Yes,DSL,No,Yes,No,No,Yes,Yes,Month-to-month,Yes,Mailed check,89.72,4664.69,No
5589-ZBAJV,Male,0,No,Yes,26,Yes,Yes,DSL,No,Yes,No,No,Yes,No,Two year,Yes,Electronic check,83.23,2171.75,No
1433-KOEQM,Female,0,No,No,11,Yes,No,DSL,Yes,No,No,No,No,No,Month-to-month,No,Bank transfer (automatic),68.08,754.32,Yes
9767-RPDRY,Male,0,No,Yes,51,Yes,No,No,No internet service,No internet service,No internet service,No internet service,No internet service,No internet service,One year,Yes,Credit card (automatic),41.68,2155.07,No
6920-XMZKH,Male,1,No,Yes,56,No,No phone service,DSL,No,Yes,No,No,No,Yes,Month-to-month,Yes,Electronic check,62.01,3496.18,No
2142-MAWSP,Male,0,No,No,23,Yes,No,No,No internet service,No internet service,No internet service,No internet service,No internet service,No internet service,One year,Yes,Electronic check,40.29,935.26,No
8947-VSAUN,Male,0,Yes,No,70,Yes,No,Fiber optic,No,No,No,No,Yes,No,Month-to-month,Yes,Credit card (automatic),91.43,6394.61,Yes
2494-XHTGC,Male,0,Yes,No,51,Yes,Yes,DSL,No,No,Yes,No,No,No,Month-to-month,No,Electronic check,79.69,4091.39,Yes
9394-UXHCQ,Female,0,No,No,1,Yes,Yes,DSL,No,No,Yes,No,No,No,One year,No,Mailed check,65.65,99.52,No
6731-JOWFW,Female,0,Yes,Yes,24,Yes,No,DSL,Yes,No,Yes,Yes,No,No,Month-to-month,Yes,Bank transfer (automatic),86.06,2034.91,No
9396-YIOLO,Male,0,No,No,71,Yes,Yes,Fiber optic,No,No,Yes,No,No,Yes,Month-to-month,Yes,Electronic check,96.05,6818.18,No
5393-DJQVZ,Female,0,Yes,Yes,12,Yes,No,DSL,No,Yes,No,No,No,No,Month-to-month,No,Mailed check,62.25,743.56,No
6537-WOJOG,Female,0,Yes,No,69,Yes,No,No,No internet service,No internet service,No internet service,No internet service,No internet service,No internet service,One year,Yes,Bank transfer (automatic),38.89,2664.48,No
3356-JWVLO,Male,1,Yes,Yes,37,Yes,No,Fiber optic,Yes,No,No,No,No,Yes,Month-to-month,Yes,Electronic check,101.8,3756.98,Yes
3523-GXPLI,Female,1,No,No,49,Yes,No,Fiber optic,Yes,Yes,Yes,No,No,Yes,One year,Yes,Mailed check,107.43,5256.84,Yes
7236-PJJJT,Male,0,No,No,50,Yes,Yes,Fiber optic,No,No,Yes,No,No,No,One year,Yes,Mailed check,92.26,4634.68,No
5394-MYOZB,Male,0,Yes,Yes,37,Yes,No,Fiber optic,No,No,No,No,Yes,No,Month-to-month,No,Mailed check,94.43,3466.42,No
2130-YHBDD,Male,0,Yes,No,37,Yes,No,No,No internet service,No internet service,No internet service,No internet service,No internet service,No internet service,Two year,Yes,Electronic check,47.31,1755.7,No
7095-CLFNL,Male,0,Yes,No,41,Yes,No,Fiber optic,No,No,No,No,No,No,Two year,Yes,Credit card (automatic),77.91,3179.15,No
8400-BFILT,Female,0,Yes,Yes,46,Yes,No,DSL,Yes,Yes,No,No,No,No,Month-to-month,Yes,Credit card (automatic),72.84,3375.6,Yes
3026-RMBZV,Female,0,No,No,53,Yes,Yes,No,No internet service,No internet service,No internet service,No internet service,No internet service,No internet service,Month-to-month,Yes,Credit card (automatic),45.88,2434.06,No
7499-JUVPK,Male,0,Yes,Yes,31,Yes,Yes,No,No internet service,No internet service,No internet service,No internet service,No internet service,No internet service,Month-to-month,No,Mailed check,38.26,1205.18,No
2103-XFWHI,Female,0,Yes,No,31,Yes,Yes,No,No internet service,No internet service,No internet service,No internet service,No internet service,No internet service,Two year,Yes,Bank transfer (automatic),34.9,1084.13,No
4888-PKLFL,Female,0,Yes,No,56,Yes,No,No,No internet service,No internet service,No internet service,No internet service,No internet service,No internet service,Month-to-month,Yes,Credit card (automatic),42.95,2373.09,No
7242-LLQSK,Female,0,No,No,55,Yes,Yes,Fiber optic,No,Yes,No,Yes,No,Yes,Month-to-month,No,Credit card (automatic),108.7,5968.21,Yes
6426-QIHUX,Female,0,No,No,47,Yes,Yes,Fiber optic,Yes,Yes,No,Yes,No,No,Two year,No,Credit card (automatic),100.89,4776.55,No
6670-XURTP,Female,0,No,No,33,Yes,Yes,Fiber optic,No,No,Yes,No,No,Yes,One year,Yes,Electronic check,98.15,3250.81,No
1890-QPJUK,Male,0,No,No,41,Yes,No,Fiber optic,No,No,No,No,No,Yes,Month-to-month,Yes,Electronic check,94.17,3901.47,No
4179-NXHMH,Female,0,No,No,41,Yes,No,No,No internet service,No internet service,No internet service,No internet service,No internet service,No internet service,One year,Yes,Mailed check,37.65,1574.7,No
7766-NDRZM,Female,1,Yes,No,31,Yes,Yes,Fiber optic,No,No,No,No,No,No,Two year,Yes,Bank transfer (automatic),84.65,2612.15,No
2018-FOJYS,Female,0,No,No,13,Yes,No,Fiber optic,No,No,No,No,Yes,Yes,Month-to-month,Yes,Credit card (automatic),107.94,1377.16,Yes
2484-UOTSR,Female,1,No,Yes,39,Yes,No,Fiber optic,No,Yes,Yes,No,No,Yes,Month-to-month,Yes,Electronic check,108.75,4263.79,Yes
5932-GJKFO,Male,0,Yes,Yes,32,Yes,Yes,DSL,Yes,No,No,No,Yes,No,One year,No,Mailed check,77.03,2486.06,No
1772-YFEUP,Male,0,No,No,3,Yes,Yes,Fiber optic,No,Yes,No,No,No,No,Month-to-month,No,Mailed check,86.02,258.95,No
1532-KVKQT,Male,0,No,No,69,Yes,Yes,Fiber optic,No,Yes,No,No,No,No,Two year,Yes,Bank transfer (automatic),93.3,6408.76,No
9336-RQNMB,Male,0,No,Yes,48,Yes,Yes,DSL,Yes,No,Yes,No,No,No,Month-to-month,Yes,Mailed check,76.01,3637.88,No
3506-CGNWV,Female,0,Yes,No,8,Yes,No,DSL,No,Yes,Yes,No,Yes,No,One year,Yes,Credit card (automatic),84.61,680.38,No
1488-MJOCZ,Female,0,Yes,Yes,14,Yes,No,DSL,Yes,Yes,No,Yes,Yes,No,Two year,No,Bank transfer (automatic),88.72,1257.7,No
3371-GRNMT,Female,0,No,No,41,No,No phone service,DSL,Yes,Yes,Yes,No,No,Yes,Month-to-month,Yes,Mailed check,65.31,2657.92,Yes
1876-YBVON,Female,0,Yes,No,62,Yes,Yes,Fiber optic,No,Yes,No,No,Yes,No,Month-to-month,No,Electronic check,99.83,6210.2,No
5553-QEVOJ,Female,1,Yes,No,35,Yes,Yes,Fiber optic,No,No,No,No,No,Yes,Two year,Yes,Bank transfer (automatic),93.35,3283.33,No
3633-UVOGI,Female,1,Yes,No,59,No,No phone service,Fiber optic,No,Yes,Yes,No,No,Yes,One year,No,Electronic check,86.97,5147.59,No
8080-LHXVP,Female,0,No,No,9,Yes,No,Fiber optic,Yes,No,No,Yes,No,No,Month-to-month,Yes,Bank transfer (automatic),100.74,917.43,Yes
1101-XYYDR,Female,0,No,Yes,38,Yes,No,DSL,No,No,Yes,No,No,No,Month-to-month,Yes,Electronic check,68.62,2564.25,No
6513-BDYCT,Female,1,No,No,60,No,No phone service,No,No internet service,No internet service,No internet service,No internet service,No internet service,No internet service,Month-to-month,Yes,Electronic check,19.05,1149.35,No
8828-KLLNA,Male,0,No,Yes,61,Yes,No,Fiber optic,No,No,No,Yes,No,Yes,Month-to-month,Yes,Mailed check,97.18,5920.35,No
1692-WJYBC,Female,0,Yes,No,17,Yes,No,Fiber optic,No,Yes,Yes,No,Yes,Yes,Month-to-month,Yes,Mailed check,112.87,1930.45,Yes
4876-TDNHD,Female,0,Yes,No,48,Yes,Yes,DSL,Yes,No,No,Yes,No,Yes,One year,No,Credit card (automatic),87.22,4154.76,No
3253-RXUCO,Female,0,Yes,Yes,2,No,No phone service,No,No internet service,No internet service,No internet service,No internet service,No internet service,No internet service,Month-to-month,No,Bank transfer (automatic),23.24,6.17,No
2978-ETZEM,Male,0,Yes,Yes,10,Yes,Yes,Fiber optic,No,No,No,Yes,Yes,Yes,One year,Yes,Mailed check,110.94,1121.32,No
